substance_a,substance_b,substance_a_norm,substance_b_norm,severity,ansm_codes,mechanism,conduct,source_page
ABATACEPT,ANTI-TNF ALPHA,abatacept,anti-tnf alpha,high,ASDEC,Majoration de l’immunodépression.,,3
ABATACEPT,VACCINS VIVANTS ATTÉNUÉS,abatacept,vaccins vivants attenues,high,ASDEC,"Risque de maladie vaccinale généralisée, éventuellement mortelle.",ainsi que pendant les 3 mois suivant l'arrêt du traitement.,3
ABIRATERONE,INDUCTEURS ENZYMATIQUES PUISSANTS,abiraterone,inducteurs enzymatiques puissants,high,ASDEC,"Diminution notable des concentrations plasmatiques de l’abiratérone, avec risque de moindre efficacité.",,3
ABIRATERONE,METOPROLOL,abiraterone,metoprolol,moderate,PE,"Chez l'insuffisant cardiaque, risque d'augmentation des effets indésirables du métoprolol, par diminution de son métabolisme hépatique par l'abiratérone.","Surveillance clinique. Si besoin, adaptation de la posologie du métoprolol pendant le traitement par l'abiratérone.",3
ABIRATERONE,PROPAFENONE,abiraterone,propafenone,moderate,PE,"Risque d'augmentation des effets indésirables de la propafénone, par diminution de son métabolisme hépatique par l'abiratérone.","Surveillance clinique. Si besoin, adaptation de la posologie de la propafénone pendant le traitement par l'abiratérone.",3
ABIRATERONE,RIFAMPICINE,abiraterone,rifampicine,high,ASDEC,"Diminution notable des concentrations plasmatiques de l’abiratérone, avec risque de moindre efficacité.",,3
ABROCITINIB,FLUCONAZOLE,abrocitinib,fluconazole,moderate,PE,Risque de majoration des effets indésirables de l’abrocitinib par diminution de son métabolisme.,Réduire la posologie de l’abrocitinib de moitié en cas de traitement par le fluconazole.,3
ABROCITINIB,FLUVOXAMINE,abrocitinib,fluvoxamine,moderate,PE,Risque de majoration des effets indésirables de l’abrocitinib par diminution de son métabolisme.,Réduire la posologie de l’abrocitinib de moitié en cas de traitement par la fluvoxamine.,3
ACETAZOLAMIDE,ACIDE ACETYLSALICYLIQUE,acetazolamide,acide acetylsalicylique,high,ASDEC,"Majoration des effets indésirables, et notamment de l'acidose métabolique, de l'acide acétylsalicylique à doses élevées et de l'acétazolamide, par diminution de l'élimination de l'acide acétylsalicylique par l'acétazolamide.",,3
ACETAZOLAMIDE,CARBAMAZEPINE,acetazolamide,carbamazepine,moderate,PE,Augmentation des concentrations plasmatiques de carbamazépine avec signes de surdosage.,"Surveillance clinique et, si besoin, contrôle des concentrations plasmatiques de carbamazépine et réduction éventuelle de sa posologie.",3
ACETAZOLAMIDE,LITHIUM,acetazolamide,lithium,moderate,PE,Diminution de la lithémie avec risque de baisse de l’efficacité thérapeutique.,Surveillance stricte de la lithémie et adaptation éventuelle de la posologie du lithium.,3
ACETAZOLAMIDE,"VALPROÏQUE (ACIDE) ET, PAR EXTRAPOLATION, VALPROMIDE",acetazolamide,"valproique (acide) et, par extrapolation, valpromide",moderate,PE,"Augmentation de l'hyperammoniémie, avec risque accru d'encéphalopathie.",Surveillance clinique et biologique régulière.,3
ACIDE ACETOHYDROXAMIQUE,FER,acide acetohydroxamique,fer,low,APEC,Diminution de l'absorption digestive de ces deux médicaments par chélation du fer.,,4
ACIDE ACETYLSALICYLIQUE,ACETAZOLAMIDE,acide acetylsalicylique,acetazolamide,high,ASDEC,"Majoration des effets indésirables, et notamment de l'acidose métabolique, de l'acide acétylsalicylique à doses élevées et de l'acétazolamide, par diminution de l'élimination de l'acide acétylsalicylique par l'acétazolamide.",,4
ACIDE ACETYLSALICYLIQUE,ANTAGONISTES DES RÉCEPTEURS DE L'ANGIOTENSINE II,acide acetylsalicylique,antagonistes des recepteurs de l'angiotensine ii,moderate,PE,"Pour des doses anti-inflammatoires d'acide acétylsalicylique (>= 1g par prise et/ou >= 3g par jour) ou pour des doses antalgiques ou antipyrétiques (>= 500 mg par prise et/ou < 3g par jour) : Insuffisance rénale aiguë chez le patient à risque (âgé, déshydraté, sous diurétiques, avec une fonction rénale altérée), par diminution de la filtration glomérulaire secondaire à une diminution de la synthèse des prostaglandines rénales. Par ailleurs, réduction de l'effet antihypertenseur.",Hydrater le malade et surveiller la fonction rénale en début de traitement et régulièrement pendant l’association.,4
ACIDE ACETYLSALICYLIQUE,ANTICOAGULANTS ORAUX,acide acetylsalicylique,anticoagulants oraux,critical,CI;ASDEC;APEC,"Majoration du risque hémorragique, notamment en cas d’antécédent d’ulcère gastro-duodénal.","Contre-indication avec : - des doses anti-inflammatoires d'acide acétylsalicylique (>=1g par prise et/ou >=3g par jour) - des doses antalgiques ou antipyrétiques (>=500 mg par prise et/ou <3g par jour) et en cas d’antécédent d’ulcère gastro-duodénal Association déconseillée avec : - des doses antalgiques ou antipyrétiques (>=500 mg par prise et/ou <3g par jour) en l'absence d’antécédent d’ulcère gastro-duodénal - des doses antiagrégantes (de 50 mg à 375 mg par jour) et en cas d’antécédent d’ulcère gastro-duodénal. Nécessité d'un contrôle le cas échéant, en particulier du temps de saignement. A prendre en compte avec : - des doses antiagrégantes (de 50 mg à 375 mg par jour)",4
ACIDE ACETYLSALICYLIQUE,ANTI-INFLAMMATOIRES NON STÉROÏDIENS,acide acetylsalicylique,anti-inflammatoires non steroidiens,high,ASDEC;APEC,Majoration du risque ulcérogène et hémorragique digestif.,Association déconseillée avec : - des doses anti-inflammatoires d'acide acétylsalicylique (>=1g par prise et/ou >=3g par jour) - des doses antalgiques ou antipyrétiques (>=500 mg par prise et/ou <3g par jour) A prendre en compte avec : - des doses antiagrégantes (de 50 mg à 375 mg par jour en 1 ou plusieurs prises),4
ACIDE ACETYLSALICYLIQUE,CLOPIDOGREL,acide acetylsalicylique,clopidogrel,high,ASDEC;PE,Majoration du risque hémorragique par addition des activités antiagrégantes plaquettaires.,Association déconseillée : - en dehors des indications validées pour cette association dans les syndromes coronariens aigus. Précaution d'emploi : - dans les indications validées pour cette association dans les syndromes coronariens aigus. Surveillance clinique.,4
ACIDE ACETYLSALICYLIQUE,DEFERASIROX,acide acetylsalicylique,deferasirox,low,APEC,Majoration du risque ulcérogène et hémorragique digestif.,A prendre en compte : - Pour des doses anti-inflammatoires d'acide acétylsalicylique ( 1g par prise et/ou 3g par jour) - Pour des doses antalgiques ou antipyrétiques d'acide acétylsalicylique ( 500 mg par prise et/ou <3g par jour) et ( 500 mg par prise et/ou <3g par jour),4
ACIDE ACETYLSALICYLIQUE,DIURÉTIQUES,acide acetylsalicylique,diuretiques,moderate,PE,"Pour des doses anti-inflammatoires d'acide acétylsalicylique (>= 1g par prise et/ou >= 3g par jour) ou pour des doses antalgiques ou antipyrétiques (>= 500 mg par prise et/ou < 3g par jour) : Insuffisance rénale aiguë chez le patient à risque (âgé, déshydraté, avec une fonction rénale altérée), par diminution de la filtration glomérulaire secondaire à une diminution de la synthèse des prostaglandines rénales. Par ailleurs, réduction de l'effet antihypertenseur.",Hydrater le malade et surveiller la fonction rénale en début de traitement et régulièrement pendant l’association.,4
ACIDE ACETYLSALICYLIQUE,GLUCOCORTICOÏDES (SAUF HYDROCORTISONE),acide acetylsalicylique,glucocorticoides (sauf hydrocortisone),high,ASDEC;APEC,Majoration du risque hémorragique.,Association déconseillée avec : - des doses anti-inflammatoires d'acide acétylsalicylique (>=1g par prise et/ou >=3g par jour) A prendre en compte avec : - des doses antalgiques ou antipyrétiques (>=500 mg par prise et/ou <3g par jour).,5
ACIDE ACETYLSALICYLIQUE,HÉPARINES (DOSES CURATIVES ET/OU SUJET ÂGÉ),acide acetylsalicylique,heparines (doses curatives et/ou sujet age),high,ASDEC;APEC,Augmentation du risque hémorragique (inhibition de la fonction plaquettaire et agression de la muqueuse gastroduodénale par l’acide acétylsalicylique.,Association déconseillée avec : - des doses anti-inflammatoires d'acide acétylsalicylique (>=1g par prise et/ou >=3g par jour) - des doses antalgiques ou antipyrétiques (>=500 mg par prise et/ou <3g par jour) Utiliser un autre anti-inflammatoire ou un autre antalgique ou antipyrétique. A prendre en compte avec : - des doses antiagrégantes (de 50 mg à 375 mg par jour).,5
ACIDE ACETYLSALICYLIQUE,HÉPARINES (DOSES PRÉVENTIVES),acide acetylsalicylique,heparines (doses preventives),low,APEC,"L’utilisation conjointe de médicaments agissant à divers niveaux de l’hémostase majore le risque de saignement. Ainsi, chez le sujet de moins de 65 ans, l’association de l'héparine à doses préventives, ou de substances apparentées, à l’acide acétylsalicylique, quelle que soit la dose, doit être prise en compte en maintenant une surveillance clinique et éventuellement biologique.",,5
ACIDE ACETYLSALICYLIQUE,INHIBITEURS DE L'ENZYME DE CONVERSION,acide acetylsalicylique,inhibiteurs de l'enzyme de conversion,moderate,PE,"Pour des doses anti-inflammatoires d'acide acétylsalicylique (>= 1g par prise et/ou >= 3g par jour) ou pour des doses antalgiques ou antipyrétiques (>= 500 mg par prise et/ou < 3g par jour) : Insuffisance rénale aiguë chez le patient à risque (âgé, déshydraté, sous diurétiques, avec une fonction rénale altérée), par diminution de la filtration glomérulaire secondaire à une diminution de la synthèse des prostaglandines rénales. Par ailleurs, réduction de l'effet antihypertenseur.",Hydrater le malade et surveiller la fonction rénale en début de traitement et régulièrement pendant l’association.,5
ACIDE ACETYLSALICYLIQUE,METHOTREXATE,acide acetylsalicylique,methotrexate,critical,CI;PE,"Majoration de la toxicité, notamment hématologique, du méthotrexate (diminution de sa clairance rénale par l'acide acétylsalicylique).","Avec le méthotrexate utilisé à des doses > 20 mg/semaine : - contre-indication avec l'acide acétylsalicylique utilisé à doses antalgiques, antipyrétiques ou anti-inflammatoires - précaution d'emploi avec des doses antiagrégantes plaquettaires d'acide acétylsalicylique. Contrôle hebdomadaire de l’hémogramme durant les premières semaines de l’association. Surveillance accrue en cas d’altération (même légère) de la fonction rénale, ainsi que chez le sujet âgé. Avec le méthotrexate utilisé à des doses =< 20 mg/semaine : - précaution d'emploi avec l'acide acétylsalicylique utilisé à doses antalgiques, antipyrétiques ou anti-inflammatoires. Contrôle hebdomadaire de l’hémogramme durant les premières semaines de l’association. Surveillance accrue en cas d’altération (même légère) de la fonction rénale, ainsi que chez le sujet âgé.",5
ACIDE ACETYLSALICYLIQUE,NICORANDIL,acide acetylsalicylique,nicorandil,high,ASDEC,Majoration du risque ulcérogène et hémorragique digestif.,,5
ACIDE ACETYLSALICYLIQUE,PEMETREXED,acide acetylsalicylique,pemetrexed,high,ASDEC;PE,Risque de majoration de la toxicité du pemetrexed (diminution de sa clairance rénale par l’acide acétylsalicylique à doses anti- inflammatoires).,Association déconseillée : - en cas de fonction rénale faible à modérée . Précaution d'emploi : - en cas de fonction rénale normale. Surveillance biologique de la fonction rénale.,5
ACIDE ACETYLSALICYLIQUE,PROBENECIDE,acide acetylsalicylique,probenecide,high,ASDEC,Diminution de l’effet uricosurique par compétition de l’élimination de l’acide urique au niveau des tubules rénaux.,,5
ACIDE ACETYLSALICYLIQUE,TICAGRELOR,acide acetylsalicylique,ticagrelor,high,ASDEC;PE,Majoration du risque hémorragique par addition des activités antiagrégantes plaquettaires.,Association déconseillée : - en dehors des indications validées pour cette association dans les syndromes coronariens aigus. Précaution d'emploi : - dans les indications validées pour cette association dans les syndromes coronariens aigus. Surveillance clinique.,6
ACIDE ACETYLSALICYLIQUE,TICLOPIDINE,acide acetylsalicylique,ticlopidine,high,ASDEC,Majoration du risque hémorragique par addition des activités antiagrégantes plaquettaires.,"Si l’association ne peut être évitée, surveillance clinique étroite.",6
ACIDE ASCORBIQUE,CICLOSPORINE,acide ascorbique,ciclosporine,low,APEC,"Risque de diminution des concentrations sanguines de la ciclosporine, notamment en cas d’association avec la vitamine E.",,6
ACIDE ASCORBIQUE,DÉFÉRIPRONE,acide ascorbique,deferiprone,moderate,PE,"Par extrapolation à partir de l’interaction avec la déféroxamine : avec l’acide ascorbique à fortes doses et par voie IV, risque d’anomalies de la fonction cardiaque, voire insuffisance cardiaque aiguë (en général réversible à l’arrêt de la vitamine C).",,6
ACIDE ASCORBIQUE,DÉFÉROXAMINE,acide ascorbique,deferoxamine,moderate,PE,"Avec l'acide ascorbique à fortes doses et par voie IV : anomalies de la fonction cardiaque, voire insuffisance cardiaque aiguë (en général réversible à l'arrêt de la vitamine C).","En cas d'hémochromatose, ne donner de la vitamine C qu'après avoir commencé le traitement par la déféroxamine. Surveiller la fonction cardiaque en cas d'association.",6
ACIDE CHOLIQUE,"PHÉNOBARBITAL (ET, PAR EXTRAPOLATION, PRIMIDONE)",acide cholique,"phenobarbital (et, par extrapolation, primidone)",critical,CI,Effet antagoniste du barbiturique.,,6
ACIDE CLODRONIQUE,ESTRAMUSTINE,acide clodronique,estramustine,moderate,PE,Risque d’augmentation des concentrations plasmatiques d’estramustine par le clodronate.,Surveillance clinique au cours de l’association.,6
ACIDE FOLINIQUE,"FLUOROURACILE (ET, PAR EXTRAPOLATION, AUTRES FLUOROPYRIMIDINES)",acide folinique,"fluorouracile (et, par extrapolation, autres fluoropyrimidines)",low,APEC,"Potentialisation des effets, à la fois cytostatiques et indésirables, du fluoro-uracile.",,6
ACIDE FUSIDIQUE,INHIBITEURS DE L'HMG-COA RÉDUCTASE (STATINES),acide fusidique,inhibiteurs de l'hmg-coa reductase (statines),critical,CI,Risque majoré d'effets indésirables (concentration-dépendants) à type de rhabdomyolyse.,Arrêter le traitement par l'inhibiteur de l'HMG Co-A réductase avant d'initier un traitement par acide fusidique ou utiliser un autre antibiotique.,6
ACIDE FUSIDIQUE,OMBITASVIR + PARITAPRÉVIR,acide fusidique,ombitasvir + paritaprevir,critical,CI,Augmentation des concentrations plasmatiques de l'acide fusidique par diminution de son métabolisme hépatique par la bithérapie.,,6
ACIDE NICOTINIQUE,ALCOOL (BOISSON OU EXCIPIENT),acide nicotinique,alcool (boisson ou excipient),low,APEC,"Risque de prurit, de rougeur et de chaleur, lié à une potentialisation de l'effet vasodilatateur.",,6
ACIDE URSODESOXYCHOLIQUE,CICLOSPORINE,acide ursodesoxycholique,ciclosporine,low,APEC,Risque de variation des concentrations sanguines de ciclosporine.,,7
ACITRETINE,ALCOOL (BOISSON OU EXCIPIENT),acitretine,alcool (boisson ou excipient),critical,CI,"Chez la femme en âge de procréer, risque de transformation de l’acitrétine en étrétinate, puissant tératogène dont la demi-vie très prolongée (120 jours) expose à un risque tératogène majeur en cas de grossesse, pendant le traitement et les 2 mois suivant son arrêt.",,7
ACITRETINE,METHOTREXATE,acitretine,methotrexate,critical,CI,Risque de majoration de l'hépatotoxicité du méthotrexate.,,7
ADRÉNALINE (VOIE BUCCO-DENTAIRE OU SOUS-CUTANÉE),ANESTHÉSIQUES VOLATILS HALOGÉNÉS,adrenaline (voie bucco-dentaire ou sous-cutanee),anesthesiques volatils halogenes,moderate,PE,Troubles du rythme ventriculaire graves par augmentation de l'excitabilité cardiaque.,"Limiter l'apport, par exemple : moins de 0,1 mg d'adrénaline en 10 minutes ou 0,3 mg en 1 heure chez l'adulte.",7
ADRÉNALINE (VOIE BUCCO-DENTAIRE OU SOUS-CUTANÉE),ANTIDÉPRESSEURS IMIPRAMINIQUES,adrenaline (voie bucco-dentaire ou sous-cutanee),antidepresseurs imipraminiques,moderate,PE,Troubles du rythme ventriculaire graves par augmentation de l'excitabilité cardiaque.,"Limiter l'apport, par exemple : moins de 0,1 mg d'adrénaline en 10 minutes ou 0,3 mg en 1 heure chez l'adulte.",7
ADRÉNALINE (VOIE BUCCO-DENTAIRE OU SOUS-CUTANÉE),IMAO IRRÉVERSIBLES,adrenaline (voie bucco-dentaire ou sous-cutanee),imao irreversibles,moderate,PE,Troubles du rythme ventriculaire graves par augmentation de l'excitabilité cardiaque.,"Limiter l'apport, par exemple : moins de 0,1 mg d'adrénaline en 10 minutes ou 0,3 mg en 1 heure chez l'adulte.",7
ADRÉNALINE (VOIE BUCCO-DENTAIRE OU SOUS-CUTANÉE),MÉDICAMENTS MIXTES ADRÉNERGIQUES-SÉROTONINERGIQUES,adrenaline (voie bucco-dentaire ou sous-cutanee),medicaments mixtes adrenergiques-serotoninergiques,moderate,PE,Troubles du rythme ventriculaire graves par augmentation de l'excitabilité cardiaque.,"Limiter l'apport, par exemple : moins de 0,1 mg d'adrénaline en 10 minutes ou 0,3 mg en 1 heure chez l'adulte.",7
AFATINIB,AMIODARONE,afatinib,amiodarone,moderate,PE,Augmentation des concentrations plasmatiques d’afatinib par augmentation de son absorption par l'amiodarone.,"Il est recommandé d’administrer l'amiodarone le plus à distance possible de l’afatinib, en respectant de préférence un intervalle de 6 heures ou de 12 heures par rapport à la prise d’afatinib.",7
AFATINIB,CICLOSPORINE,afatinib,ciclosporine,moderate,PE,Augmentation des concentrations plasmatique d’afatinib par augmentation de son absorption par la ciclosporine.,"Il est recommandé d’administrer la ciclosporine le plus à distance possible de l’afatinib, en respectant de préférence un intervalle de 6 heures ou de 12 heures par rapport à la prise d’afatinib.",7
AFATINIB,ERYTHROMYCINE,afatinib,erythromycine,moderate,PE,Augmentation des concentrations plasmatique d’afatinib par augmentation de son absorption par l'érythromycine.,"Il est recommandé d’administrer l'érythromycine le plus à distance possible de l’afatinib, en respectant de préférence un intervalle de 6 heures ou de 12 heures par rapport à la prise d’afatinib.",7
AFATINIB,INDUCTEURS ENZYMATIQUES PUISSANTS,afatinib,inducteurs enzymatiques puissants,moderate,PE,Diminution des concentrations plasmatiques de l’afatinib par augmentation de son métabolisme par ces substances.,Surveillance clinique pendant l’association et 1 à 2 semaines après leur arrêt.,7
AFATINIB,INHIBITEURS DE PROTÉASES BOOSTÉS PAR RITONAVIR,afatinib,inhibiteurs de proteases boostes par ritonavir,moderate,PE,Augmentation des concentrations plasmatiques d’afatinib par augmentation de son absorption par l'inhibiteur de protéases.,"Il est recommandé d’administrer l'inhibiteur de protéases le plus à distance possible de l’afatinib, en respectant de préférence un intervalle de 6 heures ou de 12 heures par rapport à la prise d’afatinib.",7
AFATINIB,ITRACONAZOLE,afatinib,itraconazole,moderate,PE,Augmentation des concentrations plasmatique d’afatinib par augmentation de son absorption par l'itraconazole.,"Il est recommandé d’administrer l'itraconazole le plus à distance possible de l’afatinib, en respectant de préférence un intervalle de 6 heures ou de 12 heures par rapport à la prise d’afatinib.",8
AFATINIB,KETOCONAZOLE,afatinib,ketoconazole,moderate,PE,Augmentation des concentrations plasmatique d’afatinib par augmentation de son absorption par le kétoconazole.,"Il est recommandé d’administrer le kétoconazole le plus à distance possible de l’afatinib, en respectant de préférence un intervalle de 6 heures ou de 12 heures par rapport à la prise d’afatinib.",8
AFATINIB,PRIMIDONE,afatinib,primidone,moderate,PE,Diminution des concentrations plasmatiques de l’afatinib par augmentation de son métabolisme par la primidone.,Surveillance clinique pendant l’association et 1 à 2 semaines après leur arrêt.,8
AFATINIB,RIFAMPICINE,afatinib,rifampicine,moderate,PE,Diminution des concentrations plasmatiques de l’afatinib par augmentation de son métabolisme par la rifampicine.,Surveillance clinique pendant l’association et 1 à 2 semaines après leur arrêt.,8
AFATINIB,VERAPAMIL,afatinib,verapamil,moderate,PE,Augmentation des concentrations plasmatique d’afatinib par augmentation de son absorption par le vérapamil.,"Il est recommandé d’administrer le vérapamil le plus à distance possible de l’afatinib, en respectant de préférence un intervalle de 6 heures ou de 12 heures par rapport à la prise d’afatinib.",8
AGOMELATINE,CIPROFLOXACINE,agomelatine,ciprofloxacine,high,ASDEC,"Augmentation des concentrations d'agomélatine, avec risque de majoration des effets indésirables.",,8
AGOMELATINE,FLUVOXAMINE,agomelatine,fluvoxamine,critical,CI,"Augmentation des concentrations d'agomélatine, avec risque de majoration des effets indésirables.",,8
ALBENDAZOLE,INDUCTEURS ENZYMATIQUES PUISSANTS,albendazole,inducteurs enzymatiques puissants,moderate,PE,"Diminution importante des concentrations plasmatiques de l’albendazole et de son métabolite actif par l’inducteur, avec risque de baisse de son efficacité.",Surveillance clinique de la réponse thérapeutique et adaptation éventuelle de la posologie de l’albendazole pendant le traitement avec l’inducteur enzymatique et après son arrêt.,8
ALBENDAZOLE,INHIBITEURS DE PROTÉASES BOOSTÉS PAR RITONAVIR,albendazole,inhibiteurs de proteases boostes par ritonavir,moderate,PE,"Diminution importante des concentrations plasmatiques de l’albendazole et de son métabolite actif par le ritonavir, avec risque de baisse de son efficacité.",Surveillance clinique de la réponse thérapeutique et adaptation éventuelle de la posologie de l’albendazole pendant le traitement avec l’inducteur enzymatique et après son arrêt.,8
ALBENDAZOLE,RIFAMPICINE,albendazole,rifampicine,moderate,PE,"Diminution importante des concentrations plasmatiques de l’albendazole et de son métabolite actif par l’inducteur, avec risque de baisse de son efficacité.",Surveillance clinique de la réponse thérapeutique et adaptation éventuelle de la posologie de l’albendazole pendant le traitement avec l’inducteur enzymatique et après son arrêt.,8
ALCALINISANTS URINAIRES,HYDROQUINIDINE,alcalinisants urinaires,hydroquinidine,moderate,PE,Augmentation des concentrations plasmatiques de l'hydroquinidine et risque de surdosage (diminution de l'excrétion rénale de l'hydroquinidine par alcalinisation des urines).,"Surveillance clinique, ECG et éventuellement contrôle des concentrations de l'hydroquinidine ; si besoin, adaptation de la posologie pendant le traitement alcalinisant et après son arrêt.",8
ALCALINISANTS URINAIRES,QUINIDINE,alcalinisants urinaires,quinidine,moderate,PE,Augmentation des concentrations plasmatiques de la quinidine et risque de surdosage (diminution de l'excrétion rénale de la quinidine par alcalinisation des urines).,"Surveillance clinique, ECG et éventuellement contrôle de la quinidinémie ; si besoin, adaptation de la posologie pendant le traitement alcalinisant et après son arrêt.",8
ALCALOÏDES DE L'ERGOT DE SEIGLE DOPAMINERGIQUES,ALCALOÏDES DE L'ERGOT DE SEIGLE VASOCONSTRICTEURS,alcaloides de l'ergot de seigle dopaminergiques,alcaloides de l'ergot de seigle vasoconstricteurs,high,ASDEC,Risque de vasoconstriction et/ou de poussées hypertensives.,,9
ALCALOÏDES DE L'ERGOT DE SEIGLE DOPAMINERGIQUES,ANTIPARKINSONIENS ANTICHOLINERGIQUES,alcaloides de l'ergot de seigle dopaminergiques,antiparkinsoniens anticholinergiques,moderate,PE,Risque de majoration des troubles neuropsychiques.,"Surveillance clinique et biologique régulière, notamment en début d'association.",9
ALCALOÏDES DE L'ERGOT DE SEIGLE DOPAMINERGIQUES,MACROLIDES (SAUF SPIRAMYCINE),alcaloides de l'ergot de seigle dopaminergiques,macrolides (sauf spiramycine),high,ASDEC,Augmentation des concentrations plasmatiques du dopaminergique avec accroissement possible de son activité ou apparition de signes de surdosage.,,9
ALCALOÏDES DE L'ERGOT DE SEIGLE DOPAMINERGIQUES,SYMPATHOMIMÉTIQUES ALPHA (VOIES ORALE ET/OU NASALE),alcaloides de l'ergot de seigle dopaminergiques,sympathomimetiques alpha (voies orale et/ou nasale),high,ASDEC,Risque de vasoconstriction et/ou de poussées hypertensives.,,9
ALCALOÏDES DE L'ERGOT DE SEIGLE DOPAMINERGIQUES,SYMPATHOMIMÉTIQUES INDIRECTS,alcaloides de l'ergot de seigle dopaminergiques,sympathomimetiques indirects,high,ASDEC,Risque de vasoconstriction et/ou de poussées hypertensives.,,9
ALCALOÏDES DE L'ERGOT DE SEIGLE VASOCONSTRICTEURS,ALCALOÏDES DE L'ERGOT DE SEIGLE DOPAMINERGIQUES,alcaloides de l'ergot de seigle vasoconstricteurs,alcaloides de l'ergot de seigle dopaminergiques,high,ASDEC,Risque de vasoconstriction et/ou de poussées hypertensives.,,9
ALCALOÏDES DE L'ERGOT DE SEIGLE VASOCONSTRICTEURS,INHIBITEURS PUISSANTS DU CYP3A4,alcaloides de l'ergot de seigle vasoconstricteurs,inhibiteurs puissants du cyp3a4,critical,CI,"Risque de vasoconstriction coronaire ou des extrémités (ergotisme), ou de poussées hypertensives.",,9
ALCALOÏDES DE L'ERGOT DE SEIGLE VASOCONSTRICTEURS,LÉTERMOVIR,alcaloides de l'ergot de seigle vasoconstricteurs,letermovir,critical,CI,"Risque de vasoconstriction coronaire ou des extrémités (ergotisme), ou de poussées hypertensives.",,9
ALCALOÏDES DE L'ERGOT DE SEIGLE VASOCONSTRICTEURS,OMBITASVIR + PARITAPRÉVIR,alcaloides de l'ergot de seigle vasoconstricteurs,ombitasvir + paritaprevir,critical,CI,Augmentation des concentrations plasmatiques de l'alcaloïde de l'ergot de seigle vasoconstricteur par diminution de son métabolisme hépatique par la bithérapie.,,9
ALCALOÏDES DE L'ERGOT DE SEIGLE VASOCONSTRICTEURS,SYMPATHOMIMÉTIQUES ALPHA (VOIES ORALE ET/OU NASALE),alcaloides de l'ergot de seigle vasoconstricteurs,sympathomimetiques alpha (voies orale et/ou nasale),high,ASDEC,Risque de vasoconstriction et/ou de poussées hypertensives.,,9
ALCALOÏDES DE L'ERGOT DE SEIGLE VASOCONSTRICTEURS,SYMPATHOMIMÉTIQUES INDIRECTS,alcaloides de l'ergot de seigle vasoconstricteurs,sympathomimetiques indirects,high,ASDEC,Risque de vasoconstriction et/ou de poussées hypertensives.,,9
ALCALOÏDES DE L'ERGOT DE SEIGLE VASOCONSTRICTEURS,TRIPTANS,alcaloides de l'ergot de seigle vasoconstricteurs,triptans,critical,CI,"Risque d'hypertension artérielle, de vasoconstriction artérielle coronaire.","Respecter un délai de 6 à 24 heures, selon le triptan, entre la prise de celui-ci et celle de l'alcaloïde ergoté",9
ALCOOL (BOISSON OU EXCIPIENT),ACIDE NICOTINIQUE,alcool (boisson ou excipient),acide nicotinique,low,APEC,"Risque de prurit, de rougeur et de chaleur, lié à une potentialisation de l'effet vasodilatateur.",,9
ALCOOL (BOISSON OU EXCIPIENT),ACITRETINE,alcool (boisson ou excipient),acitretine,critical,CI,"Chez la femme en âge de procréer, risque de transformation de l’acitrétine en étrétinate, puissant tératogène dont la demi-vie très prolongée (120 jours) expose à un risque tératogène majeur en cas de grossesse, pendant le traitement et les 2 mois suivant son arrêt.",,10
ALCOOL (BOISSON OU EXCIPIENT),ANTABUSE (RÉACTION),alcool (boisson ou excipient),antabuse (reaction),high,ASDEC,"Effet antabuse (chaleur, rougeurs, vomissements, tachycardie).",Eviter la prise de boissons alcoolisées et de médicaments contenant de l'alcool. Tenir compte de l’élimination complète des médicaments en se référant à leur demi-vie avant la reprise de boissons alcoolisées ou du médicament contenant de l’alcool.,10
ALCOOL (BOISSON OU EXCIPIENT),IMAO IRRÉVERSIBLES,alcool (boisson ou excipient),imao irreversibles,high,ASDEC,"Majoration des effets hypertenseurs et/ou hyperthermiques de la tyramine présente dans certaines boissons alcoolisées (chianti, certaines bières, etc).",Eviter la prise de boissons alcoolisées et de médicaments contenant de l'alcool.,10
ALCOOL (BOISSON OU EXCIPIENT),INSULINE,alcool (boisson ou excipient),insuline,high,ASDEC,Augmentation de la réaction hypoglycémique (inhibition des réactions de compensation pouvant faciliter la survenue de coma hypoglycémique).,Eviter la prise de boissons alcoolisées et de médicaments contenant de l'alcool.,10
ALCOOL (BOISSON OU EXCIPIENT),MÉDICAMENTS SÉDATIFS,alcool (boisson ou excipient),medicaments sedatifs,high,ASDEC,Majoration par l'alcool de l'effet sédatif de ces substances. L'altération de la vigilance peut rendre dangereuses la conduite de véhicules et l'utilisation de machines.,Eviter la prise de boissons alcoolisées et de médicaments contenant de l'alcool.,10
ALCOOL (BOISSON OU EXCIPIENT),METFORMINE,alcool (boisson ou excipient),metformine,high,ASDEC,"Risque majoré d'acidose lactique lors d'intoxication alcoolique aiguë, particulièrement en cas de jeûne ou dénutrition, ou bien d'insuffisance hépatocellulaire.",Eviter la prise de boissons alcoolisées et de médicaments contenant de l'alcool.,10
ALCOOL (BOISSON OU EXCIPIENT),SULFAMIDES HYPOGLYCÉMIANTS,alcool (boisson ou excipient),sulfamides hypoglycemiants,high,ASDEC,"Effet antabuse, notamment pour glibenclamide, glipizide, tolbutamide. Augmentation de la réaction hypoglycémique (inhibition des réactions de compensation) pouvant faciliter la survenue de coma hypoglycémique.",Eviter la prise de boissons alcoolisées et de médicaments contenant de l'alcool.,10
ALDESLEUKINE,PRODUITS DE CONTRASTE IODÉS,aldesleukine,produits de contraste iodes,low,APEC,"Majoration du risque de réaction aux produits de contraste en cas de traitement antérieur par interleukine 2 : éruption cutanée ou plus rarement hypotension, oligurie voire insuffisance rénale.",,10
ALFENTANIL,CIMETIDINE,alfentanil,cimetidine,moderate,PE,Avec la cimétidine utilisée à des doses supérieures ou égales à 800 mg/j : augmentation de l'effet dépresseur respiratoire de l'analgésique opiacé par diminution de son métabolisme hépatique.,Adapter la posologie de l'alfentanil en cas de traitement par la cimétidine.,10
ALFENTANIL,DILTIAZEM,alfentanil,diltiazem,moderate,PE,Augmentation de l'effet dépresseur respiratoire de l'analgésique opiacé par diminution de son métabolisme hépatique.,Adapter la posologie de l'alfentanil en cas de traitement par le diltiazem.,10
ALFENTANIL,ERYTHROMYCINE,alfentanil,erythromycine,moderate,PE,Augmentation de l'effet dépresseur respiratoire de l'analgésique opiacé par diminution de son métabolisme hépatique.,Adapter la posologie de l'alfentanil en cas de traitement par l'érythromycine.,10
ALFENTANIL,FLUCONAZOLE,alfentanil,fluconazole,moderate,PE,Augmentation de l'effet dépresseur respiratoire de l'analgésique opiacé par diminution de son métabolisme hépatique.,Adapter la posologie de l'alfentanil en cas de traitement par le fluconazole.,10
ALFENTANIL,INHIBITEURS PUISSANTS DU CYP3A4,alfentanil,inhibiteurs puissants du cyp3a4,moderate,PE,Augmentation de l'effet dépresseur respiratoire de l'analgésique opiacé par diminution de son métabolisme hépatique.,Surveillance clinique et adaptation de la posologie de l’analgésique opiacé en cas de traitement par un inhibiteur puissant du CYP3A4.,10
ALFUZOSINE,INHIBITEURS PUISSANTS DU CYP3A4,alfuzosine,inhibiteurs puissants du cyp3a4,high,ASDEC,Risque d’augmentation des concentrations plasmatiques de l’alfuzosine et de ses effets indésirables.,,11
ALFUZOSINE,OMBITASVIR + PARITAPRÉVIR,alfuzosine,ombitasvir + paritaprevir,critical,CI,Augmentation des concentrations plasmatiques de l'afuzosine par diminution de son métabolisme hépatique par la bithérapie.,,11
ALLOPURINOL,ANTIVITAMINES K,allopurinol,antivitamines k,moderate,PE,Augmentation du risque hémorragique.,Contrôle plus fréquent de l'INR. Adaptation éventuelle de la posologie de l'antivitamine K pendant le traitement par l'allopurinol et 8 jours après son arrêt.,11
ALLOPURINOL,DIDANOSINE,allopurinol,didanosine,high,ASDEC,Augmentation des concentrations plasmatiques de didanosine et de ses effets indésirables.,,11
ALLOPURINOL,PÉNICILLINES A,allopurinol,penicillines a,low,APEC,Risque accru de réactions cutanées.,,11
ALLOPURINOL,VIDARABINE,allopurinol,vidarabine,high,ASDEC,"Risque accru de troubles neurologiques (tremblements, confusion) par inhibition partielle du métabolisme de l'antiviral.",,11
ALPHABLOQUANTS À VISÉE UROLOGIQUE,ANTIHYPERTENSEURS ALPHA-BLOQUANTS,alphabloquants a visee urologique,antihypertenseurs alpha-bloquants,high,ASDEC,Majoration de l'effet hypotenseur. Risque d'hypotension orthostatique sévère.,,11
ALPHABLOQUANTS À VISÉE UROLOGIQUE,ANTIHYPERTENSEURS SAUF ALPHA-BLOQUANTS,alphabloquants a visee urologique,antihypertenseurs sauf alpha-bloquants,low,APEC,Majoration de l'effet hypotenseur. Risque d'hypotension orthostatique majoré.,,11
ALPHABLOQUANTS À VISÉE UROLOGIQUE,INHIBITEURS DE LA PHOSPHODIESTERASE DE TYPE 5,alphabloquants a visee urologique,inhibiteurs de la phosphodiesterase de type 5,high,ASDEC;PE,"Risque d’hypotension orthostatique, notamment chez le sujet âgé.",Association déconseillée : - avec la doxazosine Précaution d'emploi : - avec les autres alpha-bloquants Débuter le traitement aux posologies minimales recommandées et adapter progressivement les doses si besoin.,11
ALPRAZOLAM,INHIBITEURS PUISSANTS DU CYP3A4,alprazolam,inhibiteurs puissants du cyp3a4,low,APEC,Possible augmentation de l'effet sédatif de l'alprazolam.,,11
ALUMINIUM (SELS),CITRATES,aluminium (sels),citrates,moderate,PE,"Risque de facilitation du passage systémique de l’aluminium, notamment en cas de fonction rénale altérée.","Prendre les topiques gastro-intestinaux à base d'aluminium à distance des citrates (plus de 2 heures si possible), y compris les citrates naturels (jus d'agrumes).",11
AMBRISENTAN,CICLOSPORINE,ambrisentan,ciclosporine,low,APEC,"Doublement des concentrations d’ambrisentan, avec majoration de l’effet vasodilatateur (céphalées).",,12
AMINOSIDES,AUTRES AMINOSIDES,aminosides,autres aminosides,critical,CI;APEC,Risque accru de néphrotoxicité et d'ototoxicité (l'ototoxicité est cumulative en cas d'administrations successives).,Contre-indication : - en cas d'administration simultanée A prendre en compte : - en cas d'administrations successives,12
AMINOSIDES,AMPHOTERICINE B,aminosides,amphotericine b,low,APEC,Avec l'amphotéricine B administrée par voie IV : risque accru de néphrotoxicité.,,12
AMINOSIDES,ATALUREN,aminosides,ataluren,critical,CI,Risque de potentialisation de la toxicité rénale de l’aminoside.,,12
AMINOSIDES,BOTULIQUE (TOXINE),aminosides,botulique (toxine),high,ASDEC,Risque d'augmentation des effets de la toxine botulique avec les aminosides (par extrapolation à partir des effets observés au cours du botulisme).,Utiliser un autre antibiotique.,12
AMINOSIDES,CEFALOTINE,aminosides,cefalotine,moderate,PE,L'augmentation de la néphrotoxicité des aminosides par la céfalotine est discutée.,Surveillance de la fonction rénale.,12
AMINOSIDES,CICLOSPORINE,aminosides,ciclosporine,low,APEC,"Augmentation de la créatininémie plus importante que sous ciclosporine seule, avec majoration du risque néphrotoxique.",,12
AMINOSIDES,CURARES,aminosides,curares,moderate,PE,"Potentialisation des curares lorque l'antibiotique est administré par voie parentérale et/ou péritonéale avant, pendant ou après l'agent curarisant.",Surveiller le degré de curarisation en fin d'anesthésie.,12
AMINOSIDES,DIURÉTIQUES DE L'ANSE,aminosides,diuretiques de l'anse,moderate,PE,Augmentation des risques néphrotoxiques et ototoxiques de l'aminoside (insuffisance rénale fonctionnelle liée à la déshydratation entraînée par le diurétique).,"Association possible sous contrôle de l'état d'hydratation, des fonctions rénale et cochléovestibulaire, et éventuellement, des concentrations plasmatiques de l'aminoside.",12
AMINOSIDES,ORGANOPLATINES,aminosides,organoplatines,low,APEC,"Addition des effets néphrotoxiques et/ou ototoxiques, notamment en cas d'insuffisance rénale préalable.",,12
AMINOSIDES,POLYMYXINE B,aminosides,polymyxine b,high,ASDEC,Addition des effets néphrotoxiques.,"Si l'association ne peut être évitée, surveillance stricte avec une justification bactériologique indiscutable.",12
AMINOSIDES,TACROLIMUS,aminosides,tacrolimus,low,APEC,Augmentation de la créatininémie plus importante que sous tacrolimus seul (synergie des effets néphrotoxiques des deux substances).,,12
AMIODARONE,AFATINIB,amiodarone,afatinib,moderate,PE,Augmentation des concentrations plasmatiques d’afatinib par augmentation de son absorption par l'amiodarone.,"Il est recommandé d’administrer l'amiodarone le plus à distance possible de l’afatinib, en respectant de préférence un intervalle de 6 heures ou de 12 heures par rapport à la prise d’afatinib.",13
AMIODARONE,ANTIVITAMINES K,amiodarone,antivitamines k,moderate,PE,Augmentation de l'effet de l'antivitamine K et du risque hémorragique.,Contrôle plus fréquent de l'INR. Adaptation éventuelle de la posologie de l'antivitamine K pendant le traitement par l'amiodarone et jusqu'à 4 semaines après son arrêt.,13
AMIODARONE,BÊTA-BLOQUANTS (SAUF ESMOLOL ET SOTALOL) (Y COMPRIS COLLYRES),amiodarone,beta-bloquants (sauf esmolol et sotalol) (y compris collyres),moderate,PE,Troubles de l'automatisme et de la conduction (suppression des mécanismes sympathiques compensateurs).,Surveillance clinique et ECG.,13
AMIODARONE,BÊTA-BLOQUANTS DANS L'INSUFFISANCE CARDIAQUE,amiodarone,beta-bloquants dans l'insuffisance cardiaque,moderate,PE,Troubles de l'automatisme et de la conduction cardiaque avec risque de bradycardie excessive.,Surveillance clinique et ECG régulière.,13
AMIODARONE,CICLOSPORINE,amiodarone,ciclosporine,high,ASDEC,"Augmentation des concentrations sanguines de ciclosporine, par diminution de son métabolisme hépatique, avec risque d'effets néphrotoxiques.","Dosage des concentrations sanguines de ciclosporine, contrôle de la fonction rénale et adaptation de la posologie de la ciclosporine pendant le traitement par l'amiodarone.",13
AMIODARONE,COBICISTAT,amiodarone,cobicistat,critical,CI,Risque de majoration des effets indésirables de l'amiodarone par diminution de son métabolisme par le cobicistat.,,13
AMIODARONE,DABIGATRAN,amiodarone,dabigatran,moderate,PE,"Augmentation des concentrations plasmatiques de dabigatran, avec majoration du risque de saignement.","Dans l'indication post-chirurgicale : surveillance clinique et adaptation de la posologie du dabigatran si nécessaire, sans excéder 150 mg/j.",13
AMIODARONE,DIGOXINE,amiodarone,digoxine,moderate,PE,"Dépression de l'automatisme (bradycardie excessive) et troubles de la conduction auriculo-ventriculaire. De plus, augmentation de la digoxinémie par diminution de la clairance de la digoxine.","Surveillance clinique, ECG et, s'il y a lieu, contrôle de la digoxinémie et adaptation de la posologie de la digoxine.",13
AMIODARONE,DILTIAZEM,amiodarone,diltiazem,high,ASDEC;PE,"Pour diltiazem voie injectable : risque de bradycardie et de bloc auriculo-ventriculaire Pour diltiazem per os : risque de bradycardie ou de bloc auriculo- ventriculaire, notamment chez les personnes âgées.","Association déconseillée avec : - le diltiazem IV Si l'association ne peut être évitée, surveillance clinique et ECG continu. Précaution d'emploi avec : - le diltiazem per os Surveillance clinique et ECG.",13
AMIODARONE,DOCETAXEL,amiodarone,docetaxel,moderate,PE,Risque de majoration des effets indésirables du docétaxel par diminution de son métabolisme hépatique par l’amiodarone,Surveillance clinique et adaptation éventuelle de la posologie du docétaxel.,13
AMIODARONE,ESMOLOL,amiodarone,esmolol,moderate,PE,"Troubles de la contractilité, de l'automatisme et de la conduction (suppression des mécanismes sympathiques compensateurs).",Surveillance clinique et ECG.,13
AMIODARONE,FIDAXOMICINE,amiodarone,fidaxomicine,high,ASDEC,Augmentation des concentrations plasmatiques de la fidaxomicine.,,13
AMIODARONE,FLUCONAZOLE,amiodarone,fluconazole,moderate,PE,Risque d’allongement de l’intervalle QT.,"Surveillance clinique, particulièrement aux fortes doses de fluconazole (800 mg/j).",13
AMIODARONE,IBRUTINIB,amiodarone,ibrutinib,high,ASDEC,Risque d'augmentation des concentrations plasmatiques d’ibrutinib par diminution de son métabolisme hépatique par l’amiodarone.,"Si l’association ne peut être évitée, surveillance clinique étroite et réduction de la dose d’ibrutinib à 280 mg par jour pendant la durée de l’association.",14
AMIODARONE,LIDOCAINE,amiodarone,lidocaine,moderate,PE,"Risque d’augmentation des concentrations plasmatiques de lidocaïne, avec possibilité d’effets indésirables neurologiques et cardiaques, par diminution de son métabolisme hépatique par l’amiodarone.","Surveillance clinique, ECG et éventuellement contrôle des concentrations plasmatiques de lidocaïne. Si besoin, adaptation de la posologie de la lidocaïne pendant le traitement par amiodarone et après son arrêt.",14
AMIODARONE,NINTÉDANIB,amiodarone,nintedanib,moderate,PE,Augmentation des concentrations plasmatiques du nintédanib par augmentation de son absorption par l'amiodarone.,Surveillance clinique pendant l’association.,14
AMIODARONE,OLAPARIB,amiodarone,olaparib,high,ASDEC,Augmentation des concentrations plasmatiques d’olaparib par l' amiodarone,"Si l’association ne peut être évitée, limiter la dose d’olaparib à 200 mg 2 fois par jour avec l’amiodarone.",14
AMIODARONE,OMBITASVIR + PARITAPRÉVIR,amiodarone,ombitasvir + paritaprevir,critical,CI,Augmentation des concentrations plasmatiques de l'amiodarone par diminution de son métabolisme hépatique par la bithérapie.,,14
AMIODARONE,ORLISTAT,amiodarone,orlistat,moderate,PE,Risque de diminution des concentrations plasmatiques de l'amiodarone et de son métabolite actif.,"Surveillance clinique et, si besoin, ECG.",14
AMIODARONE,PACLITAXEL,amiodarone,paclitaxel,moderate,PE,Risque de majoration des effets indésirables du paclitaxel par diminution de son métabolisme hépatique par l’amiodarone.,Surveillance clinique et adaptation éventuelle de la posologie du paclitaxel.,14
AMIODARONE,"PHÉNYTOÏNE (ET, PAR EXTRAPOLATION, FOSPHÉNYTOÏNE)",amiodarone,"phenytoine (et, par extrapolation, fosphenytoine)",high,ASDEC,"Majoration du risque de troubles du rythme ventriculaire par potentialisation des effets antiarythmiques, ainsi que des effets indésirables neurologiques, par diminution du métabolisme hépatique de la phénytoïne par l’amiodarone.",,14
AMIODARONE,SIMVASTATINE,amiodarone,simvastatine,moderate,PE,Risque majoré d'effets indésirables (concentration-dépendants) à type de rhabdomyolyse (diminution du métabolisme hépatique de la simvastatine).,Ne pas dépasser la posologie de 20 mg/j de simvastatine ou utiliser une autre statine non concernée par ce type d’interaction.,14
AMIODARONE,SOFOSBUVIR,amiodarone,sofosbuvir,high,ASDEC,"Survenue de bradycardie éventuellement brutale, pouvant avoir des conséquences fatales.","Si l'association ne peut être évitée, surveillance clinique et ECG étroite, en particulier pendant les premières semaines de traitement. Une surveillance continue en milieu hospitalier est requise pendant les 48 heures qui suivent la co-adminsitration. Prendre en compte la longue demi-vie de l'amiodarone chez les patients l'ayant arrêtée au cours des derniers mois et qui doivent débuter un traitement contenant du sofosbuvir.",14
AMIODARONE,TACROLIMUS,amiodarone,tacrolimus,moderate,PE,Augmentation des concentrations sanguines de tacrolimus par inhibition de son métabolisme par l’amiodarone.,"Dosage des concentrations sanguines de tacrolimus, contrôle de la fonction rénale et adaptation de la posologie de tacrolimus pendant l’association et à l’arrêt de l’amiodarone.",14
AMIODARONE,TALAZOPARIB,amiodarone,talazoparib,moderate,PE,Augmentation des concentrations de talazoparib avec risque de majoration de la toxicité.,Réduire la dose de talazoparib.,14
AMIODARONE,TAMSULOSINE,amiodarone,tamsulosine,moderate,PE,"Risque de majoration des effets indésirables de la tamsulosine, par inhibition de son métabolisme hépatique.","Surveillance clinique et adaptation de la posologie de la tamsulosine pendant le traitement par l’inhibiteur enzymatique et après son arrêt, le cas échéant.",14
AMIODARONE,TOLVAPTAN,amiodarone,tolvaptan,moderate,PE,"Augmentation des concentrations de tolvaptan, avec risque de majoration importante des effets indésirables, notamment diurèse importante, déshydratation, insuffisance rénale aiguë.",Réduire la posologie de tolvaptan de moitié.,15
AMIODARONE,VÉNÉTOCLAX,amiodarone,venetoclax,moderate,PE,Risque d’augmentation des effets indésirables du vénétoclax par diminution de son métabolisme hépatique.,"Surveillance clinique et biologique régulière, notamment hématologique, et adaptation de la posologie du vénétoclax.",15
AMIODARONE,VERAPAMIL,amiodarone,verapamil,high,ASDEC;PE,"Pour vérapamil voie injectable : -risque de bradycardie ou de bloc auriculo-ventriculaire. Pour vérapamil per os : -risque de bradycardie ou de bloc auriculo-ventriculaire, notamment chez les personnes âgées.","Association déconseillée avec : - le vérapamil IV Si l'association ne peut être évitée, surveillance clinique et ECG continu. Précaution d'emploi avec : - le vérapamil per os Surveillance clinique et ECG.",15
AMIODARONE,VORICONAZOLE,amiodarone,voriconazole,moderate,PE,"Risque majoré de troubles du rythme ventriculaire, notamment de torsades de pointes, par possible diminution du métabolisme de l’amiodarone.","Surveillance clinique et ECG, et adaptation éventuelle de la posologie de l’amiodarone.",15
AMLODIPINE,SIMVASTATINE,amlodipine,simvastatine,moderate,PE,Risque majoré d’effets indésirables (dose-dépendants) à type de rhabdomyolyse (diminution du métabolisme hépatique de l’hypocholestérolémiant).,Ne pas dépasser la posologie de 20 mg/j de simvastatine ou utiliser une autre statine non concernée par ce type d’interaction.,15
AMPHOTERICINE B,AMINOSIDES,amphotericine b,aminosides,low,APEC,Avec l'amphotéricine B administrée par voie IV : risque accru de néphrotoxicité.,,15
AMPHOTERICINE B,CICLOSPORINE,amphotericine b,ciclosporine,low,APEC,Avec l'amphotéricine B administrée par voie IV : augmentation de la créatininémie plus importante que sous ciclosporine seule (synergie des effets néphrotoxiques des deux substances).,,15
AMPHOTERICINE B,TACROLIMUS,amphotericine b,tacrolimus,low,APEC,Avec l'amphotéricine B administrée par voie IV : augmentation de la créatininémie plus importante que sous tacrolimus seul (synergie des effets néphrotoxiques des deux substances).,,15
AMPHOTERICINE B,ZIDOVUDINE,amphotericine b,zidovudine,moderate,PE,Avec l'amphotéricine B administrée par voie IV : augmentation de la toxicité hématologique (addition d'effets de toxicité médullaire).,Contrôle plus fréquent de l'hémogramme.,15
ANAGRELIDE,ANTIAGRÉGANTS PLAQUETTAIRES,anagrelide,antiagregants plaquettaires,high,ASDEC,Majoration des événements hémorragiques.,,15
ANAGRELIDE,OMEPRAZOLE,anagrelide,omeprazole,low,APEC,Risque de moindre efficacité de l'anagrélide par augmentation de son métabolisme par l'oméprazole.,Préférer un autre inhibiteur de la pompe à protons.,15
ANAGRELIDE,SUBSTANCES SUSCEPTIBLES DE DONNER DES TORSADES DE POINTES,anagrelide,substances susceptibles de donner des torsades de pointes,moderate,PE,"Risque majoré de troubles du rythme ventriculaire, notamment de torsades de pointes.",Surveillance clinique et électrocardiographique pendant l'association.,15
ANAKINRA,ANTI-TNF ALPHA,anakinra,anti-tnf alpha,high,ASDEC,Risque accru d'infections graves et de neutropénies.,,16
ANAKINRA,ETANERCEPT,anakinra,etanercept,high,ASDEC,Risque accru d'infections graves et de neutropénies.,,16
ANALGÉSIQUES MORPHINIQUES AGONISTES,AUTRES ANALGÉSIQUES MORPHINIQUES AGONISTES,analgesiques morphiniques agonistes,autres analgesiques morphiniques agonistes,low,APEC,"Risque majoré de dépression respiratoire, pouvant être fatale en cas de surdosage.",,16
ANALGÉSIQUES MORPHINIQUES AGONISTES,ANTITUSSIFS MORPHINE-LIKE,analgesiques morphiniques agonistes,antitussifs morphine-like,low,APEC,"Risque majoré de dépression respiratoire, pouvant être fatale en cas de surdosage.",,16
ANALGÉSIQUES MORPHINIQUES AGONISTES,ANTITUSSIFS MORPHINIQUES VRAIS,analgesiques morphiniques agonistes,antitussifs morphiniques vrais,low,APEC,"Risque majoré de dépression respiratoire, pouvant être fatale en cas de surdosage.",,16
ANALGÉSIQUES MORPHINIQUES DE PALIER II,MORPHINIQUES AGONISTES-ANTAGONISTES,analgesiques morphiniques de palier ii,morphiniques agonistes-antagonistes,high,ASDEC,"Diminution de l'effet antalgique par blocage compétitif des récepteurs, avec risque d'apparition d'un syndrome de sevrage.",,16
ANALGÉSIQUES MORPHINIQUES DE PALIER II,MORPHINIQUES ANTAGONISTES PARTIELS,analgesiques morphiniques de palier ii,morphiniques antagonistes partiels,high,ASDEC,Risque de diminution de l’effet antalgique.,,16
ANALGÉSIQUES MORPHINIQUES DE PALIER III,MORPHINIQUES AGONISTES-ANTAGONISTES,analgesiques morphiniques de palier iii,morphiniques agonistes-antagonistes,critical,CI,"Diminution de l'effet antalgique par blocage compétitif des récepteurs, avec risque d'apparition d'un syndrome de sevrage.",,16
ANALGÉSIQUES MORPHINIQUES DE PALIER III,MORPHINIQUES ANTAGONISTES PARTIELS,analgesiques morphiniques de palier iii,morphiniques antagonistes partiels,critical,CI,Risque de diminution de l’effet antalgique.,,16
ANALOGUES DE LA SOMATOSTATINE,CICLOSPORINE,analogues de la somatostatine,ciclosporine,moderate,PE,Avec la ciclosporine administrée par voie orale : baisse des concentrations sanguines de ciclosporine (diminution de son absorption intestinale).,Augmentation des doses de ciclosporine sous contrôle des concentrations plasmatiques et réduction de la posologie après l'arrêt du traitement par l'analogue de la somatostatine.,16
ANALOGUES DE LA SOMATOSTATINE,INSULINE,analogues de la somatostatine,insuline,moderate,PE,"Risque d'hypoglycémie ou d'hyperglycémie : diminution ou augmentation des besoins en insuline, par diminution ou augmentation de la sécrétion de glucagon endogène.","Prévenir le patient du risque d'hypoglycémie ou d'hyperglycémie, renforcer l'autosurveillance glycémique et adapter si besoin la posologie de l'insuline pendant le traitement par l'analogue de la somatostatine.",16
ANALOGUES DE LA SOMATOSTATINE,REPAGLINIDE,analogues de la somatostatine,repaglinide,moderate,PE,"Risque d'hypoglycémie ou d'hyperglycémie : diminution ou augmentation des besoins en repaglidine, par diminution ou augmentation de la sécrétion de glucagon endogène.",Renforcer l'autosurveillance glycémique et adapter si besoin la posologie de la repaglidine pendant le traitement par l'analogue de la somatostatine.,16
ANALOGUES DE LA SOMATOSTATINE,SULFAMIDES HYPOGLYCÉMIANTS,analogues de la somatostatine,sulfamides hypoglycemiants,moderate,PE,"Risque d'hypoglycémie ou d'hyperglycémie : diminution ou augmentation des besoins en sulfamide hypoglycemiant, par diminution ou augmentation de la sécrétion de glucagon endogène.",Renforcer l'autosurveillance glycémique et adapter si besoin la posologie du sulfamide hypoglycemiant pendant le traitement par l'analogue de la somatostatine.,17
ANDROGÈNES,ANTIVITAMINES K,androgenes,antivitamines k,moderate,PE,Augmentation du risque hémorragique par effet direct sur la coagulation et/ou les systèmes fibrinolytiques.,Contrôle plus fréquent de l’INR. Adaptation de la posologie de l’antivitamine K pendant le traitement par l'androgène et après son arrêt.,17
ANDROGÈNES,INDUCTEURS ENZYMATIQUES,androgenes,inducteurs enzymatiques,moderate,PE,"Risque de diminution des concentrations plasmatiques de l'androgène et par conséquent de son efficacité, par augmentation de son métabolisme hépatique par l’inducteur.",Surveillance clinique et biologique pendant l’association et 1 à 2 semaines après l’arrêt de l’inducteur.,17
ANESTHÉSIQUES VOLATILS HALOGÉNÉS,ADRÉNALINE (VOIE BUCCO-DENTAIRE OU SOUS-CUTANÉE),anesthesiques volatils halogenes,adrenaline (voie bucco-dentaire ou sous-cutanee),moderate,PE,Troubles du rythme ventriculaire graves par augmentation de l'excitabilité cardiaque.,"Limiter l'apport, par exemple : moins de 0,1 mg d'adrénaline en 10 minutes ou 0,3 mg en 1 heure chez l'adulte.",17
ANESTHÉSIQUES VOLATILS HALOGÉNÉS,BÊTA-BLOQUANTS (SAUF ESMOLOL) (Y COMPRIS COLLYRES),anesthesiques volatils halogenes,beta-bloquants (sauf esmolol) (y compris collyres),moderate,PE,Réduction des réactions cardiovasculaires de compensation par les bêta-bloquants. L'inhibition bêta-adrénergique peut être levée durant l'intervention par les bêta-mimétiques.,"En règle générale, ne pas arrêter le traitement bêta-bloquant et, de toute façon, éviter l'arrêt brutal. Informer l'anesthésiste de ce traitement.",17
ANESTHÉSIQUES VOLATILS HALOGÉNÉS,BÊTA-BLOQUANTS DANS L'INSUFFISANCE CARDIAQUE,anesthesiques volatils halogenes,beta-bloquants dans l'insuffisance cardiaque,moderate,PE,Réduction des réactions cardiovasculaires de compensation par les bêta-bloquants. L'inhibition bêta-adrénergique peut être levée durant l'intervention par les bêta-stimulants.,"En règle générale, ne pas arrêter le traitement bêta-bloquant et, de toute façon, éviter l'arrêt brutal. Informer l'anesthésiste de ce traitement.",17
ANESTHÉSIQUES VOLATILS HALOGÉNÉS,ISONIAZIDE,anesthesiques volatils halogenes,isoniazide,moderate,PE,"Potentialisation de l'effet hépatotoxique de l'isonazide, avec formation accrue de métabolites toxiques de l'isoniazide.","En cas d'intervention programmée, arrêter, par prudence, le traitement par l'isoniazide une semaine avant l'intervention et ne le reprendre que 15 jours après.",17
ANESTHÉSIQUES VOLATILS HALOGÉNÉS,ISOPRENALINE,anesthesiques volatils halogenes,isoprenaline,high,ASDEC,Troubles du rythme ventriculaire graves par augmentation de l'excitabilité cardiaque.,,17
ANESTHÉSIQUES VOLATILS HALOGÉNÉS,SYMPATHOMIMÉTIQUES ALPHA ET BÊTA (VOIE IM ET IV),anesthesiques volatils halogenes,sympathomimetiques alpha et beta (voie im et iv),low,APEC,Décrit avec l'halothane et le cyclopropane. Troubles du rythme ventriculaire graves par augmentation de l'excitabilité cardiaque.,,17
ANESTHÉSIQUES VOLATILS HALOGÉNÉS,SYMPATHOMIMÉTIQUES INDIRECTS,anesthesiques volatils halogenes,sympathomimetiques indirects,moderate,PE,Poussée hypertensive peropératoire.,"En cas d'intervention programmée, il est préférable d'interrompre le traitement quelques jours avant l'intervention.",17
ANTABUSE (RÉACTION),ALCOOL (BOISSON OU EXCIPIENT),antabuse (reaction),alcool (boisson ou excipient),high,ASDEC,"Effet antabuse (chaleur, rougeurs, vomissements, tachycardie).",Eviter la prise de boissons alcoolisées et de médicaments contenant de l'alcool. Tenir compte de l’élimination complète des médicaments en se référant à leur demi-vie avant la reprise de boissons alcoolisées ou du médicament contenant de l’alcool.,17
ANTAGONISTES DES CANAUX CALCIQUES,IDÉLALISIB,antagonistes des canaux calciques,idelalisib,moderate,PE,"Majoration des effets indésirables de l’antagoniste des canaux calciques, à type d’hypotension orthostatique, notamment chez le sujet âgé.",Surveillance clinique et adaptation de la posologie de l’antagoniste calcique pendant le traitement par l’idélalisib et après son arrêt.,17
ANTAGONISTES DES CANAUX CALCIQUES,INDUCTEURS ENZYMATIQUES PUISSANTS,antagonistes des canaux calciques,inducteurs enzymatiques puissants,high,ASDEC;PE,Diminution des concentrations plasmatiques de l'antagoniste du calcium par augmentation de son métabolisme hépatique.,Association déconseillée avec la nimodipine Précaution d'emploi : Surveillance clinique et adaptation éventuelle de la posologie de l'antagoniste du calcium pendant le traitement par l'inducteur et après son arrêt.,18
ANTAGONISTES DES CANAUX CALCIQUES,INHIBITEURS PUISSANTS DU CYP3A4,antagonistes des canaux calciques,inhibiteurs puissants du cyp3a4,high,ASDEC;PE,"Majoration des effets indésirables de l’antagoniste des canaux calciques, le plus souvent à type d'hypotension et d'oedèmes, notamment chez le sujet âgé.",Association déconseillée: - avec la lercanidipine. Précaution d'emploi: - avec les autres antagonistes des canaux calciques. Surveillance clinique et adaptation posologique pendant le traitement par l’inhibiteur enzymatique et après son arrêt.,18
ANTAGONISTES DES CANAUX CALCIQUES,RIFAMPICINE,antagonistes des canaux calciques,rifampicine,high,ASDEC;PE,Diminution des concentrations plasmatiques de l'antagoniste du calcium par augmentation de son métabolisme hépatique.,Association déconseillée avec la nimodipine Précaution d'emploi : Surveillance clinique et adaptation éventuelle de la posologie de l'antagoniste du calcium pendant le traitement par la rifampicine et après son arrêt.,18
ANTAGONISTES DES RÉCEPTEURS DE L'ANGIOTENSINE II,ACIDE ACETYLSALICYLIQUE,antagonistes des recepteurs de l'angiotensine ii,acide acetylsalicylique,moderate,PE,"Pour des doses anti-inflammatoires d'acide acétylsalicylique (>= 1g par prise et/ou >= 3g par jour) ou pour des doses antalgiques ou antipyrétiques (>= 500 mg par prise et/ou < 3g par jour) : Insuffisance rénale aiguë chez le patient à risque (âgé, déshydraté, sous diurétiques, avec une fonction rénale altérée), par diminution de la filtration glomérulaire secondaire à une diminution de la synthèse des prostaglandines rénales. Par ailleurs, réduction de l'effet antihypertenseur.",Hydrater le malade et surveiller la fonction rénale en début de traitement et régulièrement pendant l’association.,18
ANTAGONISTES DES RÉCEPTEURS DE L'ANGIOTENSINE II,ANTI-INFLAMMATOIRES NON STÉROÏDIENS,antagonistes des recepteurs de l'angiotensine ii,anti-inflammatoires non steroidiens,moderate,PE,"Insuffisance rénale aiguë chez le patient à risque (sujet âgé, déshydratation, traitement associé avec diurétiques, altération de la fonction rénale), par diminution de la filtration glomérulaire secondaire à une diminution de la synthèse des prostaglandines rénales. Ces effets sont généralement réversibles. Par ailleurs, réduction de l’effet antihypertenseur.",Hydrater le malade et surveiller la fonction rénale en début de traitement et régulièrement pendant l’association.,18
ANTAGONISTES DES RÉCEPTEURS DE L'ANGIOTENSINE II,DIURÉTIQUES ÉPARGNEURS DE POTASSIUM (SEULS OU ASSOCIÉS),antagonistes des recepteurs de l'angiotensine ii,diuretiques epargneurs de potassium (seuls ou associes),high,ASDEC;PE,Risque d'hyperkaliémie (potentiellement létale) surtout en cas d'insuffisance rénale (addition des effets hyperkaliémiants).,"Association déconseillée : - si l'association est justifiée, contrôle strict de la kaliémie et de la fonction rénale. Précaution d'emploi : - pour la spironolactone à des doses comprises entre 12,5 mg et 50 mg/jour, et pour l’éplérénone utilisées dans le traitement de l'insuffisance cardiaque, ainsi qu'en cas d'hypokaliémie : contrôle strict de la kaliémie et de la fonction rénale.",18
ANTAGONISTES DES RÉCEPTEURS DE L'ANGIOTENSINE II,DIURÉTIQUES HYPOKALIÉMIANTS,antagonistes des recepteurs de l'angiotensine ii,diuretiques hypokaliemiants,moderate,PE,Risque d'hypotension artérielle brutale et/ou d'insuffisance rénale aiguë lors de l'instauration ou de l'augmentation de la posologie d'un traitement par un antagoniste de l'angiotensine II en cas de déplétion hydrosodée préexistante.,"Dans l'hypertension artérielle, lorsqu'un traitement diurétique préalable a pu entraîner une déplétion hydrosodée, il faut : - soit arrêter le diurétique avant de débuter le traitement par l'antagoniste de l'angiotensine II, et réintroduire un diurétique hypokaliémiant si nécessaire ultérieurement ; - soit administrer des doses initiales réduites d'antagoniste de l'angiotensine II et augmenter progressivement la posologie. Dans tous les cas : surveiller la fonction rénale (créatininémie) dans les premières semaines du traitement par l'antagoniste de l'angiotensine II.",18
ANTAGONISTES DES RÉCEPTEURS DE L'ANGIOTENSINE II,EPLERENONE,antagonistes des recepteurs de l'angiotensine ii,eplerenone,moderate,PE,"Majoration du risque d’hyperkaliémie, notamment chez le sujet âgé.",Contrôle strict de la kaliémie et de la fonction rénale pendant l’association.,18
ANTAGONISTES DES RÉCEPTEURS DE L'ANGIOTENSINE II,INHIBITEURS DE L'ENZYME DE CONVERSION,antagonistes des recepteurs de l'angiotensine ii,inhibiteurs de l'enzyme de conversion,low,APEC,"Dans les indications où cette association est possible, risque accru de dégradation de la fonction rénale, voire insuffisance rénale aiguë, et majoration de l'hyperkaliémie, ainsi que de l'hypotension et des syncopes.",,18
ANTAGONISTES DES RÉCEPTEURS DE L'ANGIOTENSINE II,LITHIUM,antagonistes des recepteurs de l'angiotensine ii,lithium,high,ASDEC,Augmentation de la lithémie pouvant atteindre des valeurs toxiques (diminution de l'excrétion rénale du lithium).,"Si l'usage d'un antagoniste de l'angiotensine II est indispensable, surveillance stricte de la lithémie et adaptation de la posologie.",19
ANTAGONISTES DES RÉCEPTEURS DE L'ANGIOTENSINE II,POTASSIUM,antagonistes des recepteurs de l'angiotensine ii,potassium,high,ASDEC,"Pour une quantité de potassium > à 1 mmol/prise, hyperkaliémie potentiellement létale, notamment chez l'insuffisant rénale (addition des effets hyperkaliémiants).",Sauf en cas d'hypokaliémie.,19
ANTIAGRÉGANTS PLAQUETTAIRES,ANAGRELIDE,antiagregants plaquettaires,anagrelide,high,ASDEC,Majoration des événements hémorragiques.,,19
ANTIAGRÉGANTS PLAQUETTAIRES,ANTICOAGULANTS ORAUX,antiagregants plaquettaires,anticoagulants oraux,low,APEC,Augmentation du risque hémorragique.,,19
ANTIAGRÉGANTS PLAQUETTAIRES,ANTI-INFLAMMATOIRES NON STÉROÏDIENS,antiagregants plaquettaires,anti-inflammatoires non steroidiens,low,APEC,"Augmentation du risque hémorragique, notamment gastro-intestinal.",,19
ANTIAGRÉGANTS PLAQUETTAIRES,COBIMÉTINIB,antiagregants plaquettaires,cobimetinib,moderate,PE,Augmentation du risque hémorragique.,Surveillance clinique.,19
ANTIAGRÉGANTS PLAQUETTAIRES,DÉFIBROTIDE,antiagregants plaquettaires,defibrotide,high,ASDEC,Risque hémorragique accru.,,19
ANTIAGRÉGANTS PLAQUETTAIRES,HÉPARINES,antiagregants plaquettaires,heparines,low,APEC,Augmentation du risque hémorragique.,,19
ANTIAGRÉGANTS PLAQUETTAIRES,IBRUTINIB,antiagregants plaquettaires,ibrutinib,moderate,PE,Augmentation du risque hémorragique.,Surveillance clinique.,19
ANTIAGRÉGANTS PLAQUETTAIRES,INHIBITEURS SÉLECTIFS DE LA RECAPTURE DE LA SÉROTONINE,antiagregants plaquettaires,inhibiteurs selectifs de la recapture de la serotonine,low,APEC,Augmentation du risque hémorragique.,,19
ANTIAGRÉGANTS PLAQUETTAIRES,MÉDICAMENTS MIXTES ADRÉNERGIQUES-SÉROTONINERGIQUES,antiagregants plaquettaires,medicaments mixtes adrenergiques-serotoninergiques,low,APEC,Augmentation du risque hémorragique.,,19
ANTIAGRÉGANTS PLAQUETTAIRES,THROMBOLYTIQUES,antiagregants plaquettaires,thrombolytiques,low,APEC,Augmentation du risque hémorragique.,,19
ANTIARYTHMIQUES,AUTRES ANTIARYTHMIQUES,antiarythmiques,autres antiarythmiques,critical,CI;ASDEC;APEC,"L'association de deux antiarythmiques est très délicate. Elle est dans la majorité des cas, contre-indiquée ou déconseillée.",,20
ANTIARYTHMIQUES CLASSE IA,ESMOLOL,antiarythmiques classe ia,esmolol,moderate,PE,"Troubles de la contractilité, de l'automatisme et de la conduction (suppression des mécanismes sympathiques compensateurs).",Surveillance clinique et ECG.,20
ANTIARYTHMIQUES CLASSE IA,INDUCTEURS ENZYMATIQUES PUISSANTS,antiarythmiques classe ia,inducteurs enzymatiques puissants,moderate,PE,"Diminution des concentrations plasmatiques et de l'efficacité de l'antiarythmique, par augmentation de son métabolisme hépatique par l'inducteur.","Surveillance clinique, ECG et contrôle des concentrations plasmatiques ; si besoin, adaptation de la posologie de l'antiarythmique pendant le traitement par l'inducteur et après son arrêt.",20
ANTIARYTHMIQUES CLASSE IA,RIFAMPICINE,antiarythmiques classe ia,rifampicine,moderate,PE,Diminution des concentrations plasmatiques et de l'efficacité de l'antiarythmique (augmentation de son métabolisme hépatique).,"Surveillance clinique, ECG et éventuellement de la concentration plasmatique de l'antiarythmique. Si besoin, adaptation de la posologie de l'antiarythmique pendant le traitement par la rifampicine et après son arrêt (risque de surdosage en antiarythmique).",20
ANTICHOLINESTÉRASIQUES,BÊTA-BLOQUANTS DANS L'INSUFFISANCE CARDIAQUE,anticholinesterasiques,beta-bloquants dans l'insuffisance cardiaque,moderate,PE,Risque de bradycardie excessive (addition des effets bradycardisants).,"Surveillance clinique régulière, notamment en début d'association.",20
ANTICHOLINESTÉRASIQUES,MÉDICAMENTS ATROPINIQUES,anticholinesterasiques,medicaments atropiniques,low,APEC,Risque de moindre efficacité de l’anticholinestérasique par antagonisme des récepteurs de l’acétylcholine par l’atropinique.,,20
ANTICHOLINESTÉRASIQUES,PILOCARPINE,anticholinesterasiques,pilocarpine,low,APEC,"Risque d'addition des effets indésirables cholinergiques, notamment digestifs.",,20
ANTICHOLINESTÉRASIQUES,SUXAMETHONIUM,anticholinesterasiques,suxamethonium,low,APEC,"Risque d'allongement du bloc moteur, majoré en cas de déficit partiel en pseudocholinestérase.",,20
ANTICOAGULANTS ORAUX,AUTRES ANTICOAGULANTS ORAUX,anticoagulants oraux,autres anticoagulants oraux,low,APEC,Risque de majoration des événements hémorragiques lors du relais d'un anticoagulant oral par un autre.,"Tenir compte de la demi-vie de l'anticoagulant oral et observer, le cas échéant, un délai de carence avant le début du traitement par l'autre. Penser à informer le patient.",20
ANTICOAGULANTS ORAUX,ACIDE ACETYLSALICYLIQUE,anticoagulants oraux,acide acetylsalicylique,critical,CI;ASDEC;APEC,"Majoration du risque hémorragique, notamment en cas d’antécédent d’ulcère gastro-duodénal.","Contre-indication avec : - des doses anti-inflammatoires d'acide acétylsalicylique (>=1g par prise et/ou >=3g par jour) - des doses antalgiques ou antipyrétiques (>=500 mg par prise et/ou <3g par jour) et en cas d’antécédent d’ulcère gastro-duodénal Association déconseillée avec : - des doses antalgiques ou antipyrétiques (>=500 mg par prise et/ou <3g par jour) en l'absence d’antécédent d’ulcère gastro-duodénal - des doses antiagrégantes (de 50 mg à 375 mg par jour) et en cas d’antécédent d’ulcère gastro-duodénal. Nécessité d'un contrôle le cas échéant, en particulier du temps de saignement. A prendre en compte avec : - des doses antiagrégantes (de 50 mg à 375 mg par jour)",21
ANTICOAGULANTS ORAUX,ANTIAGRÉGANTS PLAQUETTAIRES,anticoagulants oraux,antiagregants plaquettaires,low,APEC,Augmentation du risque hémorragique.,,21
ANTICOAGULANTS ORAUX,ANTI-INFLAMMATOIRES NON STÉROÏDIENS,anticoagulants oraux,anti-inflammatoires non steroidiens,high,ASDEC,Augmentation du risque hémorragique de l'anticoagulant oral (agression de la muqueuse gastroduodénale par les anti- inflammatoires non stéroïdiens).,"Si l'association ne peut être évitée, surveillance clinique étroite, voire biologique .",21
ANTICOAGULANTS ORAUX,COBIMÉTINIB,anticoagulants oraux,cobimetinib,moderate,PE,Augmentation du risque hémorragique.,"Surveillance clinique et le cas échéant, contrôle plus fréquent de l'INR.",21
ANTICOAGULANTS ORAUX,DÉFIBROTIDE,anticoagulants oraux,defibrotide,high,ASDEC,Risque hémorragique accru.,,21
ANTICOAGULANTS ORAUX,GLUCOCORTICOÏDES (SAUF HYDROCORTISONE),anticoagulants oraux,glucocorticoides (sauf hydrocortisone),moderate,PE,"Glucocorticoïdes (voies générale et rectale) : impact éventuel de la corticothérapie sur le métabolisme de l'antivitamine K et sur celui des facteurs de la coagulation. Risque hémorragique propre à la corticothérapie (muqueuse digestive, fragilité vasculaire) à fortes doses ou en traitement prolongé supérieur à 10 jours.","Lorsque l'association est justifiée, renforcer la surveillance : le cas échéant, avec les antivitamines K, contrôle biologique au 8e jour, puis tous les 15 jours pendant la corticothérapie et après son arrêt.",21
ANTICOAGULANTS ORAUX,HÉPARINES,anticoagulants oraux,heparines,critical,CI;PE,Augmentation du risque hémorragique.,"Les anticoagulants oraux d'action directe ne doivent pas être administrés conjointement à l'héparine. Lors du relais de l'un par l'autre, respecter l'intervalle entre les prises. Lors du relais héparine/antivitamine K (nécessitant plusieurs jours), renforcer la surveillance clinique et biologique.",21
ANTICOAGULANTS ORAUX,IBRUTINIB,anticoagulants oraux,ibrutinib,high,ASDEC,Augmentation du risque hémorragique.,"Si l’association ne peut être évitée, surveillance clinique et biologique étroite (pour les antivitamines K, contrôle plus fréquent de l’INR).",21
ANTICOAGULANTS ORAUX,IMATINIB,anticoagulants oraux,imatinib,high,ASDEC,"Augmentation du risque hémorragique. Pour l’apixaban et le rivaroxaban, risque de diminution de leur métabolisme par l’imatinib, se surajoutant au risque pharmacodynamique.","Si l’association ne peut être évitée, surveillance clinique et biologique étroite (pour les antivitamines K, contrôle plus fréquent de l’INR).",21
ANTICOAGULANTS ORAUX,INHIBITEURS SÉLECTIFS DE LA RECAPTURE DE LA SÉROTONINE,anticoagulants oraux,inhibiteurs selectifs de la recapture de la serotonine,low,APEC,Augmentation du risque hémorragique.,,21
ANTICOAGULANTS ORAUX,IPILIMUMAB,anticoagulants oraux,ipilimumab,moderate,PE,Augmentation du risque d'hémorragies digestives.,Surveillance clinique étroite.,21
ANTICOAGULANTS ORAUX,MÉDICAMENTS MIXTES ADRÉNERGIQUES-SÉROTONINERGIQUES,anticoagulants oraux,medicaments mixtes adrenergiques-serotoninergiques,low,APEC,Augmentation du risque hémorragique.,,21
ANTICOAGULANTS ORAUX,THROMBOLYTIQUES,anticoagulants oraux,thrombolytiques,low,APEC,Augmentation du risque hémorragique.,,22
ANTICOAGULANTS ORAUX,TRAMADOL,anticoagulants oraux,tramadol,low,APEC,Augmentation du risque hémorragique,Surveillance particulièrement chez le sujet âgé.,22
ANTICONVULSIVANTS MÉTABOLISÉS,MILLEPERTUIS,anticonvulsivants metabolises,millepertuis,critical,CI,Risque de diminution des concentrations plasmatiques et de l'efficacité de l'anticonvulsivant.,,22
ANTICORPS MONOCLONAUX (HORS ANTI-TNF ALPHA),VACCINS VIVANTS ATTÉNUÉS,anticorps monoclonaux (hors anti-tnf alpha),vaccins vivants attenues,high,ASDEC;APEC,"Risque de maladie vaccinale généralisée, éventuellement mortelle.","Association déconseillée avec : - anifrolumab, atézolizumab, bélimumab, bimékizumab, blinatumomab, canakinumab, durvalumab, guselkumab, inébilizumab, inotuzumab, ixékizumab, obinutuzumab, ocrélizumab, ofatumumab, rituximab, sacituzumab, spésolimab, tafasitamab, tézépelumab, tocilizumab, ustékinumab A prendre en compte avec : - alemtuzumab, amivantamab, brentuximab, cetuximab, daratumumab, dénosumab, ibritumomab, ipilimumab, natalizumab, nivolumab, panitumumab, pembrolizumab, ramucirumab, satralizumab, sécukinumab, siltuximab, tralokinumab, védolizumab",22
ANTIDÉPRESSEURS IMIPRAMINIQUES,ADRÉNALINE (VOIE BUCCO-DENTAIRE OU SOUS-CUTANÉE),antidepresseurs imipraminiques,adrenaline (voie bucco-dentaire ou sous-cutanee),moderate,PE,Troubles du rythme ventriculaire graves par augmentation de l'excitabilité cardiaque.,"Limiter l'apport, par exemple : moins de 0,1 mg d'adrénaline en 10 minutes ou 0,3 mg en 1 heure chez l'adulte.",22
ANTIDÉPRESSEURS IMIPRAMINIQUES,ANTIHYPERTENSEURS CENTRAUX,antidepresseurs imipraminiques,antihypertenseurs centraux,high,ASDEC,Risque d'inhibition de l'effet antihypertenseur par l'antidépresseur (antagonisme au niveau des récepteurs adrénergiques).,,22
ANTIDÉPRESSEURS IMIPRAMINIQUES,BÊTA-BLOQUANTS DANS L'INSUFFISANCE CARDIAQUE,antidepresseurs imipraminiques,beta-bloquants dans l'insuffisance cardiaque,low,APEC,"Effet vasodilatateur et risque d'hypotension, notamment orthostatique (effet additif).",,22
ANTIDÉPRESSEURS IMIPRAMINIQUES,INHIBITEURS SÉLECTIFS DE LA RECAPTURE DE LA SÉROTONINE,antidepresseurs imipraminiques,inhibiteurs selectifs de la recapture de la serotonine,moderate,PE,Augmentation des concentrations plasmatiques de l'antidépresseur imipraminique avec risque de convulsions et augmentation des effets indésirables.,"Surveillance clinique accrue et, si nécessaire, adaptation posologique.",22
ANTIDÉPRESSEURS IMIPRAMINIQUES,ORLISTAT,antidepresseurs imipraminiques,orlistat,low,APEC,Risque d'échec thérapeutique en cas de traitement concomitant par orlistat.,,22
ANTIDÉPRESSEURS IMIPRAMINIQUES,SYMPATHOMIMÉTIQUES ALPHA ET BÊTA (VOIE IM ET IV),antidepresseurs imipraminiques,sympathomimetiques alpha et beta (voie im et iv),high,ASDEC,Hypertension paroxystique avec possibilité de troubles du rythme (inhibition de l'entrée du sympathomimétique dans la fibre sympathique).,,22
ANTIHYPERTENSEURS ALPHA-BLOQUANTS,ALPHABLOQUANTS À VISÉE UROLOGIQUE,antihypertenseurs alpha-bloquants,alphabloquants a visee urologique,high,ASDEC,Majoration de l'effet hypotenseur. Risque d'hypotension orthostatique sévère.,,23
ANTIHYPERTENSEURS ALPHA-BLOQUANTS,ANTIHYPERTENSEURS SAUF ALPHA-BLOQUANTS,antihypertenseurs alpha-bloquants,antihypertenseurs sauf alpha-bloquants,low,APEC,Majoration de l'effet hypotenseur. Risque majoré d'hypotension orthostatique.,,23
ANTIHYPERTENSEURS ALPHA-BLOQUANTS,INHIBITEURS DE LA PHOSPHODIESTERASE DE TYPE 5,antihypertenseurs alpha-bloquants,inhibiteurs de la phosphodiesterase de type 5,high,ASDEC;PE,"Risque d’hypotension orthostatique, notamment chez le sujet âgé.",Association déconseillée : - avec la doxazosine Précaution d'emploi : - avec les autres alpha-bloquants Débuter le traitement aux posologies minimales recommandées et adapter progressivement les doses si besoin.,23
ANTIHYPERTENSEURS CENTRAUX,ANTIDÉPRESSEURS IMIPRAMINIQUES,antihypertenseurs centraux,antidepresseurs imipraminiques,high,ASDEC,Risque d'inhibition de l'effet antihypertenseur par l'antidépresseur (antagonisme au niveau des récepteurs adrénergiques).,,23
ANTIHYPERTENSEURS CENTRAUX,BÊTA-BLOQUANTS (SAUF ESMOLOL) (Y COMPRIS COLLYRES),antihypertenseurs centraux,beta-bloquants (sauf esmolol) (y compris collyres),moderate,PE,Augmentation importante de la pression artérielle en cas d'arrêt brutal du traitement par l'antihypertenseur central.,Eviter l'arrêt brutal du traitement par l'antihypertenseur central. Surveillance clinique.,23
ANTIHYPERTENSEURS CENTRAUX,BÊTA-BLOQUANTS DANS L'INSUFFISANCE CARDIAQUE,antihypertenseurs centraux,beta-bloquants dans l'insuffisance cardiaque,high,ASDEC,"Diminution centrale du tonus sympathique et effet vasodilatateur des antihypertenseurs centraux, préjudiciables en cas d'insuffisance cardiaque traitée par bêta-bloquant et vasodilatateur.",,23
ANTIHYPERTENSEURS CENTRAUX,DILTIAZEM,antihypertenseurs centraux,diltiazem,low,APEC,Troubles de l'automatisme (troubles de la conduction auriculo- ventriculaire par addition des effets négatifs sur la conduction).,,23
ANTIHYPERTENSEURS CENTRAUX,VERAPAMIL,antihypertenseurs centraux,verapamil,low,APEC,Troubles de l'automatisme (troubles de la conduction auriculo- ventriculaire par addition des effets négatifs sur la conduction).,,23
ANTIHYPERTENSEURS CENTRAUX,YOHIMBINE,antihypertenseurs centraux,yohimbine,high,ASDEC,Inhibition possible de l'activité antihypertensive par antagonisme au niveau des récepteurs.,,23
ANTIHYPERTENSEURS SAUF ALPHA-BLOQUANTS,ALPHABLOQUANTS À VISÉE UROLOGIQUE,antihypertenseurs sauf alpha-bloquants,alphabloquants a visee urologique,low,APEC,Majoration de l'effet hypotenseur. Risque d'hypotension orthostatique majoré.,,23
ANTIHYPERTENSEURS SAUF ALPHA-BLOQUANTS,ANTIHYPERTENSEURS ALPHA-BLOQUANTS,antihypertenseurs sauf alpha-bloquants,antihypertenseurs alpha-bloquants,low,APEC,Majoration de l'effet hypotenseur. Risque majoré d'hypotension orthostatique.,,23
ANTI-INFLAMMATOIRES NON STÉROÏDIENS,AUTRES ANTI-INFLAMMATOIRES NON STÉROÏDIENS,anti-inflammatoires non steroidiens,autres anti-inflammatoires non steroidiens,high,ASDEC,Avec les autres anti-inflammatoires non stéroïdiens : majoration du risque ulcérogène et hémorragique digestif.,,24
ANTI-INFLAMMATOIRES NON STÉROÏDIENS,ACIDE ACETYLSALICYLIQUE,anti-inflammatoires non steroidiens,acide acetylsalicylique,high,ASDEC;APEC,Majoration du risque ulcérogène et hémorragique digestif.,Association déconseillée avec : - des doses anti-inflammatoires d'acide acétylsalicylique (>=1g par prise et/ou >=3g par jour) - des doses antalgiques ou antipyrétiques (>=500 mg par prise et/ou <3g par jour) A prendre en compte avec : - des doses antiagrégantes (de 50 mg à 375 mg par jour en 1 ou plusieurs prises),24
ANTI-INFLAMMATOIRES NON STÉROÏDIENS,ANTAGONISTES DES RÉCEPTEURS DE L'ANGIOTENSINE II,anti-inflammatoires non steroidiens,antagonistes des recepteurs de l'angiotensine ii,moderate,PE,"Insuffisance rénale aiguë chez le patient à risque (sujet âgé, déshydratation, traitement associé avec diurétiques, altération de la fonction rénale), par diminution de la filtration glomérulaire secondaire à une diminution de la synthèse des prostaglandines rénales. Ces effets sont généralement réversibles. Par ailleurs, réduction de l’effet antihypertenseur.",Hydrater le malade et surveiller la fonction rénale en début de traitement et régulièrement pendant l’association.,24
ANTI-INFLAMMATOIRES NON STÉROÏDIENS,ANTIAGRÉGANTS PLAQUETTAIRES,anti-inflammatoires non steroidiens,antiagregants plaquettaires,low,APEC,"Augmentation du risque hémorragique, notamment gastro-intestinal.",,24
ANTI-INFLAMMATOIRES NON STÉROÏDIENS,ANTICOAGULANTS ORAUX,anti-inflammatoires non steroidiens,anticoagulants oraux,high,ASDEC,Augmentation du risque hémorragique de l'anticoagulant oral (agression de la muqueuse gastroduodénale par les anti- inflammatoires non stéroïdiens).,"Si l'association ne peut être évitée, surveillance clinique étroite, voire biologique .",24
ANTI-INFLAMMATOIRES NON STÉROÏDIENS,BÊTA-BLOQUANTS (SAUF ESMOLOL) (Y COMPRIS COLLYRES),anti-inflammatoires non steroidiens,beta-bloquants (sauf esmolol) (y compris collyres),low,APEC,Réduction de l'effet antihypertenseur (inhibition des prostaglandines vasodilatatrices par les anti-inflammatoires non stéroïdiens).,,24
ANTI-INFLAMMATOIRES NON STÉROÏDIENS,CICLOSPORINE,anti-inflammatoires non steroidiens,ciclosporine,moderate,PE,"Risque d’addition des effets néphrotoxiques, notamment chez le sujet âgé.",Surveiller la fonction rénale en début de traitement par l’AINS.,24
ANTI-INFLAMMATOIRES NON STÉROÏDIENS,COBIMÉTINIB,anti-inflammatoires non steroidiens,cobimetinib,moderate,PE,Augmentation du risque hémorragique.,Surveillance clinique.,24
ANTI-INFLAMMATOIRES NON STÉROÏDIENS,DEFERASIROX,anti-inflammatoires non steroidiens,deferasirox,low,APEC,Majoration du risque ulcérogène et hémorragique digestif.,,24
ANTI-INFLAMMATOIRES NON STÉROÏDIENS,DIURÉTIQUES,anti-inflammatoires non steroidiens,diuretiques,moderate,PE,"Insuffisance rénale aiguë chez le patient à risque (âgé, déshydraté, sous diurétiques, avec une fonction rénale altérée), par diminution de la filtration glomérulaire secondaire à une diminution de la synthèse des prostaglandines rénales. Ces effets sont généralement réversibles. Par ailleurs, réduction de l’effet antihypertenseur.",Hydrater le malade et surveiller la fonction rénale en début de traitement et régulièrement pendant l'association.,24
ANTI-INFLAMMATOIRES NON STÉROÏDIENS,GLUCOCORTICOÏDES (SAUF HYDROCORTISONE),anti-inflammatoires non steroidiens,glucocorticoides (sauf hydrocortisone),low,APEC,Augmentation du risque d’ulcération et d’hémorragie gastro- intestinale.,,24
ANTI-INFLAMMATOIRES NON STÉROÏDIENS,HÉPARINES (DOSES CURATIVES ET/OU SUJET ÂGÉ),anti-inflammatoires non steroidiens,heparines (doses curatives et/ou sujet age),high,ASDEC,Augmentation du risque hémorragique (agression de la muqueuse gastroduodénale par les anti-inflammatoires non stéroïdiens).,"Si l'association ne peut être évitée, surveillance clinique étroite.",24
ANTI-INFLAMMATOIRES NON STÉROÏDIENS,HÉPARINES (DOSES PRÉVENTIVES),anti-inflammatoires non steroidiens,heparines (doses preventives),low,APEC,Augmentation du risque hémorragique.,,25
ANTI-INFLAMMATOIRES NON STÉROÏDIENS,INHIBITEURS DE L'ENZYME DE CONVERSION,anti-inflammatoires non steroidiens,inhibiteurs de l'enzyme de conversion,moderate,PE,"Insuffisance rénale aiguë chez le patient à risque (âgé, déshydraté, sous diurétiques, avec une fonction rénale altérée), par diminution de la filtration glomérulaire secondaire à une diminution de la synthèse des prostaglandines rénales. Ces effets sont généralement réversibles. Par ailleurs, réduction de l’effet antihypertenseur.",Hydrater le malade et surveiller la fonction rénale en début de traitement et régulièrement pendant l’association.,25
ANTI-INFLAMMATOIRES NON STÉROÏDIENS,INHIBITEURS SÉLECTIFS DE LA RECAPTURE DE LA SÉROTONINE,anti-inflammatoires non steroidiens,inhibiteurs selectifs de la recapture de la serotonine,low,APEC,Majoration du risque hémorragique.,,25
ANTI-INFLAMMATOIRES NON STÉROÏDIENS,LITHIUM,anti-inflammatoires non steroidiens,lithium,high,ASDEC,Augmentation de la lithémie pouvant atteindre des valeurs toxiques (diminution de l'excrétion rénale du lithium).,"Si l'association ne peut être évitée, surveiller étroitement la lithémie et adapter la posologie du lithium pendant l'association et après l'arrêt de l'anti-inflammatoire non stéroïdien.",25
ANTI-INFLAMMATOIRES NON STÉROÏDIENS,MÉDICAMENTS MIXTES ADRÉNERGIQUES-SÉROTONINERGIQUES,anti-inflammatoires non steroidiens,medicaments mixtes adrenergiques-serotoninergiques,low,APEC,Augmentation du risque hémorragique.,,25
ANTI-INFLAMMATOIRES NON STÉROÏDIENS,METHOTREXATE,anti-inflammatoires non steroidiens,methotrexate,high,ASDEC;PE,Augmentation de la toxicité hématologique du méthotrexate (diminution de la clairance rénale du méthotrexate par les anti- inflammatoires).,"Association déconseillée: - pour des doses de méthotrexate supérieures à 20 mg par semaine. - avec le kétoprofène et le méthotrexate à des doses supérieures à 20 mg par semaines, respecter un intervalle d'au moins 12 heures entre l'arrêt ou le début d'un traitement par kétoprofène et la prise de méthotrexate. Association nécessitant une précaution d'emploi : - avec le méthotrexate utilisé à faibles doses (inférieures ou égales à 20 mg par semaine), contrôle hebdomadaire de l'hémogramme durant les premières semaines de l'association. Surveillance accrue en cas d'altération (même légère) de la fonction rénale, ainsi que chez le sujet âgé.",25
ANTI-INFLAMMATOIRES NON STÉROÏDIENS,MIFAMURTIDE,anti-inflammatoires non steroidiens,mifamurtide,critical,CI,"Aux doses élevées d’AINS, risque de moindre efficacité du mifamurtide.",,25
ANTI-INFLAMMATOIRES NON STÉROÏDIENS,NICORANDIL,anti-inflammatoires non steroidiens,nicorandil,high,ASDEC,Majoration du risque ulcérogène et hémorragique digestif.,,25
ANTI-INFLAMMATOIRES NON STÉROÏDIENS,PEMETREXED,anti-inflammatoires non steroidiens,pemetrexed,high,ASDEC;PE,Risque de majoration de la toxicité du pemetrexed (diminution de sa clairance rénale par les AINS).,Association déconseillée : - en cas de fonction rénale faible à modérée. Précaution d'emploi : - en cas de fonction rénale normale. Surveillance biologique de la fonction rénale.,25
ANTI-INFLAMMATOIRES NON STÉROÏDIENS,TACROLIMUS,anti-inflammatoires non steroidiens,tacrolimus,moderate,PE,"Risque d’addition des effets néphrotoxiques, notamment chez le sujet âgé.",Surveiller la fonction rénale en début de traitement par l’AINS.,25
ANTI-INFLAMMATOIRES NON STÉROÏDIENS,TENOFOVIR DISOPROXIL,anti-inflammatoires non steroidiens,tenofovir disoproxil,moderate,PE,"Risque de majoration de la néphrotoxicité du ténofovir, notamment avec des doses élevées de l'anti-inflammatoire ou en présence de facteurs de risque d'insuffisance rénale.","En cas d’association, surveiller la fonction rénale.",25
ANTIPARASITAIRES SUSCEPTIBLES DE DONNER DES TORSADES DE POINTES,SUBSTANCES SUSCEPTIBLES DE DONNER DES TORSADES DE POINTES,antiparasitaires susceptibles de donner des torsades de pointes,substances susceptibles de donner des torsades de pointes,critical,CI;ASDEC,"Risque majoré de troubles du rythme ventriculaire, notamment de torsades de pointes.","Contre-indication: - avec le citalopram, la dompéridone, l'escitalopram, l'hydroxyzine et la pipéraquine. Association déconseillée: - avec les autres médicaments susceptibles de donner des torsades de pointes. Si cela est possible, interrompre l'un des deux traitements. Si l'association ne peut être évitée, contrôle préalable du QT et surveillance ECG monitorée.",26
ANTIPARKINSONIENS ANTICHOLINERGIQUES,ALCALOÏDES DE L'ERGOT DE SEIGLE DOPAMINERGIQUES,antiparkinsoniens anticholinergiques,alcaloides de l'ergot de seigle dopaminergiques,moderate,PE,Risque de majoration des troubles neuropsychiques.,"Surveillance clinique et biologique régulière, notamment en début d'association.",26
ANTIPARKINSONIENS DOPAMINERGIQUES,NEUROLEPTIQUES ANTIPSYCHOTIQUES (SAUF CLOZAPINE),antiparkinsoniens dopaminergiques,neuroleptiques antipsychotiques (sauf clozapine),high,ASDEC,"Antagonisme réciproque du dopaminergique et des neuroleptiques. Le dopaminergique peut provoquer ou aggraver les troubles psychotiques. En cas de nécessité d'un traitement par neuroleptiques chez le patient parkinsonien traité par dopaminergique, ces derniers doivent être diminués progressivement jusqu'à l'arrêt (leur arrêt brutal expose à un risque de ""syndrome malin des neuroleptiques"").",,26
ANTIPURINES,ANTIVITAMINES K,antipurines,antivitamines k,moderate,PE,Augmentation du risque hémorragique.,Contrôle plus fréquent de l'INR. Adaptation éventuelle de la posologie de l'antivitamine K à la mise en route du traitement par l'immunomodulateur et après son arrêt.,26
ANTIPURINES,DÉRIVÉS DE L'ACIDE AMINOSALICYLIQUE (ASA),antipurines,derives de l'acide aminosalicylique (asa),low,APEC,"Risque de majoration de l'effet myélosuppresseur de l'immunomodulateur par inhibition de son métabolisme hépatique par le dérivé de l'ASA, notamment chez les sujets présentant un déficit partiel en thiopurine méthyltransférase (TPMT).",,26
ANTIPURINES,INHIBITEURS DE LA XANTHINE OXYDASE,antipurines,inhibiteurs de la xanthine oxydase,critical,CI,Insuffisance médullaire éventuellement grave.,,26
ANTIPURINES,RIBAVIRINE,antipurines,ribavirine,high,ASDEC,"Risque majoré d'effets indésirables graves, par inhibition du métabolisme de l'immunomodulateur par la ribavirine.",,26
ANTISÉCRÉTOIRES ANTIHISTAMINIQUES H2,ATAZANAVIR,antisecretoires antihistaminiques h2,atazanavir,low,APEC,Risque de diminution des concentrations plasmatiques de l'atazanavir.,,26
ANTISÉCRÉTOIRES ANTIHISTAMINIQUES H2,CYANOCOBALAMINE,antisecretoires antihistaminiques h2,cyanocobalamine,low,APEC,"Risque de carence en cyanocobalamine après traitement prolongé (quelques années), la réduction de l’acidité gastrique par ces médicaments pouvant diminuer l’absorption digestive de la vitamine B12.",,26
ANTISÉCRÉTOIRES ANTIHISTAMINIQUES H2,INHIBITEURS DE TYROSINE KINASES MÉTABOLISÉS,antisecretoires antihistaminiques h2,inhibiteurs de tyrosine kinases metabolises,low,APEC,"Risque de diminution de la biodisponibilité de l’inhibiteur de tyrosine kinases, en raison de son absorption pH-dépendante.",- sauf avec l'entrectinib et le vandétanib.,26
ANTISÉCRÉTOIRES ANTIHISTAMINIQUES H2,ITRACONAZOLE,antisecretoires antihistaminiques h2,itraconazole,low,APEC,"Diminution de l'absorption de l'azolé antifongique, par augmentation du pH intragastrique par l'antisécrétoire.",,27
ANTISÉCRÉTOIRES ANTIHISTAMINIQUES H2,KETOCONAZOLE,antisecretoires antihistaminiques h2,ketoconazole,low,APEC,"Diminution de l'absorption de l'azolé antifongique, par augmentation du pH intragastrique par l'antisécrétoire.",,27
ANTISÉCRÉTOIRES ANTIHISTAMINIQUES H2,POSACONAZOLE,antisecretoires antihistaminiques h2,posaconazole,high,ASDEC,"Diminution de l'absorption de l'azolé antifongique, par augmentation du pH intragastrique par l'antisécrétoire.",Association déconseillée: - uniquement avec la forme suspension buvable de posaconazole.,27
ANTISÉCRÉTOIRES ANTIHISTAMINIQUES H2,RILPIVIRINE,antisecretoires antihistaminiques h2,rilpivirine,low,APEC,Risque de diminution des concentrations plasmatiques de la rilpivirine.,"Si nécessaire, utiliser un antihistaminique H2 actif en une prise par jour, à prendre au moins 12 heures avant, ou au moins 4 heures après.",27
ANTISÉCRÉTOIRES ANTIHISTAMINIQUES H2,SOTORASIB,antisecretoires antihistaminiques h2,sotorasib,low,APEC,"Risque de diminution de l’effet du sotorasib, par diminution de son absorption.",,27
ANTISÉCRÉTOIRES ANTIHISTAMINIQUES H2,ULIPRISTAL,antisecretoires antihistaminiques h2,ulipristal,low,APEC,"Risque de diminution de l’effet de l’ulipristal, par diminution de son absorption.",,27
ANTISÉCRÉTOIRES INHIBITEURS DE LA POMPE À PROTONS,ATAZANAVIR,antisecretoires inhibiteurs de la pompe a protons,atazanavir,high,ASDEC,"Diminution très importante des concentrations plasmatiques de l'atazanavir, avec risque d'échec thérapeutique.",,27
ANTISÉCRÉTOIRES INHIBITEURS DE LA POMPE À PROTONS,CYANOCOBALAMINE,antisecretoires inhibiteurs de la pompe a protons,cyanocobalamine,low,APEC,"Risque de carence en cyanocobalamine après traitement prolongé (quelques années), la réduction de l’acidité gastrique par ces médicaments pouvant diminuer l’absorption digestive de la vitamine B12.",,27
ANTISÉCRÉTOIRES INHIBITEURS DE LA POMPE À PROTONS,HORMONES THYROÏDIENNES,antisecretoires inhibiteurs de la pompe a protons,hormones thyroidiennes,moderate,PE,"Diminution probable de l'absorption des hormones thyroïdiennes, par augmentation du pH intra-gastrique par l'antisécrétoire.","Contrôle clinique et biologique régulier, avec augmentation éventuelle de la posologie des hormones thyroïdiennes.",27
ANTISÉCRÉTOIRES INHIBITEURS DE LA POMPE À PROTONS,INHIBITEURS DE TYROSINE KINASES MÉTABOLISÉS,antisecretoires inhibiteurs de la pompe a protons,inhibiteurs de tyrosine kinases metabolises,low,APEC,"Risque de diminution de la biodisponibilité de l’inhibiteur de tyrosine kinases, en raison de son absorption pH-dépendante.","- sauf avec l'entrectinib, le fédratinib, l'imatinib, le tucatinib et le vandétanib",27
ANTISÉCRÉTOIRES INHIBITEURS DE LA POMPE À PROTONS,ITRACONAZOLE,antisecretoires inhibiteurs de la pompe a protons,itraconazole,low,APEC,"Diminution de l'absorption de l'azolé antifongique, par augmentation du pH intragastrique par l'antisécrétoire.",,27
ANTISÉCRÉTOIRES INHIBITEURS DE LA POMPE À PROTONS,KETOCONAZOLE,antisecretoires inhibiteurs de la pompe a protons,ketoconazole,low,APEC,"Diminution de l'absorption de l'azolé antifongique, par augmentation du pH intragastrique par l'antisécrétoire.",,27
ANTISÉCRÉTOIRES INHIBITEURS DE LA POMPE À PROTONS,LÉDIPASVIR,antisecretoires inhibiteurs de la pompe a protons,ledipasvir,moderate,PE,Diminution des concentrations du lédipasvir en cas d’administration de l’inhibiteur de la pompe à protons avant le lédipasvir.,Il est recommandé de prendre l'’inhibiteur de la pompe à protons et le lédipasvir simultanément.,27
ANTISÉCRÉTOIRES INHIBITEURS DE LA POMPE À PROTONS,METHOTREXATE,antisecretoires inhibiteurs de la pompe a protons,methotrexate,high,ASDEC;APEC,Risque d’augmentation de la toxicité du méthotrexate par diminution de son élimination.,Association déconseillée : - avec le méthotrexate aux doses > 20 mg / semaine A prendre en compte : - pour des doses inférieures,27
ANTISÉCRÉTOIRES INHIBITEURS DE LA POMPE À PROTONS,MILLEPERTUIS,antisecretoires inhibiteurs de la pompe a protons,millepertuis,low,APEC,Risque d’inefficacité du traitement antisécrétoire par augmentation de son métabolisme par le millepertuis.,,28
ANTISÉCRÉTOIRES INHIBITEURS DE LA POMPE À PROTONS,MYCOPHENOLATE MOFETIL,antisecretoires inhibiteurs de la pompe a protons,mycophenolate mofetil,low,APEC,"Diminution des concentrations de l’acide mycophénolique d’environ un tiers, avec risque potentiel de baisse d’efficacité.",,28
ANTISÉCRÉTOIRES INHIBITEURS DE LA POMPE À PROTONS,POSACONAZOLE,antisecretoires inhibiteurs de la pompe a protons,posaconazole,high,ASDEC,"Diminution de l'absorption de l'azolé antifongique, par augmentation du pH intragastrique par l'antisécrétoire.",Association déconseillée: - uniquement avec la forme suspension buvable de posaconazole.,28
ANTISÉCRÉTOIRES INHIBITEURS DE LA POMPE À PROTONS,RILPIVIRINE,antisecretoires inhibiteurs de la pompe a protons,rilpivirine,critical,CI,Diminution des concentrations plasmatiques de rilpivirine par l’inhibiteur de la pompe à protons (absorption diminuée en raison de l’augmentation du pH gastrique).,,28
ANTISÉCRÉTOIRES INHIBITEURS DE LA POMPE À PROTONS,SOTORASIB,antisecretoires inhibiteurs de la pompe a protons,sotorasib,low,APEC,"Risque de diminution de l’effet du sotorasib, par diminution de son absorption.",,28
ANTISÉCRÉTOIRES INHIBITEURS DE LA POMPE À PROTONS,ULIPRISTAL,antisecretoires inhibiteurs de la pompe a protons,ulipristal,low,APEC,"Risque de diminution de l’effet de l’ulipristal, par diminution de son absorption.",,28
ANTISÉCRÉTOIRES INHIBITEURS DE LA POMPE À PROTONS,VELPATASVIR,antisecretoires inhibiteurs de la pompe a protons,velpatasvir,high,ASDEC,Diminution des concentrations de velpatasvir et de sofosbuvir.,"Si l’association s’avère nécessaire, la bithérapie velpatasvir/sofosbuvir doit être prise au moment du repas, ou 4 heures avant la prise d’un IPP donné à dose minimale.",28
ANTISEPTIQUES MERCURIELS,POVIDONE IODÉE,antiseptiques mercuriels,povidone iodee,high,ASDEC,"Erythèmes, phlyctènes, voire nécrose cutanéo-muqueuse (formation d'un complexe caustique en cas d'utilisation concomitante d'antiseptiques iodés et mercuriels). L'interaction dépend de la stabilité de l'organo-mercuriel au niveau cutané et de la sensibilité individuelle.",,28
ANTISPASMODIQUES URINAIRES,INHIBITEURS PUISSANTS DU CYP3A4,antispasmodiques urinaires,inhibiteurs puissants du cyp3a4,critical,CI;ASDEC;PE,Risque de majoration des effets indésirables.,"Contre-indication : - avec la darifénacine - avec la fésotérodine et la solifénacine, en cas d'insuffisance rénale ou hépatique, modérée à sévère. Association déconseillée : - avec la toltérodine Précaution d'emploi: - avec la fésotérodine ou la solifénacine, chez le patient à fonction rénale et hépatique normales, réduire la dose à 4 mg ou 5 mg, respectivement, en cas d'association à un inhibiteur puissant du CYP3A4. A prendre en compte : - avec l'oxybutynine.",28
ANTI-TNF ALPHA,ABATACEPT,anti-tnf alpha,abatacept,high,ASDEC,Majoration de l’immunodépression.,,28
ANTI-TNF ALPHA,ANAKINRA,anti-tnf alpha,anakinra,high,ASDEC,Risque accru d'infections graves et de neutropénies.,,29
ANTI-TNF ALPHA,CANAKINUMAB,anti-tnf alpha,canakinumab,high,ASDEC,Risque de majoration des infections graves.,,29
ANTI-TNF ALPHA,VACCINS VIVANTS ATTÉNUÉS,anti-tnf alpha,vaccins vivants attenues,critical,CI,Risque de maladie vaccinale généralisée éventuellement mortelle.,Et pendant les 3 mois suivant l'arrêt du traitement.,29
ANTITUSSIFS MORPHINE-LIKE,ANALGÉSIQUES MORPHINIQUES AGONISTES,antitussifs morphine-like,analgesiques morphiniques agonistes,low,APEC,"Risque majoré de dépression respiratoire, pouvant être fatale en cas de surdosage.",,29
ANTITUSSIFS MORPHINE-LIKE,METHADONE,antitussifs morphine-like,methadone,low,APEC,"Risque majoré de dépression respiratoire, pouvant être fatale en cas de surdosage.",,29
ANTITUSSIFS MORPHINIQUES VRAIS,ANALGÉSIQUES MORPHINIQUES AGONISTES,antitussifs morphiniques vrais,analgesiques morphiniques agonistes,low,APEC,"Risque majoré de dépression respiratoire, pouvant être fatale en cas de surdosage.",,29
ANTITUSSIFS MORPHINIQUES VRAIS,METHADONE,antitussifs morphiniques vrais,methadone,low,APEC,"Risque majoré de dépression respiratoire, pouvant être fatale en cas de surdosage.",,29
ANTITUSSIFS MORPHINIQUES VRAIS,MORPHINIQUES AGONISTES-ANTAGONISTES,antitussifs morphiniques vrais,morphiniques agonistes-antagonistes,high,ASDEC,"Diminution de l'effet antalgique ou antitussif du morphinique, par blocage compétitif des récepteurs, avec risque d'apparition d'un syndrome de sevrage.",,29
ANTI-INFECTIEUX ET HEMOSTASE,ALLOPURINOL,anti-infectieux et hemostase,allopurinol,moderate,PE,Augmentation du risque hémorragique.,Contrôle plus fréquent de l'INR. Adaptation éventuelle de la posologie de l'antivitamine K pendant le traitement par l'allopurinol et 8 jours après son arrêt.,29
ANTI-INFECTIEUX ET HEMOSTASE,AMIODARONE,anti-infectieux et hemostase,amiodarone,moderate,PE,Augmentation de l'effet de l'antivitamine K et du risque hémorragique.,Contrôle plus fréquent de l'INR. Adaptation éventuelle de la posologie de l'antivitamine K pendant le traitement par l'amiodarone et jusqu'à 4 semaines après son arrêt.,29
ANTI-INFECTIEUX ET HEMOSTASE,ANDROGÈNES,anti-infectieux et hemostase,androgenes,moderate,PE,Augmentation du risque hémorragique par effet direct sur la coagulation et/ou les systèmes fibrinolytiques.,Contrôle plus fréquent de l’INR. Adaptation de la posologie de l’antivitamine K pendant le traitement par l'androgène et après son arrêt.,29
ANTI-INFECTIEUX ET HEMOSTASE,ANTIPURINES,anti-infectieux et hemostase,antipurines,moderate,PE,Augmentation du risque hémorragique.,Contrôle plus fréquent de l'INR. Adaptation éventuelle de la posologie de l'antivitamine K à la mise en route du traitement par l'immunomodulateur et après son arrêt.,30
ANTI-INFECTIEUX ET HEMOSTASE,APREPITANT,anti-infectieux et hemostase,aprepitant,low,APEC,Risque de diminution de l’effet de l’antivitamine K par augmentation de son métabolisme hépatique par l’aprépitant.,,30
ANTI-INFECTIEUX ET HEMOSTASE,BOSENTAN,anti-infectieux et hemostase,bosentan,moderate,PE,Diminution de l'effet de l'antivitamine K par augmentation de son métabolisme hépatique.,Contrôle plus fréquent de l'INR. Adaptation éventuelle de la posologie de l'antivitamine K.,30
ANTI-INFECTIEUX ET HEMOSTASE,CEFAMANDOLE,anti-infectieux et hemostase,cefamandole,moderate,PE,Augmentation de l'effet de l'antivitamine K et du risque hémorragique.,Contrôle plus fréquent de l'INR. Adaptation éventuelle de la posologie de l'antivitamine K pendant le traitement par la céphalosporine et après son arrêt.,30
ANTI-INFECTIEUX ET HEMOSTASE,CEFAZOLINE,anti-infectieux et hemostase,cefazoline,moderate,PE,Augmentation de l'effet de l'antivitamine K et du risque hémorragique.,Contrôle plus fréquent de l'INR. Adaptation éventuelle de la posologie de l'antivitamine K pendant le traitement par la céphalosporine et après son arrêt.,30
ANTI-INFECTIEUX ET HEMOSTASE,CEFTRIAXONE,anti-infectieux et hemostase,ceftriaxone,moderate,PE,Augmentation de l'effet de l'antivitamine K et du risque hémorragique.,Contrôle plus fréquent de l'INR. Adaptation éventuelle de la posologie de l'antivitamine K pendant le traitement par la céphalosporine et après son arrêt.,30
ANTI-INFECTIEUX ET HEMOSTASE,CIMETIDINE,anti-infectieux et hemostase,cimetidine,low,APEC,Avec la cimétidine utilisée à des doses supérieures ou égales à 800 mg/j : augmentation de l'effet de l'antivitamine K et du risque hémorragique (diminution de son métabolisme hépatique).,,30
ANTI-INFECTIEUX ET HEMOSTASE,CLINDAMYCINE,anti-infectieux et hemostase,clindamycine,moderate,PE,Augmentation de l’effet de l’antivitamine K et du risque hémorragique.,Contrôle plus fréquent de l’INR. Adaptation éventuelle de la posologie de l’antivitamine K pendant le traitement par clindamycine et après son arrêt.,30
ANTI-INFECTIEUX ET HEMOSTASE,COLCHICINE,anti-infectieux et hemostase,colchicine,moderate,PE,Augmentation de l'effet de l'antivitamine K et du risque hémorragique.,Contrôle plus fréquent de l'INR. Adaptation éventuelle de la posologie de l'antivitamine K pendant le traitement par la colchicine et 8 jours après son arrêt.,30
ANTI-INFECTIEUX ET HEMOSTASE,CYCLINES,anti-infectieux et hemostase,cyclines,moderate,PE,"Augmentation de l'effet de l'antivitamine K et du risque hémorragique (pour la tigécycline, effet direct sur la coagulation et/ou les systèmes fibrinolytiques).",Contrôle plus fréquent de l'INR. Adaptation éventuelle de la posologie de l'antivitamine K pendant le traitement par la cycline et après son arrêt.,30
ANTI-INFECTIEUX ET HEMOSTASE,CYTOTOXIQUES,anti-infectieux et hemostase,cytotoxiques,moderate,PE,"Augmentation du risque thrombotique et hémorragique au cours des affections tumorales. De surcroit, possible interaction entre les AVK et la chimiothérapie.",Contrôle plus fréquent de l'INR.,30
ANTI-INFECTIEUX ET HEMOSTASE,DANAZOL,anti-infectieux et hemostase,danazol,moderate,PE,Augmentation du risque hémorragique par effet direct sur la coagulation et/ou les systèmes fibrinolytiques.,Contrôle plus fréquent de l’INR. Adaptation de la posologie de l’antivitamine K pendant le traitement par le danazol et après son arrêt.,30
ANTI-INFECTIEUX ET HEMOSTASE,DEFERASIROX,anti-infectieux et hemostase,deferasirox,low,APEC,Majoration du risque ulcérogène et hémorragique digestif.,,30
ANTI-INFECTIEUX ET HEMOSTASE,DISULFIRAME,anti-infectieux et hemostase,disulfirame,moderate,PE,Augmentation de l'effet de l'antivitamine K et du risque hémorragique.,Contrôle plus fréquent de l'INR. Adaptation de la posologie de l'antivitamine K pendant le traitement par le disulfirame et 8 jours après son arrêt.,30
ANTI-INFECTIEUX ET HEMOSTASE,ECONAZOLE,anti-infectieux et hemostase,econazole,moderate,PE,Quelle que soit la voie d'administration de l'éconazole : augmentation de l'effet de l'antivitamine K et du risque hémorragique.,Contrôle plus fréquent de l'INR. Adaptation éventuelle de la posologie de l'antivitamine K pendant le traitement par éconazole et après son arrêt.,31
ANTI-INFECTIEUX ET HEMOSTASE,EFAVIRENZ,anti-infectieux et hemostase,efavirenz,moderate,PE,Diminution de l'effet de l'antivitamine K par augmentation de son métabolisme hépatique.,Contrôle plus fréquent de l'INR. Adaptation éventuelle de la posologie de l'antivitamine K.,31
ANTI-INFECTIEUX ET HEMOSTASE,FIBRATES,anti-infectieux et hemostase,fibrates,moderate,PE,Augmentation de l'effet de l'antivitamine K et du risque hémorragique.,Contrôle plus fréquent de l'INR. Adaptation éventuelle de la posologie de l'antivitamine K pendant le traitement par le fibrate et 8 jours après son arrêt.,31
ANTI-INFECTIEUX ET HEMOSTASE,FLUCONAZOLE,anti-infectieux et hemostase,fluconazole,moderate,PE,Augmentation de l'effet de l'antivitamine K et du risque hémorragique.,Contrôle plus fréquent de l'INR. Adaptation éventuelle de la posologie de l'antivitamine K pendant le traitement par le fluconazole et 8 jours après son arrêt.,31
ANTI-INFECTIEUX ET HEMOSTASE,FLUOROQUINOLONES,anti-infectieux et hemostase,fluoroquinolones,moderate,PE,Augmentation de l'effet de l'antivitamine K et du risque hémorragique.,Contrôle plus fréquent de l'INR. Adaptation éventuelle de la posologie de l'antivitamine K pendant le traitement par la fluoroquinolone et après son arrêt.,31
ANTI-INFECTIEUX ET HEMOSTASE,"FLUOROURACILE (ET, PAR EXTRAPOLATION, AUTRES FLUOROPYRIMIDINES)",anti-infectieux et hemostase,"fluorouracile (et, par extrapolation, autres fluoropyrimidines)",high,ASDEC,Augmentation importante de l'effet de l'antivitamine K et du risque hémorragique.,"Si elle ne peut être évitée, contrôle plus fréquent de l'INR. Adaptation de la posologie de l'antivitamine K pendant le traitement par le cytotoxique et 8 jours après son arrêt.",31
ANTI-INFECTIEUX ET HEMOSTASE,GLUCOSAMINE,anti-infectieux et hemostase,glucosamine,moderate,PE,Augmentation du risque hémorragique.,Contrôle plus fréquent de l’INR. Adapation éventuelle de la posologie de l’antivitamine K.,31
ANTI-INFECTIEUX ET HEMOSTASE,INDUCTEURS ENZYMATIQUES PUISSANTS,anti-infectieux et hemostase,inducteurs enzymatiques puissants,moderate,PE,"Diminution (ou, rarement, augmentation avec la phénytoïne) de l'effet de l'antivitamine K par augmentation de son métabolisme hépatique par l'anticonvulsivant inducteur.",Contrôle plus fréquent de l'INR. Adaptation éventuelle de la posologie de l'antivitamine K pendant le traitement par l'anticonvulsivant inducteur et 8 jours après son arrêt.,31
ANTI-INFECTIEUX ET HEMOSTASE,INHIBITEURS DE L'HMG-COA RÉDUCTASE (STATINES),anti-infectieux et hemostase,inhibiteurs de l'hmg-coa reductase (statines),moderate,PE,Augmentation de l'effet de l'antivitamine K et du risque hémorragique.,Contrôle plus fréquent de l'INR. Adaptation éventuelle de la posologie de l'antivitamine K.,31
ANTI-INFECTIEUX ET HEMOSTASE,INHIBITEURS DE PROTÉASES BOOSTÉS PAR RITONAVIR,anti-infectieux et hemostase,inhibiteurs de proteases boostes par ritonavir,moderate,PE,"Variation de l'effet de l'antivitamine K, le plus souvent dans le sens d'une diminution.",Contrôle plus fréquent de l'INR. Adaptation éventuelle de la posologie de l'antivitamine K pendant la durée du traitement.,31
ANTI-INFECTIEUX ET HEMOSTASE,LEVOCARNITINE,anti-infectieux et hemostase,levocarnitine,moderate,PE,Augmentation de l'effet de l'antivitamine K et du risque hémorragique,Contrôle plus fréquent de l'INR. Adaptation éventuelle de la posologie de l'antivitamine K pendant le traitement par la lévocarnitine et 8 jours après son arrêt.,31
ANTI-INFECTIEUX ET HEMOSTASE,MACROLIDES (SAUF SPIRAMYCINE),anti-infectieux et hemostase,macrolides (sauf spiramycine),moderate,PE,Augmentation de l'effet de l'antivitamine K et du risque hémorragique.,Contrôle plus fréquent de l'INR. Adaptation éventuelle de la posologie de l'antivitamine K pendant le traitement par le macrolide et après son arrêt.,31
ANTI-INFECTIEUX ET HEMOSTASE,METHYLPREDNISOLONE,anti-infectieux et hemostase,methylprednisolone,moderate,PE,"Pour des doses de 0,5 à 1g de méthylprednisolone administrées en bolus : augmentation de l'effet de l'antivitamine K et du risque hémorragique.",Contrôle de l'INR 2 à 4 jours après le bolus de méthylprednisolone ou en présence de tous signes hémorragiques.,31
ANTI-INFECTIEUX ET HEMOSTASE,MICONAZOLE,anti-infectieux et hemostase,miconazole,critical,CI,"Hémorragies imprévisibles, éventuellement graves.",,31
ANTI-INFECTIEUX ET HEMOSTASE,MILLEPERTUIS,anti-infectieux et hemostase,millepertuis,critical,CI,"Diminution des concentrations plasmatiques de l'antivitamine K, en raison de son effet inducteur enzymatique, avec risque de baisse d'efficacité voire d'annulation de l'effet dont les conséquences peuvent être éventuellement graves (évènement thrombotique).","En cas d'association fortuite, ne pas interrompre brutalement la prise de millepertuis mais contrôler l'INR avant puis après l'arrêt du millepertuis.",32
ANTI-INFECTIEUX ET HEMOSTASE,NEVIRAPINE,anti-infectieux et hemostase,nevirapine,moderate,PE,Diminution de l'effet de l'antivitamine K par augmentation de son métabolisme hépatique.,Contrôle plus fréquent de l'INR. Adaptation éventuelle de la posologie de l'antivitamine K.,32
ANTI-INFECTIEUX ET HEMOSTASE,NOSCAPINE,anti-infectieux et hemostase,noscapine,high,ASDEC,Augmentation de l’effet de l’antivitamine K et du risque hémorragique.,,32
ANTI-INFECTIEUX ET HEMOSTASE,ORLISTAT,anti-infectieux et hemostase,orlistat,moderate,PE,Augmentation de l'effet de l'antivitamine K et du risque hémorragique.,Contrôle plus fréquent de l'INR. Adaptation éventuelle de la posologie de l'antivitamine K pendant le traitement par l'orlistat et après son arrêt.,32
ANTI-INFECTIEUX ET HEMOSTASE,PARACETAMOL,anti-infectieux et hemostase,paracetamol,moderate,PE,Risque d’augmentation de l’effet de l’antivitamine K et du risque hémorragique en cas de prise de paracétamol aux doses maximales (4 g/j) pendant au moins 4 jours.,Contrôle plus fréquent de l’INR. Adaptation éventuelle de la posologie de l’antivitamine K pendant le traitement par le paracétamol et après son arrêt.,32
ANTI-INFECTIEUX ET HEMOSTASE,PENTOXIFYLLINE,anti-infectieux et hemostase,pentoxifylline,moderate,PE,Augmentation du risque hémorragique.,Contrôle plus fréquent de l'INR. Adaptation éventuelle de la posologie de l'antivitamine K pendant le traitement par la pentoxifylline et 8 jours après son arrêt.,32
ANTI-INFECTIEUX ET HEMOSTASE,PRISTINAMYCINE,anti-infectieux et hemostase,pristinamycine,moderate,PE,Augmentation de l'effet de l'antivitamine K et du risque hémorragique.,Contrôle plus fréquent de l'INR. Adaptation éventuelle de la posologie de l'antivitamine K pendant le traitement par la pristinamycine et après son arrêt.,32
ANTI-INFECTIEUX ET HEMOSTASE,PROGUANIL,anti-infectieux et hemostase,proguanil,moderate,PE,Risque d’augmentation de l’effet de l’antivitamine K et du risque hémorragique.,Contrôle plus fréquent de l’INR. Adaptation éventuelle de la posologie de l’antivitamine K pendant le traitement par le proguanil et après son arrêt.,32
ANTI-INFECTIEUX ET HEMOSTASE,RIFAMPICINE,anti-infectieux et hemostase,rifampicine,moderate,PE,Diminution de l'effet de l'antivitamine K par augmentation de son métabolisme hépatique par la rifampicine.,Contrôle plus fréquent de l'INR. Adaptation éventuelle de la posologie de l'antivitamine K pendant le traitement par la rifampicine et 8 jours après son arrêt.,32
ANTI-INFECTIEUX ET HEMOSTASE,ROPINIROLE,anti-infectieux et hemostase,ropinirole,moderate,PE,Augmentation du risque hémorragique.,Contrôle plus fréquent de l’INR. Adaptation éventuelle de la posologie de l’antivitamine K pendant le traitement par ropinirole et après son arrêt.,32
ANTI-INFECTIEUX ET HEMOSTASE,SULFAMETHOXAZOLE,anti-infectieux et hemostase,sulfamethoxazole,high,ASDEC,Augmentation importante de l’effet de l’antivitamine K et du risque hémorragique.,"Si l’association ne peut être évitée, contrôle plus fréquent de l’INR et adaptation de la posologie de l’antivitamine K pendant le traitement par cotrimoxazole et après son arrêt.",32
ANTI-INFECTIEUX ET HEMOSTASE,TAMOXIFENE,anti-infectieux et hemostase,tamoxifene,moderate,PE,Risque d'augmentation de l'effet de l'antivitamine K et du risque hémorragique.,Contrôle plus fréquent de l'INR. Adaptation éventuelle de la posologie de l'antivitamine K.,32
ANTI-INFECTIEUX ET HEMOSTASE,TIBOLONE,anti-infectieux et hemostase,tibolone,moderate,PE,Augmentation de l'effet de l'antivitamine K et du risque hémorragique.,Contrôle plus fréquent de l'INR. Adaptation éventuelle de la posologie de l'antivitamine K pendant le traitement par la tibolone et après son arrêt.,32
ANTI-INFECTIEUX ET HEMOSTASE,VORICONAZOLE,anti-infectieux et hemostase,voriconazole,moderate,PE,Augmentation de l'effet de l'antivitamine K et du risque hémorragique par diminution de son métabolisme hépatique.,Contrôle plus fréquent de l'INR. Adaptation éventuelle de la posologie de l'antivitamine K pendant le traitement par voriconazole et 8 jours après son arrêt.,32
APALUTAMIDE,ATORVASTATINE,apalutamide,atorvastatine,high,ASDEC,"Risque de diminution très importante des concentrations de l'atorvastatine, et perte d‘efficacité, par augmentation de son métabolisme hépatique par l’apalutamide.",,33
APALUTAMIDE,CABAZITAXEL,apalutamide,cabazitaxel,high,ASDEC,"Risque de diminution très importante des concentrations du cabazitaxel, et perte d‘efficacité, par augmentation de son métabolisme hépatique par l’apalutamide.",,33
APALUTAMIDE,DOCETAXEL,apalutamide,docetaxel,high,ASDEC,"Risque de diminution très importante des concentrations du docétaxel, et perte d‘efficacité, par augmentation de son métabolisme hépatique par l’apalutamide.",,33
APALUTAMIDE,IMMUNOSUPPRESSEURS,apalutamide,immunosuppresseurs,high,ASDEC,"Risque de diminution très importante des concentrations des immunosuppresseurs, et perte d‘efficacité, par augmentation de leur métabolisme hépatique par l’apalutamide.",,33
APALUTAMIDE,METHADONE,apalutamide,methadone,high,ASDEC,"Risque de diminution très importante des concentrations de la méthadone, et perte d‘efficacité, par augmentation de son métabolisme hépatique par l’apalutamide.",,33
APALUTAMIDE,OLAPARIB,apalutamide,olaparib,high,ASDEC,"Risque de diminution très importante des concentrations de l'olaparib, et perte d‘efficacité, par augmentation de son métabolisme hépatique par l’apalutamide.",,33
APALUTAMIDE,OMEPRAZOLE,apalutamide,omeprazole,high,ASDEC,"Risque de diminution très importante des concentrations de l'oméprazole, et perte d‘efficacité, par augmentation de son métabolisme hépatique par l’apalutamide.",,33
APALUTAMIDE,PIMOZIDE,apalutamide,pimozide,high,ASDEC,"Risque de diminution très importante des concentrations du pimozide, et perte d‘efficacité, par augmentation de son métabolisme hépatique par l’apalutamide.",,33
APALUTAMIDE,SIMVASTATINE,apalutamide,simvastatine,high,ASDEC,"Risque de diminution très importante des concentrations de la simvastatine, et perte d‘efficacité, par augmentation de son métabolisme hépatique par l’apalutamide.",,33
APIXABAN,FLUCONAZOLE,apixaban,fluconazole,high,ASDEC,"Augmentation des concentrations plasmatiques de l'apixaban par le fluconazole, avec majoration du risque de saignement.",,33
APIXABAN,INDUCTEURS ENZYMATIQUES PUISSANTS,apixaban,inducteurs enzymatiques puissants,high,ASDEC,"Diminution des concentrations plasmatiques de l’apixaban par l'inducteur enzymatique, avec risque de réduction de l’effet thérapeutique.",,33
APIXABAN,INHIBITEURS PUISSANTS DU CYP3A4,apixaban,inhibiteurs puissants du cyp3a4,high,ASDEC,"Augmentation des concentrations plasmatiques de l’apixaban par l'inhibiteur, avec majoration du risque de saignement.",,33
APIXABAN,RIFAMPICINE,apixaban,rifampicine,high,ASDEC,"Diminution des concentrations plasmatiques de l’apixaban par la rifampicine, avec risque de diminution de l’effet thérapeutique.",,33
APOMORPHINE,SÉTRONS,apomorphine,setrons,critical,CI,Des hypotensions sévères et des pertes de connaissance ont été rapportées lors de l’association d’un sétron avec l’apomorphine.,,34
APRÉMILAST,INDUCTEURS ENZYMATIQUES,apremilast,inducteurs enzymatiques,high,ASDEC,Diminution des concentrations plasmatiques d’aprémilast par augmentatiion de son métabolisme par l’inducteur.,,34
APREPITANT,ANTIVITAMINES K,aprepitant,antivitamines k,low,APEC,Risque de diminution de l’effet de l’antivitamine K par augmentation de son métabolisme hépatique par l’aprépitant.,,34
APREPITANT,CYPROTERONE,aprepitant,cyproterone,moderate,PE,Risque de diminution des concentrations de la cyprotérone avec risque de moindre efficacité contraceptive.,"Dans son utilisation comme contraceptif hormonal : Utiliser une méthode de contraception fiable, additionnelle ou alternative, pendant la durée de l'association.",34
APREPITANT,ESTROPROGESTATIFS CONTRACEPTIFS,aprepitant,estroprogestatifs contraceptifs,moderate,PE,Diminution de l’efficacité contraceptive par augmentation du métabolisme hépatique du contraceptif hormonal par l'aprépitant.,"Utiliser une méthode additionnelle de type mécanique (préservatif) pendant la durée de l’association, et un cycle suivant l’arrêt de l’aprépitant.",34
APREPITANT,IFOSFAMIDE,aprepitant,ifosfamide,low,APEC,Risque d’augmentation de la neurotoxicité de l’ifosfamide.,,34
APREPITANT,INDUCTEURS ENZYMATIQUES PUISSANTS,aprepitant,inducteurs enzymatiques puissants,high,ASDEC,Risque de diminution très importante des concentrations d'aprépitant.,,34
APREPITANT,ITRACONAZOLE,aprepitant,itraconazole,low,APEC,Augmentation des concentrations d’aprépitant par diminution de son métabolisme hépatique par l’itraconazole.,,34
APREPITANT,PIMOZIDE,aprepitant,pimozide,critical,CI,"Risque majoré de troubles du rythme ventriculaire, notamment de torsades de pointes.",,34
APREPITANT,PROGESTATIFS CONTRACEPTIFS,aprepitant,progestatifs contraceptifs,moderate,PE,"(Sauf stérilet), diminution des concentrations du progestatif, avec risque de moindre efficacité contraceptive.","Utiliser de préférence une autre méthode contraceptive, en particulier de type mécanique, pendant la durée de l'association et un cycle suivant.",34
APREPITANT,RIFAMPICINE,aprepitant,rifampicine,high,ASDEC,Diminution très importante des concentrations d'aprépitant.,,34
ARIPIPRAZOLE,INDUCTEURS ENZYMATIQUES,aripiprazole,inducteurs enzymatiques,moderate,PE,Diminution des concentrations plasmatiques de l’aripiprazole.,Surveillance clinique et adaptation éventuelle de la posologie de l’aripiprazole pendant l’association et 1 à 2 semaines après l’arrêt de l’inducteur.,34
ARIPIPRAZOLE,NEUROLEPTIQUES ANTIPSYCHOTIQUES (SAUF CLOZAPINE),aripiprazole,neuroleptiques antipsychotiques (sauf clozapine),low,APEC,"Risque de moindre efficacité, notamment de l’aripiprazole, suite à l’antagonisme des récepteurs dopaminergiques par le neuroleptique.",,34
ARSENIEUX,SUBSTANCES SUSCEPTIBLES DE DONNER DES TORSADES DE POINTES,arsenieux,substances susceptibles de donner des torsades de pointes,critical,CI;ASDEC,"Risque majoré de troubles du rythme ventriculaires, notamment de torsades de pointes.","Contre-indication : - avec le citalopram, la dompéridone, l'escitalopram, l'hydroxyzine et la pipéraquine. Association déconseillée: - avec les autres médicaments susceptibles de donner des torsades de pointes. Si l’association ne peut être évitée, contrôle clinique et électrocardiographique régulier.",35
ATALUREN,AMINOSIDES,ataluren,aminosides,critical,CI,Risque de potentialisation de la toxicité rénale de l’aminoside.,,35
ATAZANAVIR,ANTISÉCRÉTOIRES ANTIHISTAMINIQUES H2,atazanavir,antisecretoires antihistaminiques h2,low,APEC,Risque de diminution des concentrations plasmatiques de l'atazanavir.,,35
ATAZANAVIR,ANTISÉCRÉTOIRES INHIBITEURS DE LA POMPE À PROTONS,atazanavir,antisecretoires inhibiteurs de la pompe a protons,high,ASDEC,"Diminution très importante des concentrations plasmatiques de l'atazanavir, avec risque d'échec thérapeutique.",,35
ATAZANAVIR,BICTÉGRAVIR,atazanavir,bictegravir,high,ASDEC,Quadruplement des concentrations de bictégravir.,,35
ATAZANAVIR,BUPRENORPHINE,atazanavir,buprenorphine,low,APEC,"Risque de majoration ou de diminution des effets de la buprénorphine, à la fois par inhibition et accélération de son métabolisme par l’inhibiteur de protéases.",,35
ATAZANAVIR,CLARITHROMYCINE,atazanavir,clarithromycine,moderate,PE,Augmentation des concentrations plasmatiques de clarithromycine et inhibition de la formation de son métabolite actif.,"Surveillance clinique et biologique régulière, notamment en début d'association.",35
ATAZANAVIR,EFAVIRENZ,atazanavir,efavirenz,high,ASDEC,Risque de baisse de l’efficacité de l’atazanavir par augmentation de son métabolisme hépatique.,"Si l’association s’avère nécessaire, adaptation posologique de l’atazanavir avec surveillance clinique et biologique régulière, notamment en début d’association.",35
ATAZANAVIR,ETRAVIRINE,atazanavir,etravirine,high,ASDEC,Risque de diminution des concentrations plasmatiques d’atazanavir par l’étravirine.,,35
ATAZANAVIR,GLÉCAPRÉVIR + PIBRENTASVIR,atazanavir,glecaprevir + pibrentasvir,critical,CI,Augmentation de l’hépatotoxicité avec la bithérapie.,,35
ATAZANAVIR,LÉNACAPAVIR,atazanavir,lenacapavir,high,ASDEC,"Lorsqu’il est associé au cobicistat, l’atazanavir provoque une augmentation très importante des concentrations de lénacapavir.",,35
ATAZANAVIR,NEVIRAPINE,atazanavir,nevirapine,high,ASDEC,Risque de baisse de l’efficacité de l’atazanavir par augmentation de son métabolisme hépatique.,"Si l’association s’avère nécessaire, adaptation posologique de l’atazanavir avec surveillance clinique et biologique régulière, notamment en début d’association.",35
ATAZANAVIR,POSACONAZOLE,atazanavir,posaconazole,low,APEC,Augmentation des concentrations plasmatiques de l'atazanavir et du risque d'hyperbilirubinémie.,,36
ATAZANAVIR,TENOFOVIR DISOPROXIL,atazanavir,tenofovir disoproxil,low,APEC,"Diminution d’environ un tiers de l’exposition à l’atazanavir chez le patient en cas d’association au ténofovir, comparativement au sujet sain recevant la même association.",Ne pas administrer l’atazanavir avec le ténofovir sans ritonavir.,36
ATORVASTATINE,APALUTAMIDE,atorvastatine,apalutamide,high,ASDEC,"Risque de diminution très importante des concentrations de l'atorvastatine, et perte d‘efficacité, par augmentation de son métabolisme hépatique par l’apalutamide.",,36
ATORVASTATINE,AZITHROMYCINE,atorvastatine,azithromycine,moderate,PE,"Risque majoré d'effets indésirables (concentration-dépendants) à type de rhabdomyolyse, par diminution du métabolisme hépatique de l'hypocholestérolémiant.",Utiliser des doses plus faibles d’hypocholestérolémiant ou une autre statine non concernée par ce type d’interaction.,36
ATORVASTATINE,CICLOSPORINE,atorvastatine,ciclosporine,moderate,PE,Risque majoré d'effets indésirables (concentration-dépendants) à type de rhabdomyolyse (diminution du métabolisme de l'hypocholestérolémiant).,"Ne pas dépasser la posologie de 10mg/jour d'atorvastatine. Si l'objectif thérapeutique n'est pas atteint à cette posologie, utiliser une autre statine non concernée par ce type d'interaction.",36
ATORVASTATINE,CLARITHROMYCINE,atorvastatine,clarithromycine,moderate,PE,"Risque majoré d'effets indésirables (concentration-dépendants) à type de rhabdomyolyse, par diminution du métabolisme hépatique de l'hypocholesterolémiant.","Utiliser des doses plus faibles d'hypocholestérolémiant. Si l'objectif thérapeutique n'est pas atteint, utiliser une autre statine non concernée par ce type d'interaction.",36
ATORVASTATINE,DILTIAZEM,atorvastatine,diltiazem,moderate,PE,"Risque majoré d'effets indésirables (concentration-dépendants) à type de rhabdomyolyse, par diminution du métabolisme hépatique de l'hypocholestérolémiant.",Utiliser des doses plus faibles d’hypocholestérolémiant ou une autre statine non concernée par ce type d’interaction.,36
ATORVASTATINE,ERYTHROMYCINE,atorvastatine,erythromycine,moderate,PE,"Risque majoré d'effets indésirables (concentration-dépendants) à type de rhabdomyolyse, par diminution du métabolisme hépatique de l'hypocholesterolémiant.","Utiliser des doses plus faibles d'hypocholestérolémiant. Si l'objectif thérapeutique n'est pas atteint, utiliser une autre statine non concernée par ce type d'interaction.",36
ATORVASTATINE,FLUCONAZOLE,atorvastatine,fluconazole,moderate,PE,Risque majoré d'effets indésirables concentration-dépendants à type de rhabdomyolyse (diminution du métabolisme hépatique de la statine).,"Utiliser des doses plus faibles de l'hypocholestérolémiant. Si l'objectif thérapeutique n'est pas atteint, utiliser une autre statine non concernée par ce type d'interaction.",36
ATORVASTATINE,GLÉCAPRÉVIR + PIBRENTASVIR,atorvastatine,glecaprevir + pibrentasvir,critical,CI,"Augmentation importante des concentrations plasmatiques d’atorvastatine par la bithérapie, avec risque majoré d’effets indésirables (concentration-dépendants) à type de rhabdomyolyses.",,36
ATORVASTATINE,INHIBITEURS DE PROTÉASES BOOSTÉS PAR RITONAVIR,atorvastatine,inhibiteurs de proteases boostes par ritonavir,high,ASDEC,Risque majoré d'effets indésirables (concentration-dépendants) à type de rhabdomyolyse (diminution du métabolisme hépatique de l'atorvastatine).,"Utiliser des doses plus faibles d'atorvastatine. Si l'objectif thérapeutique n'est pas atteint, utiliser une autre statine non concernée par ce type d'interaction.",36
ATORVASTATINE,ITRACONAZOLE,atorvastatine,itraconazole,critical,CI,Risque majoré d'effets indésirables (concentration-dépendants) à type de rhabdomyolyse (diminution du métabolisme hépatique de l'atorvastatine).,,36
ATORVASTATINE,KETOCONAZOLE,atorvastatine,ketoconazole,critical,CI,Risque majoré d'effets indésirables (concentration-dépendants) à type de rhabdomyolyse (diminution du métabolisme hépatique de l'atorvastatine).,,36
ATORVASTATINE,OMBITASVIR + PARITAPRÉVIR,atorvastatine,ombitasvir + paritaprevir,critical,CI,Augmentation des concentrations plasmatiques de l'atorvastatine par diminution de son métabolisme hépatique par la bithérapie.,,36
ATORVASTATINE,PAMPLEMOUSSE (JUS ET FRUIT),atorvastatine,pamplemousse (jus et fruit),low,APEC,"Augmentation des concentrations plasmatiques de l'hypolipémiant, avec risque de survenue d'effets indésirables, notamment musculaires.",,37
ATORVASTATINE,PONATINIB,atorvastatine,ponatinib,moderate,PE,Risque d’augmentation des concentrations plasmatiques de l'atrovastatine par augmentation de son absorption intestinale par le ponatinib.,Surveillance clinique et biologique étroite pendant l’association.,37
ATORVASTATINE,POSACONAZOLE,atorvastatine,posaconazole,critical,CI,Risque majoré d'effets indésirables (concentration-dépendants) à type de rhabdomyolyse (diminution du métabolisme hépatique de l’inhibiteur de l’HMG-CoA reductase).,,37
ATORVASTATINE,RANOLAZINE,atorvastatine,ranolazine,moderate,PE,Risque majoré d'effets indésirables (concentration-dépendants) à type de rhabdomyolyse par inhibition du métabolisme de l'atorvastatine par la ranolazine.,Utiliser des doses plus faibles d’hypocholestérolémiant ou une autre statine non concernée par ce type d’interaction.,37
ATORVASTATINE,RIFAMPICINE,atorvastatine,rifampicine,high,ASDEC,"Diminution très importante des concentrations plasmatiques d'atorvastatine, par augmentation de son métabolisme hépatique par la rifampicine.",,37
ATORVASTATINE,ROXITHROMYCINE,atorvastatine,roxithromycine,moderate,PE,Risque majoré d'effets indésirables (concentration-dépendants) à type de rhabdomyolyse.,Utiliser des doses plus faibles d’hypocholestérolémiant.,37
ATORVASTATINE,STIRIPENTOL,atorvastatine,stiripentol,critical,CI,Risque majoré d’effets indésirables (dose-dépendants) à type de rhabdomyolyse (diminution du métabolisme hépatique de l’hypocholestérolémiant).,,37
ATORVASTATINE,TELITHROMYCINE,atorvastatine,telithromycine,critical,CI,Risque majoré d’effets indésirables (dose-dépendants) à type de rhabdomyolyse (diminution du métabolisme hépatique de l’hypocholestérolémiant).,,37
ATORVASTATINE,VERAPAMIL,atorvastatine,verapamil,moderate,PE,"Risque majoré d'effets indésirables (concentration-dépendants) à type de rhabdomyolyse, par diminution du métabolisme hépatique de l'hypocholestérolémiant.","Utiliser des doses plus faibles d'hypocholestérolémiant. Si l'objectif thérapeutique n'est pas atteint, utiliser une autre statine non concernée par ce type d'interaction.",37
ATOVAQUONE,EFAVIRENZ,atovaquone,efavirenz,high,ASDEC,Diminution des concentrations plasmatiques d'atovaquone par l'inducteur enzymatique.,,37
ATOVAQUONE,INHIBITEURS DE PROTÉASES BOOSTÉS PAR RITONAVIR,atovaquone,inhibiteurs de proteases boostes par ritonavir,high,ASDEC,"Diminution, éventuellement très importante, des concentrations plasmatiques de l’atovaquone par augmentation de son métabolisme.",,37
ATOVAQUONE,RIFABUTINE,atovaquone,rifabutine,low,APEC,Diminution modérée des concentrations plasmatiques d'atovaquone par l'inducteur enzymatique.,,37
ATOVAQUONE,RIFAMPICINE,atovaquone,rifampicine,high,ASDEC,Diminution des concentrations plasmatiques d'atovaquone par l'inducteur enzymatique.,,37
AVANAFIL,PAMPLEMOUSSE (JUS ET FRUIT),avanafil,pamplemousse (jus et fruit),high,ASDEC,"Augmentation des concentrations plasmatiques de l'avanafil, avec risque d’hypotension.",,37
AZITHROMYCINE,ATORVASTATINE,azithromycine,atorvastatine,moderate,PE,"Risque majoré d'effets indésirables (concentration-dépendants) à type de rhabdomyolyse, par diminution du métabolisme hépatique de l'hypocholestérolémiant.",Utiliser des doses plus faibles d’hypocholestérolémiant ou une autre statine non concernée par ce type d’interaction.,38
AZITHROMYCINE,CICLOSPORINE,azithromycine,ciclosporine,moderate,PE,Risque d'augmentation des concentrations sanguines de ciclosporine et de la créatininémie.,"Dosage des concentrations sanguines de la ciclosporine, contrôle de la fonction rénale et adaptation de la posologie pendant l'association et après l'arrêt du macrolide.",38
AZITHROMYCINE,IVABRADINE,azithromycine,ivabradine,moderate,PE,"Risque majoré de troubles du rythme ventriculaires, notamment de torsades de pointes. De plus, risque d'augmentation des concentrations plasmatiques de l’ivabradine par augmentation de son absorption par l’azithromycine.",Surveillance clinique et ECG pendant l’association.,38
AZITHROMYCINE,SIMVASTATINE,azithromycine,simvastatine,moderate,PE,"Risque majoré d'effets indésirables (concentration-dépendants) à type de rhabdomyolyse, par diminution du métabolisme hépatique de l'hypocholestérolémiant.",Utiliser des doses plus faibles d’hypocholestérolémiant ou une autre statine non concernée par ce type d’interaction.,38
AZITHROMYCINE,SUBSTANCES SUSCEPTIBLES DE DONNER DES TORSADES DE POINTES,azithromycine,substances susceptibles de donner des torsades de pointes,moderate,PE,"Risque majoré de troubles du rythme ventriculaire, notamment de torsades de pointes.",Surveillance clinique et électrocardiographique pendant l'association.,38
AZTREONAM,"VALPROÏQUE (ACIDE) ET, PAR EXTRAPOLATION, VALPROMIDE",aztreonam,"valproique (acide) et, par extrapolation, valpromide",moderate,PE,"Risque de survenue de crises convulsives, par diminution des concentrations plasmatiques de l'acide valproïque.","Surveillance clinique, dosages plasmatiques et adaptation éventuelle de la posologie de l'anticonvulsivant pendant le traitement par l'anti- infectieux et après son arrêt.",38
BACLOFENE,LEVODOPA,baclofene,levodopa,low,APEC,"Risque d’aggravation du syndrome parkinsonien ou d’effets indésirables centraux (hallucinations visuelles, état confusionnel, céphalées).",,38
BARBITURIQUES,BENZODIAZÉPINES ET APPARENTÉS,barbituriques,benzodiazepines et apparentes,low,APEC,"Risque majoré de sédation et de dépression respiratoire pouvant entraîner coma et décès, notamment chez le sujet âgé. Il convient de limiter autant que possible les doses et la durée de l’association.",,38
BARBITURIQUES,MORPHINIQUES,barbituriques,morphiniques,low,APEC,"Risque majoré de sédation et de dépression respiratoire pouvant entraîner coma et décès, notamment chez le sujet âgé. Il convient de limiter autant que possible les doses et la durée de l’association.",,38
BARBITURIQUES,OXYBATE DE SODIUM,barbituriques,oxybate de sodium,critical,CI,"Risque majoré de dépression respiratoire, pouvant être fatale en cas de surdosage.",,38
BAZÉDOXIFÈNE,INDUCTEURS ENZYMATIQUES,bazedoxifene,inducteurs enzymatiques,moderate,PE,Diminution des concentrations plasmatiques de bazédoxifène par l’inducteur.,Surveillance d'éventuels signes évocateurs d’une perte d’efficacité (saignements).,38
BÉDAQUILINE,INDUCTEURS ENZYMATIQUES,bedaquiline,inducteurs enzymatiques,high,ASDEC,Diminution des concentrations plasmatiques de bédaquiline par augmentation de son métabolisme par l’inducteur.,,38
BÉDAQUILINE,INHIBITEURS PUISSANTS DU CYP3A4,bedaquiline,inhibiteurs puissants du cyp3a4,high,ASDEC,Augmentation des concentrations plasmatiques de bédaquiline par diminution de son métabolisme hépatique par l’inhibiteur.,"Si l’association est nécessaire, une surveillance ECG plus fréquente et une surveillance des transaminases sont recommandées.",39
BÉDAQUILINE,MILLEPERTUIS,bedaquiline,millepertuis,high,ASDEC,Risque de diminution des concentrations plasmatiques de bédaquiline par augmentation de son métabolisme par l’inducteur.,,39
BÉLATACEPT,VACCINS VIVANTS ATTÉNUÉS,belatacept,vaccins vivants attenues,high,ASDEC,"Risque de maladie vaccinale généralisée, éventuellement mortelle.",,39
BENZODIAZÉPINES ET APPARENTÉS,BARBITURIQUES,benzodiazepines et apparentes,barbituriques,low,APEC,"Risque majoré de sédation et de dépression respiratoire pouvant entraîner coma et décès, notamment chez le sujet âgé. Il convient de limiter autant que possible les doses et la durée de l’association.",,39
BENZODIAZÉPINES ET APPARENTÉS,BUPRENORPHINE,benzodiazepines et apparentes,buprenorphine,low,APEC,"Avec la buprénorphine utilisée en traitement de substitution : risque majoré de dépression respiratoire, pouvant être fatale.",Evaluer attentivement le rapport bénéfice/risque de cette association. Informer le patient de la nécessité de respecter les doses prescrites.,39
BENZODIAZÉPINES ET APPARENTÉS,CLOZAPINE,benzodiazepines et apparentes,clozapine,low,APEC,Risque accru de collapsus avec arrêt respiratoire et / ou cardiaque.,,39
BENZODIAZÉPINES ET APPARENTÉS,MORPHINIQUES,benzodiazepines et apparentes,morphiniques,low,APEC,"Risque majoré de sédation et de dépression respiratoire pouvant entraîner coma et décès, notamment chez le sujet âgé. Il convient de limiter autant que possible les doses et la durée de l’association.",,39
BÊTA-2 MIMÉTIQUES,BÊTA-BLOQUANTS NON CARDIO-SÉLECTIFS (Y COMPRIS COLLYRES),beta-2 mimetiques,beta-bloquants non cardio-selectifs (y compris collyres),low,APEC,Risque de moindre efficacité réciproque par antagonisme pharmacodynamique.,,39
BÊTA-2 MIMÉTIQUES,HALOTHANE,beta-2 mimetiques,halothane,high,ASDEC,"En cas d'intervention obstétricale, majoration de l'inertie utérine avec risque hémorragique ; par ailleurs, troubles du rythme ventriculaires graves, par augmentation de la réactivité cardiaque.",Interrompre le traitement par bêta-2 mimétiques si l'anesthésie doit se faire sous halothane.,39
BÊTA-2 MIMÉTIQUES,INSULINE,beta-2 mimetiques,insuline,moderate,PE,Elévation de la glycémie par le bêta-2 mimétique.,Renforcer la surveillance sanguine et urinaire.,39
BÊTA-2 MIMÉTIQUES,SULFAMIDES HYPOGLYCÉMIANTS,beta-2 mimetiques,sulfamides hypoglycemiants,moderate,PE,Elévation de la glycémie par le bêta-2 mimétique.,"Renforcer la surveillance sanguine et urinaire. Passer éventuellement à l'insuline, le cas échéant.",39
BÊTA-BLOQUANTS (SAUF ESMOLOL ET SOTALOL) (Y COMPRIS COLLYRES),AMIODARONE,beta-bloquants (sauf esmolol et sotalol) (y compris collyres),amiodarone,moderate,PE,Troubles de l'automatisme et de la conduction (suppression des mécanismes sympathiques compensateurs).,Surveillance clinique et ECG.,39
BÊTA-BLOQUANTS (SAUF ESMOLOL) (Y COMPRIS COLLYRES),ANESTHÉSIQUES VOLATILS HALOGÉNÉS,beta-bloquants (sauf esmolol) (y compris collyres),anesthesiques volatils halogenes,moderate,PE,Réduction des réactions cardiovasculaires de compensation par les bêta-bloquants. L'inhibition bêta-adrénergique peut être levée durant l'intervention par les bêta-mimétiques.,"En règle générale, ne pas arrêter le traitement bêta-bloquant et, de toute façon, éviter l'arrêt brutal. Informer l'anesthésiste de ce traitement.",40
BÊTA-BLOQUANTS (SAUF ESMOLOL) (Y COMPRIS COLLYRES),ANTIHYPERTENSEURS CENTRAUX,beta-bloquants (sauf esmolol) (y compris collyres),antihypertenseurs centraux,moderate,PE,Augmentation importante de la pression artérielle en cas d'arrêt brutal du traitement par l'antihypertenseur central.,Eviter l'arrêt brutal du traitement par l'antihypertenseur central. Surveillance clinique.,40
BÊTA-BLOQUANTS (SAUF ESMOLOL) (Y COMPRIS COLLYRES),ANTI-INFLAMMATOIRES NON STÉROÏDIENS,beta-bloquants (sauf esmolol) (y compris collyres),anti-inflammatoires non steroidiens,low,APEC,Réduction de l'effet antihypertenseur (inhibition des prostaglandines vasodilatatrices par les anti-inflammatoires non stéroïdiens).,,40
BÊTA-BLOQUANTS (SAUF ESMOLOL) (Y COMPRIS COLLYRES),DIHYDROPYRIDINES,beta-bloquants (sauf esmolol) (y compris collyres),dihydropyridines,low,APEC,"Hypotension, défaillance cardiaque chez les patients en insuffisance cardiaque latente ou non contrôlée (addition des effets inotropes négatifs). Le bêta-bloquant peut par ailleurs minimiser la réaction sympathique réflexe mise en jeu en cas de répercussion hémodynamique excessive.",,40
BÊTA-BLOQUANTS (SAUF ESMOLOL) (Y COMPRIS COLLYRES),DILTIAZEM,beta-bloquants (sauf esmolol) (y compris collyres),diltiazem,high,ASDEC,"Troubles de l'automatisme (bradycardie excessive, arrêt sinusal), troubles de la conduction sino-auriculaire et auriculo-ventriculaire et défaillance cardiaque.","Une telle association ne doit se faire que sous surveillance clinique et ECG étroite, en particulier chez le sujet âgé ou en début de traitement.",40
BÊTA-BLOQUANTS (SAUF ESMOLOL) (Y COMPRIS COLLYRES),DIPYRIDAMOLE,beta-bloquants (sauf esmolol) (y compris collyres),dipyridamole,low,APEC,Avec le dipyridamole par voie injectable : majoration de l'effet antihypertenseur.,,40
BÊTA-BLOQUANTS (SAUF ESMOLOL) (Y COMPRIS COLLYRES),GLINIDES,beta-bloquants (sauf esmolol) (y compris collyres),glinides,moderate,PE,Tous les bêta-bloquants peuvent masquer certains symptômes de l'hypoglycémie : palpitations et tachycardie.,"Prévenir le patient et renforcer, surtout en début de traitement, l'autosurveillance glycémique.",40
BÊTA-BLOQUANTS (SAUF ESMOLOL) (Y COMPRIS COLLYRES),GLIPTINES,beta-bloquants (sauf esmolol) (y compris collyres),gliptines,moderate,PE,Tous les bêtabloquants peuvent masquer certains symptômes de l'hypoglycémie : palpitations et tachycardie.,"Prévenir le patient et renforcer, surtout en début de traitement, l'autosurveillance glycémique.",40
BÊTA-BLOQUANTS (SAUF ESMOLOL) (Y COMPRIS COLLYRES),INSULINE,beta-bloquants (sauf esmolol) (y compris collyres),insuline,moderate,PE,Tous les bêtabloquants peuvent masquer certains symptômes de l'hypoglycémie : palpitations et tachycardie.,"Prévenir le patient et renforcer, surtout en début de traitement, l'autosurveillance glycémique.",40
BÊTA-BLOQUANTS (SAUF ESMOLOL) (Y COMPRIS COLLYRES),LIDOCAINE,beta-bloquants (sauf esmolol) (y compris collyres),lidocaine,moderate,PE,Avec la lidocaïne utilisée par voie IV : augmentation des concentrations plasmatiques de lidocaïne avec possibilité d'effets indésirables neurologiques et cardiaques (diminution de la clairance hépatique de la lidocaïne).,"Surveillance clinique, ECG et éventuellement contrôle des concentrations plasmatiques de lidocaïne pendant l'association et après l'arrêt du bêta-bloquant. Adaptation si besoin de la posologie de la lidocaïne.",40
BÊTA-BLOQUANTS (SAUF ESMOLOL) (Y COMPRIS COLLYRES),PROPAFENONE,beta-bloquants (sauf esmolol) (y compris collyres),propafenone,moderate,PE,"Troubles de la contractilité, de l'automatisme et de la conduction (suppression des mécanismes sympathiques compensateurs).",Surveillance clinique et ECG.,40
BÊTA-BLOQUANTS (SAUF ESMOLOL) (Y COMPRIS COLLYRES),SULFAMIDES HYPOGLYCÉMIANTS,beta-bloquants (sauf esmolol) (y compris collyres),sulfamides hypoglycemiants,moderate,PE,Tous les bêta-bloquants peuvent masquer certains symptômes de l'hypoglycémie : palpitations et tachycardie.,"Prévenir le patient et renforcer, surtout en début de traitement, l'autosurveillance glycémique.",40
BÊTA-BLOQUANTS (SAUF ESMOLOL) (Y COMPRIS COLLYRES),VERAPAMIL,beta-bloquants (sauf esmolol) (y compris collyres),verapamil,high,ASDEC,"Troubles de l'automatisme (bradycardie excessive, arrêt sinusal), trouble de la conduction sino-auriculaire et auriculo-ventriculaire et défaillance cardiaque.","Une telle association ne doit se faire que sous surveillance clinique et ECG étroite, en particulier chez le sujet âgé ou en début de traitement.",40
BÊTA-BLOQUANTS DANS L'INSUFFISANCE CARDIAQUE,AMIODARONE,beta-bloquants dans l'insuffisance cardiaque,amiodarone,moderate,PE,Troubles de l'automatisme et de la conduction cardiaque avec risque de bradycardie excessive.,Surveillance clinique et ECG régulière.,41
BÊTA-BLOQUANTS DANS L'INSUFFISANCE CARDIAQUE,ANESTHÉSIQUES VOLATILS HALOGÉNÉS,beta-bloquants dans l'insuffisance cardiaque,anesthesiques volatils halogenes,moderate,PE,Réduction des réactions cardiovasculaires de compensation par les bêta-bloquants. L'inhibition bêta-adrénergique peut être levée durant l'intervention par les bêta-stimulants.,"En règle générale, ne pas arrêter le traitement bêta-bloquant et, de toute façon, éviter l'arrêt brutal. Informer l'anesthésiste de ce traitement.",41
BÊTA-BLOQUANTS DANS L'INSUFFISANCE CARDIAQUE,ANTICHOLINESTÉRASIQUES,beta-bloquants dans l'insuffisance cardiaque,anticholinesterasiques,moderate,PE,Risque de bradycardie excessive (addition des effets bradycardisants).,"Surveillance clinique régulière, notamment en début d'association.",41
BÊTA-BLOQUANTS DANS L'INSUFFISANCE CARDIAQUE,ANTIDÉPRESSEURS IMIPRAMINIQUES,beta-bloquants dans l'insuffisance cardiaque,antidepresseurs imipraminiques,low,APEC,"Effet vasodilatateur et risque d'hypotension, notamment orthostatique (effet additif).",,41
BÊTA-BLOQUANTS DANS L'INSUFFISANCE CARDIAQUE,ANTIHYPERTENSEURS CENTRAUX,beta-bloquants dans l'insuffisance cardiaque,antihypertenseurs centraux,high,ASDEC,"Diminution centrale du tonus sympathique et effet vasodilatateur des antihypertenseurs centraux, préjudiciables en cas d'insuffisance cardiaque traitée par bêta-bloquant et vasodilatateur.",,41
BÊTA-BLOQUANTS DANS L'INSUFFISANCE CARDIAQUE,DIGOXINE,beta-bloquants dans l'insuffisance cardiaque,digoxine,low,APEC,"Troubles de l’automatisme (bradycardie, arrêt sinusal) et troubles de la conduction sino-auriculaire et auriculo-ventriculaire.",,41
BÊTA-BLOQUANTS DANS L'INSUFFISANCE CARDIAQUE,DIHYDROPYRIDINES,beta-bloquants dans l'insuffisance cardiaque,dihydropyridines,low,APEC,"Hypotension, défaillance cardiaque chez les malades en insuffisance cardiaque latente ou non contrôlée (effet inotrope négatif in vitro des dihydropyridines plus ou moins marqué et susceptibles de s'additionner aux effets inotropes négatifs des bêta- bloquants). La présence d'un traitement bêta-bloquant peut par ailleurs minimiser la réaction sympathique réflexe mise en jeu en cas de répercussion hémodynamique excessive.",,41
BÊTA-BLOQUANTS DANS L'INSUFFISANCE CARDIAQUE,DILTIAZEM,beta-bloquants dans l'insuffisance cardiaque,diltiazem,high,ASDEC,"Effet inotrope négatif avec risque de décompensation de l’insuffisance cardiaque, troubles de l'automatisme (bradycardie, arrêt sinusal) et troubles de la conduction sino-auriculaire et auriculo-ventriculaire.",,41
BÊTA-BLOQUANTS DANS L'INSUFFISANCE CARDIAQUE,GLINIDES,beta-bloquants dans l'insuffisance cardiaque,glinides,moderate,PE,Tous les bêtabloquants peuvent masquer certains symptômes de l'hypoglycémie : palpitations et tachycardie.,"Prévenir le patient et renforcer, surtout en début de traitement, l'autosurveillance glycémique.",41
BÊTA-BLOQUANTS DANS L'INSUFFISANCE CARDIAQUE,INSULINE,beta-bloquants dans l'insuffisance cardiaque,insuline,moderate,PE,Tous les bêtabloquants peuvent masquer certains symptômes de l'hypoglycémie : palpitations et tachycardie.,"Prévenir le patient et renforcer, surtout en début de traitement, l'autosurveillance glycémique.",41
BÊTA-BLOQUANTS DANS L'INSUFFISANCE CARDIAQUE,LIDOCAINE,beta-bloquants dans l'insuffisance cardiaque,lidocaine,low,APEC,Effet inotrope négatif avec risque de décompensation cardiaque.,,41
BÊTA-BLOQUANTS DANS L'INSUFFISANCE CARDIAQUE,MEXILETINE,beta-bloquants dans l'insuffisance cardiaque,mexiletine,critical,CI,Effet inotrope négatif avec risque de décompensation cardiaque.,,41
BÊTA-BLOQUANTS DANS L'INSUFFISANCE CARDIAQUE,NEUROLEPTIQUES,beta-bloquants dans l'insuffisance cardiaque,neuroleptiques,low,APEC,"Effet vasodilatateur et risque d'hypotension, notamment orthostatique (effet additif).",,41
BÊTA-BLOQUANTS DANS L'INSUFFISANCE CARDIAQUE,SUBSTANCES SUSCEPTIBLES DE DONNER DES TORSADES DE POINTES,beta-bloquants dans l'insuffisance cardiaque,substances susceptibles de donner des torsades de pointes,moderate,PE,"Risque majoré de troubles du rythme ventriculaire, notamment de torsades de pointes.",Surveillance clinique et électrocardiographique.,42
BÊTA-BLOQUANTS DANS L'INSUFFISANCE CARDIAQUE,SULFAMIDES HYPOGLYCÉMIANTS,beta-bloquants dans l'insuffisance cardiaque,sulfamides hypoglycemiants,moderate,PE,Tous les bêta-bloquants peuvent masquer certains symptômes de l'hypoglycémie : palpitations et tachycardie.,"Prévenir le malade et renforcer, surtout au début du traitement, l'autosurveillance sanguine.",42
BÊTA-BLOQUANTS DANS L'INSUFFISANCE CARDIAQUE,VERAPAMIL,beta-bloquants dans l'insuffisance cardiaque,verapamil,high,ASDEC,"Effet inotrope négatif avec risque de décompensation de l’insuffisance cardiaque, troubles de l'automatisme (bradycardie, arrêt sinusal) et troubles de la conduction sino-auriculaire et auriculo-ventriculaire.",,42
BÊTA-BLOQUANTS NON CARDIO-SÉLECTIFS (Y COMPRIS COLLYRES),BÊTA-2 MIMÉTIQUES,beta-bloquants non cardio-selectifs (y compris collyres),beta-2 mimetiques,low,APEC,Risque de moindre efficacité réciproque par antagonisme pharmacodynamique.,,42
BICTÉGRAVIR,ATAZANAVIR,bictegravir,atazanavir,high,ASDEC,Quadruplement des concentrations de bictégravir.,,42
BICTÉGRAVIR,FER,bictegravir,fer,moderate,PE,Diminution de près des deux tiers de l'absorption du bictégravir en cas d’ingestion simultanée ou à jeun.,"Prendre le bictégravir au moins 2 heures avant les sels de fer, ou en même temps qu’un repas.",42
BICTÉGRAVIR,INDUCTEURS ENZYMATIQUES,bictegravir,inducteurs enzymatiques,critical,CI;ASDEC,"Risque de perte d’efficacité par diminution, éventuellement importante, des concentrations de bictégravir.",Contre-indication : - avec la rifampicine Association déconseillée : - avec les autres inducteurs enzymatiques,42
BICTÉGRAVIR,MILLEPERTUIS,bictegravir,millepertuis,critical,CI,"Diminution très importante des concentrations de bictégravir, avec risque de perte d’efficacité.",,42
BICTÉGRAVIR,RIFAMPICINE,bictegravir,rifampicine,critical,CI,"Diminution très importante des concentrations de bictégravir, avec risque de perte d’efficacité.",,42
BISPHOSPHONATES,CALCIUM,bisphosphonates,calcium,moderate,PE,Pour les sels de calcium administrés par voie orale : diminution de l'absorption digestive des bisphosphonates.,"Prendre les sels de calcium et antiacides à distance des bisphosphonates (de 30 minutes au minimum à plus de 2 heures, si possible, selon le bisphosphonate).",42
BISPHOSPHONATES,FER,bisphosphonates,fer,moderate,PE,Pour les sels de fer administrés par voie orale : diminution de l'absorption digestive des bisphosphonates.,"Prendre les sels de fer à distance des bisphosphonates (de 30 minutes au minimum à plus de 2 heures, si possible, selon le bisphosphonate).",42
BLEOMYCINE,BRENTUXIMAB,bleomycine,brentuximab,critical,CI,Risque de majoration de la toxicité pulmonaire.,,42
BORTEZOMIB,INDUCTEURS ENZYMATIQUES,bortezomib,inducteurs enzymatiques,low,APEC,"Diminution des concentrations du cytotoxique par augmentation de son métabolisme par l’inducteur, avec risque de moindre efficacité.",,43
BORTEZOMIB,INHIBITEURS PUISSANTS DU CYP3A4,bortezomib,inhibiteurs puissants du cyp3a4,moderate,PE,"Risque de majoration des effets indésirables, notamment neurologiques, du bortezomib par diminution de son métabolisme.",Surveillance clinique et adaptation éventuelle de la posologie du bortezomib pendant la durée du traitement par l’inhibiteur enzymatique.,43
BOSENTAN,ANTIVITAMINES K,bosentan,antivitamines k,moderate,PE,Diminution de l'effet de l'antivitamine K par augmentation de son métabolisme hépatique.,Contrôle plus fréquent de l'INR. Adaptation éventuelle de la posologie de l'antivitamine K.,43
BOSENTAN,CICLOSPORINE,bosentan,ciclosporine,critical,CI,Diminution importante des concentrations sanguines de la ciclosporine et augmentation des concentrations plasmatiques de bosentan.,,43
BOSENTAN,CYPROTERONE,bosentan,cyproterone,moderate,PE,Risque de diminution de l'efficacité de la cyprotérone.,"Dans ses indications comme anti-androgène, surveillance clinique et si possible adaptation de la posologie de la cyprotérone pendant l'administration avec le bosentan et après son arrêt. Dans son utilisation comme contraceptif hormonal, utiliser une méthode de contraception fiable, additionnelle ou alternative pendant la durée de l'association.",43
BOSENTAN,ESTROPROGESTATIFS CONTRACEPTIFS,bosentan,estroprogestatifs contraceptifs,moderate,PE,Diminution de l’efficacité contraceptive par augmentation du métabolisme hépatique du contraceptif hormonal par le bosentan.,"Utiliser une méthode additionnelle de type mécanique (préservatif) pendant la durée de l’association, et un cycle suivant l’arrêt du bosentan.",43
BOSENTAN,GLIBENCLAMIDE,bosentan,glibenclamide,moderate,PE,"Risque de moindre efficacité du glibenclamide par diminution de ses concentrations plasmatiques, en raison de l'effet inducteur du bosentan. Par ailleurs, des cas d'hépatotoxicité ont été rapportés lors de l'association.","Surveillance de la glycémie, adaptation du traitement si besoin, et surveillance des constantes biologiques hépatiques.",43
BOSENTAN,INDUCTEURS ENZYMATIQUES PUISSANTS,bosentan,inducteurs enzymatiques puissants,high,ASDEC,Risque de diminution des concentrations plasmatiques de,,43
BOSENTAN,INHIBITEURS PUISSANTS DU CYP3A4,bosentan,inhibiteurs puissants du cyp3a4,moderate,PE,"Risque majoré des effets indésirables du bosentan, notamment d’atteintes hépatiques, par diminution de son métabolisme par l'inhibiteur.",Surveillance clinique et biologique pendant l’association.,43
BOSENTAN,PROGESTATIFS CONTRACEPTIFS,bosentan,progestatifs contraceptifs,moderate,PE,Risque de diminution de l'efficacité du contraceptif hormonal par augmentation de son métabolisme hépatique.,"Utiliser une méthode contraceptive fiable, additionnelle ou alternative, pendant la durée de l'association et un cycle suivant.",43
BOSENTAN,"PROGESTATIFS NON CONTRACEPTIFS, ASSOCIÉS OU NON À UN ESTROGÈNE",bosentan,"progestatifs non contraceptifs, associes ou non a un estrogene",moderate,PE,Risque de diminution de l’efficacité du progestatif.,Surveillance clinique et adaptation éventuelle de la posologie du traitement hormonal pendant l’administration du bosentan et après son arrêt.,43
BOSENTAN,RIFAMPICINE,bosentan,rifampicine,high,ASDEC,"Risque de diminution, importante pour la rifampicine, des concentrations plasmatiques de bosentan.",,43
BOTULIQUE (TOXINE),AMINOSIDES,botulique (toxine),aminosides,high,ASDEC,Risque d'augmentation des effets de la toxine botulique avec les aminosides (par extrapolation à partir des effets observés au cours du botulisme).,Utiliser un autre antibiotique.,43
BRADYCARDISANTS,AUTRES BRADYCARDISANTS,bradycardisants,autres bradycardisants,low,APEC,Risque de bradycardie excessive (addition des effets).,,44
BRADYCARDISANTS,FINGOLIMOD,bradycardisants,fingolimod,high,ASDEC,Potentialisation des effets bradycardisants pouvant avoir des conséquences fatales. Les bêta-bloquants sont d’autant plus à risque qu’ils empêchent les mécanismes de compensation adrénergique.,"Surveillance clinique et ECG continu pendant les 6 heures suivant la première dose voire 2 heures de plus, jusqu'au lendemain si nécessaire.",44
BRADYCARDISANTS,OZANIMOD,bradycardisants,ozanimod,high,ASDEC,Potentialisation des effets bradycardisants pouvant avoir des conséquences fatales. Les bêta-bloquants sont d’autant plus à risque qu’ils empêchent les mécanismes de compensation adrénergique.,Surveillance clinique et ECG pendant au moins 6 heures.,44
BRADYCARDISANTS,PONÉSIMOD,bradycardisants,ponesimod,high,ASDEC,Potentialisation des effets bradycardisants pouvant avoir des conséquences fatales. Les bêta-bloquants sont d’autant plus à risque qu’ils empêchent les mécanismes de compensation adrénergique.,"Surveillance clinique et ECG continu pendant les 4 heures suivant la première dose, jusqu'au lendemain si nécessaire.",44
BRADYCARDISANTS,SUBSTANCES SUSCEPTIBLES DE DONNER DES TORSADES DE POINTES,bradycardisants,substances susceptibles de donner des torsades de pointes,moderate,PE,"Risque majoré de troubles du rythme ventriculaire, notamment de torsades de pointes.",Surveillance clinique et électrocardiographique pendant l'association.,44
BRENTUXIMAB,BLEOMYCINE,brentuximab,bleomycine,critical,CI,Risque de majoration de la toxicité pulmonaire.,,44
BRENTUXIMAB,INHIBITEURS PUISSANTS DU CYP3A4,brentuximab,inhibiteurs puissants du cyp3a4,low,APEC,"Augmentation des concentrations du métabolite actif du brentuximab, avec risque de neutropénie.",,44
BUPRENORPHINE,ATAZANAVIR,buprenorphine,atazanavir,low,APEC,"Risque de majoration ou de diminution des effets de la buprénorphine, à la fois par inhibition et accélération de son métabolisme par l’inhibiteur de protéases.",,44
BUPRENORPHINE,BENZODIAZÉPINES ET APPARENTÉS,buprenorphine,benzodiazepines et apparentes,low,APEC,"Avec la buprénorphine utilisée en traitement de substitution : risque majoré de dépression respiratoire, pouvant être fatale.",Evaluer attentivement le rapport bénéfice/risque de cette association. Informer le patient de la nécessité de respecter les doses prescrites.,44
BUPRENORPHINE,INHIBITEURS DE PROTÉASES BOOSTÉS PAR RITONAVIR,buprenorphine,inhibiteurs de proteases boostes par ritonavir,low,APEC,"Risque de majoration ou de diminution des effets de la buprénorphine, à la fois par inhibition et accélération de son métabolisme par l’inhibiteur de protéases.",,44
BUPRENORPHINE,ITRACONAZOLE,buprenorphine,itraconazole,moderate,PE,"Augmentation des concentrations de buprénorphine par diminution de son métabolisme hépatique, avec risque de majoration de ses effets indésirables.","Surveillance clinique et adaptation de la posologie de la buprénorphine pendant le traitement par l'inhibiteur et, le cas échéant, après son arrêt.",44
BUPRENORPHINE,KETOCONAZOLE,buprenorphine,ketoconazole,moderate,PE,"Augmentation des concentrations de buprénorphine par diminution de son métabolisme hépatique, avec risque de majoration de ses effets indésirables.","Surveillance clinique et adaptation de la posologie de la buprénorphine pendant le traitement par l'inhibiteur et, le cas échéant, après son arrêt.",44
BUPROPION,CLOMIPRAMINE,bupropion,clomipramine,moderate,PE,Risque d'augmentation des effets indésirables de la clomipramine par diminution de son métabolisme hépatique par le bupropion.,"Surveillance clinique. Si besoin, adaptation de la posologie de la clomipramine pendant le traitement par le bupropion.",45
BUPROPION,CODEINE,bupropion,codeine,high,ASDEC,Risque d’inefficacité de l’opiacé par inhibition de son métabolisme par l’inhibiteur.,,45
BUPROPION,DESIPRAMINE,bupropion,desipramine,moderate,PE,Risque d'augmentation des effets indésirables de la désipramine par diminution de son métabolisme hépatique par le bupropion.,"Surveillance clinique. Si besoin, adaptation de la posologie de la désipramine pendant le traitement par le bupropion.",45
BUPROPION,IMAO-B,bupropion,imao-b,critical,CI,Risque de crises hypertensives.,,45
BUPROPION,MEQUITAZINE,bupropion,mequitazine,high,ASDEC,"Risque de majoration des effets indésirables de la méquitazine, par inhibition de son métabolisme par l’inhibiteur enzymatique.",,45
BUPROPION,METOPROLOL,bupropion,metoprolol,moderate,PE,Avec le métoprolol utilisé dans l'insuffisance cardiaque : risque d'augmentation des effets indésirables du métoprolol par diminution de son métabolisme hépatique par le bupropion.,"Surveillance clinique. Si besoin, adaptation de la posologie du métoprolol pendant le traitement par le bupropion.",45
BUPROPION,NORTRIPTYLINE,bupropion,nortriptyline,moderate,PE,Risque d'augmentation des effets indésirables de la nortriptyline par diminution de son métabolisme hépatique par le bupropion.,"Surveillance clinique. Si besoin, adaptation de la posologie de la nortriptyline pendant le traitement par le bupropion.",45
BUPROPION,PROPAFENONE,bupropion,propafenone,moderate,PE,Risque d'augmentation des effets indésirables de la propafénone par diminution de son métabolisme hépatique par le bupropion.,"Surveillance clinique. Si besoin, adaptation de la posologie de la propafénone pendant le traitement par le bupropion.",45
BUPROPION,TAMOXIFENE,bupropion,tamoxifene,high,ASDEC,"Risque de baisse de l'efficacité du tamoxifène, par inhibition de la formation de son métabolite actif par le bupropion.",,45
BUPROPION,TETRABENAZINE,bupropion,tetrabenazine,critical,CI,Augmentation possiblement très importante de l’exposition des métabolites actifs de la tétrabénazine.,,45
BUPROPION,TRAMADOL,bupropion,tramadol,high,ASDEC,Risque d’inefficacité de l’opiacé par inhibition de son métabolisme par l’inhibiteur.,,45
BUPROPION,VÉMURAFÉNIB,bupropion,vemurafenib,low,APEC,"Risque de diminution des concentrations du bupropion, avec augmentation de son métabolite actif et toxicité majorée.",,45
BUSPIRONE,DIAZEPAM,buspirone,diazepam,low,APEC,Risque de majoration des effets indésirables de la buspirone.,,45
BUSPIRONE,DILTIAZEM,buspirone,diltiazem,moderate,PE,"Augmentation des concentrations plasmatiques de la buspirone par diminution de son métabolisme hépatique par le diltiazem, avec augmentation de ses effets indésirables.",Surveillance clinique et adaptation de la posologie de la buspirone si nécessaire.,45
BUSPIRONE,ERYTHROMYCINE,buspirone,erythromycine,high,ASDEC,"Augmentation des concentrations plasmatiques de la buspirone par diminution de son métabolisme hépatique, avec majoration importante de la sédation.",,46
BUSPIRONE,ITRACONAZOLE,buspirone,itraconazole,high,ASDEC,"Augmentation des concentrations plasmatiques de la buspirone par diminution de son métabolisme hépatique, avec majoration importante de la sédation.",,46
BUSPIRONE,MILLEPERTUIS,buspirone,millepertuis,critical,CI,Risque de diminution des concentrations plasmatiques de la buspirone par augmentation de son métabolisme par le millepertuis.,,46
BUSPIRONE,PAMPLEMOUSSE (JUS ET FRUIT),buspirone,pamplemousse (jus et fruit),low,APEC,Risque de majoration des effets indésirables de la buspirone par diminution de son métabolisme par le pamplemousse.,,46
BUSPIRONE,RIFAMPICINE,buspirone,rifampicine,moderate,PE,Diminution des concentrations plasmatiques de la buspirone par augmentation de son métabolisme hépatique par la rifampicine.,Surveillance clinique et adaptation éventuelle de la posologie de la buspirone pendant le traitement par rifampicine et après son arrêt.,46
BUSPIRONE,VERAPAMIL,buspirone,verapamil,moderate,PE,"Augmentation des concentrations plasmatiques de la buspirone par diminution de son métabolisme hépatique par le vérapamil, avec augmentation de ses effets indésirables.",Surveillance clinique et adaptation de la posologie de la buspirone si nécessaire.,46
BUSULFAN,DEFERASIROX,busulfan,deferasirox,low,APEC,Risque d’augmentation de la toxicité du busulfan par diminution de sa clairance par le déférasirox.,,46
BUSULFAN,ITRACONAZOLE,busulfan,itraconazole,high,ASDEC,Avec le busulfan à fortes doses : doublement des concentrations de busulfan par l’itraconazole.,,46
BUSULFAN,METRONIDAZOLE,busulfan,metronidazole,high,ASDEC,Avec le busulfan à fortes doses : doublement des concentrations de busulfan par le métronidazole.,,46
CABAZITAXEL,APALUTAMIDE,cabazitaxel,apalutamide,high,ASDEC,"Risque de diminution très importante des concentrations du cabazitaxel, et perte d‘efficacité, par augmentation de son métabolisme hépatique par l’apalutamide.",,46
CABAZITAXEL,INDUCTEURS ENZYMATIQUES,cabazitaxel,inducteurs enzymatiques,low,APEC,"Diminution des concentrations du cytotoxique par augmentation de son métabolisme par l’inducteur, avec risque de moindre efficacité.",,46
CABAZITAXEL,INHIBITEURS PUISSANTS DU CYP3A4,cabazitaxel,inhibiteurs puissants du cyp3a4,moderate,PE,Risque de majoration des effets indésirables dose-dépendants du cabazitaxel par inhibition de son métabolisme par l’inhibiteur enzymatique.,Surveillance clinique et adaptation éventuelle de la posologie du cabazitaxel pendant le traitement par l’inhibiteur enzymatique.,46
CABOTEGRAVIR,INDUCTEURS ENZYMATIQUES,cabotegravir,inducteurs enzymatiques,critical,CI;APEC,"Diminution importante des concentrations de cabotégravir avec la rifampicine, avec risque de réduction de la réponse virologique.","Contre-indication : - avec la rifampicine, la carbamazépine, l'oxcarbazépine, la phénytoïne, le phénobarbital A prendre en compte : - avec les autres inducteurs",47
CAFEINE,CIPROFLOXACINE,cafeine,ciprofloxacine,low,APEC,"Augmentation des concentrations plasmatiques de caféine, par diminution de son métabolisme hépatique.",,47
CAFEINE,DIPYRIDAMOLE,cafeine,dipyridamole,moderate,PE,Avec le dipyridamole par voie injectable : réduction de l’effet vasodilatateur du dipyridamole par la caféine.,"Interrompre un traitement à base de caféine au moins 5 jours avant une imagerie myocardique avec le dipyridamole et éviter la consommation de café, thé, chocolat ou cola dans les 24 heures qui précèdent le test.",47
CAFEINE,ENOXACINE,cafeine,enoxacine,high,ASDEC,"Augmentation des concentrations plasmatiques de caféine, pouvant entraîner excitations et hallucinations, par diminution de son métabolisme hépatique.",,47
CAFEINE,LITHIUM,cafeine,lithium,low,APEC,"En cas d’arrêt brutal de la consommation de café ou de médicaments contenant de la caféine, risque d’augmentation de la lithémie.",,47
CAFEINE,MEXILETINE,cafeine,mexiletine,low,APEC,"Augmentation des concentrations plasmatiques de caféine, par inhibition de son métabolisme hépatique par la méxilétine.",,47
CAFEINE,NORFLOXACINE,cafeine,norfloxacine,low,APEC,"Augmentation des concentrations plasmatiques de caféine, par diminution du métabolisme hépatique de la caféine.",,47
CAFEINE,STIRIPENTOL,cafeine,stiripentol,moderate,PE,"Augmentation possible des concentrations plasmatiques de la caféine, avec risque de surdosage, par inhibition de son métabolisme hépatique.",Surveillance clinique et adaptation éventuelle de la posologie de caféine.,47
CALCITONINE,LITHIUM,calcitonine,lithium,moderate,PE,Risque de baisse de l’efficacité du lithium par augmentation de son élimination rénale par la calcitonine.,"Surveillance clinique et biologique régulière, notamment en début d’association.",47
CALCIUM,BISPHOSPHONATES,calcium,bisphosphonates,moderate,PE,Pour les sels de calcium administrés par voie orale : diminution de l'absorption digestive des bisphosphonates.,"Prendre les sels de calcium et antiacides à distance des bisphosphonates (de 30 minutes au minimum à plus de 2 heures, si possible, selon le bisphosphonate).",47
CALCIUM,CIPROFLOXACINE,calcium,ciprofloxacine,moderate,PE,Diminution de l'absorption digestive de la ciprofloxacine.,"Prendre les sels de calcium à distance de la ciprofloxacine (plus de 2 heures, si possible).",47
CALCIUM,CYCLINES,calcium,cyclines,moderate,PE,Diminution de l'absorption digestive des cyclines.,"Prendre les sels de calcium à distance des cyclines (plus de deux heures, si possible).",47
CALCIUM,DIGOXINE,calcium,digoxine,critical,CI;PE,"Risque de troubles du rythme graves, voire mortels avec les sels de calcium administrés par voie IV.","Contre-indication : - avec les sels de calcium IV, hormis supplémentation parentérale. Précaution d'emploi : - avec les sels de calcium par voie orale. Surveillance clinique et, s'il y a lieu, contrôle de l'ECG et de la calcémie.",48
CALCIUM,DIURÉTIQUES THIAZIDIQUES ET APPARENTÉS,calcium,diuretiques thiazidiques et apparentes,low,APEC,Risque d'hypercalcémie par diminution de l'élimination urinaire du calcium.,,48
CALCIUM,ESTRAMUSTINE,calcium,estramustine,moderate,PE,Diminution de l'absorption digestive de l'estramustine.,"Prendre les sels de calcium à distance de l'estramustine (plus de 2 heures, si possible).",48
CALCIUM,FER,calcium,fer,moderate,PE,Avec les sels de fer par voie orale : diminution de l'absorption digestive des sels de fer.,Prendre les sels de fer à distance des repas et en l'absence de calcium.,48
CALCIUM,HORMONES THYROÏDIENNES,calcium,hormones thyroidiennes,moderate,PE,Diminution de l’absorption digestive des hormones thyroïdiennes.,"Prendre les sels de calcium à distance des hormones thyroïdiennes (plus de 2 heures, si possible).",48
CALCIUM,INHIBITEURS D'INTÉGRASE,calcium,inhibiteurs d'integrase,moderate,PE,Diminution de l'absorption digestive des inhibiteurs d’intégrase.,"Prendre les sels de calcium à distance de l’antirétroviral (plus de 2 heures, si possible).",48
CALCIUM,NORFLOXACINE,calcium,norfloxacine,moderate,PE,Diminution de l'absorption digestive de la norflloxacine.,"Prendre les sels de calcium à distance de la norfloxacine (plus de 2 heures, si possible).",48
CALCIUM,ROXADUSTAT,calcium,roxadustat,moderate,PE,"La prise de cation divalent peut diminuer l’absorption intestinale et, potentiellement, l’efficacité du roxadustat pris simultanément.","Prendre le roxadustat à distance des sels de calcium (plus de 1 heure, si possible).",48
CALCIUM,STRONTIUM,calcium,strontium,moderate,PE,Avec les sels de calcium administrés par voie orale : diminution de l'absorption digestive du strontium.,"Prendre le strontium à distance des sels de calcium (plus de deux heures, si possible).",48
CALCIUM,ZINC,calcium,zinc,moderate,PE,Diminution de l’absorption digestive du zinc par le calcium.,Prendre les sels de calcium à distance du zinc (plus de 2 heures si possible).,48
CANAKINUMAB,ANTI-TNF ALPHA,canakinumab,anti-tnf alpha,high,ASDEC,Risque de majoration des infections graves.,,48
CANNABIDIOL,INDUCTEURS ENZYMATIQUES PUISSANTS,cannabidiol,inducteurs enzymatiques puissants,high,ASDEC,Diminution des concentrations plasmatiques de cannabidiol avec risque de perte d’efficacité.,,48
CANNABIDIOL,MILLEPERTUIS,cannabidiol,millepertuis,critical,CI,Diminution des concentrations plasmatiques de cannabidiol avec risque de perte d’efficacité.,,48
CANNABIDIOL,RIFAMPICINE,cannabidiol,rifampicine,high,ASDEC,Diminution des concentrations plasmatiques de cannabidiol avec risque de perte d’efficacité.,,49
CARBAMAZEPINE,ACETAZOLAMIDE,carbamazepine,acetazolamide,moderate,PE,Augmentation des concentrations plasmatiques de carbamazépine avec signes de surdosage.,"Surveillance clinique et, si besoin, contrôle des concentrations plasmatiques de carbamazépine et réduction éventuelle de sa posologie.",49
CARBAMAZEPINE,CIMETIDINE,carbamazepine,cimetidine,moderate,PE,"Avec la cimétidine utilisée à des doses supérieures ou égales à 800 mg/j : en début de traitement, augmentation des concentrations plasmatiques de carbamazépine par inhibition de son métabolisme hépatique par la cimétidine.","Surveillance clinique et réduction éventuelle de la posologie de la carbamazépine, spécialement pendant les premiers jours de traitement par la cimétidine.",49
CARBAMAZEPINE,CLARITHROMYCINE,carbamazepine,clarithromycine,moderate,PE,"Augmentation des concentrations plasmatiques de carbamazépine avec signes de surdosage, par inhibition de son métabolisme hépatique.",Surveillance clinique et réduction éventuelle de la posologie de la carbamazépine.,49
CARBAMAZEPINE,CLONAZEPAM,carbamazepine,clonazepam,moderate,PE,"Augmentation des concentrations plasmatiques du métabolite actif de la carbamazépine. De plus, diminution des concentrations plasmatiques du clonazépam par augmentation de son métabolisme hépatique par la carbamazépine.","Surveillance clinique, dosages plasmatiques et adaptation éventuelle des posologies des deux anticonvulsivants.",49
CARBAMAZEPINE,DANAZOL,carbamazepine,danazol,moderate,PE,"Augmentation des concentrations plasmatiques de carbamazépine, avec signes de surdosage.",Surveillance clinique et réduction éventuelle de la posologie de la carbamazépine.,49
CARBAMAZEPINE,DIGOXINE,carbamazepine,digoxine,moderate,PE,Augmentation des concentrations plasmatiques de carbamazépine et diminution de la digoxinémie.,Prudence dans l'interprétation des concentrations plasmatiques.,49
CARBAMAZEPINE,DIURÉTIQUES HYPOKALIÉMIANTS,carbamazepine,diuretiques hypokaliemiants,moderate,PE,Risque d'hyponatrémie symptomatique.,"Surveillance clinique et biologique. Si possible, utiliser une autre classe de diurétiques.",49
CARBAMAZEPINE,ERYTHROMYCINE,carbamazepine,erythromycine,high,ASDEC,"Augmentation des concentrations plasmatiques de carbamazépine, avec signes de surdosage, par inhibition de son métabolisme hépatique.",,49
CARBAMAZEPINE,ETHOSUXIMIDE,carbamazepine,ethosuximide,moderate,PE,Diminution des concentrations plasmatiques d'éthosuximide.,"Surveillance clinique, dosage plasmatique de l'éthosuximide et augmentation éventuelle de sa posologie.",49
CARBAMAZEPINE,FELBAMATE,carbamazepine,felbamate,moderate,PE,"Augmentation des concentrations plasmatiques du métabolite actif de la carbamazépine. De plus, diminution des concentrations plasmatiques de felbamate par augmentation de son métabolisme hépatique par la carbamazépine.","Surveillance clinique, dosages plasmatiques et adaptation éventuelle des posologies des deux anticonvulsivants.",49
CARBAMAZEPINE,FLUCONAZOLE,carbamazepine,fluconazole,moderate,PE,Pour des doses de fluconazole >= 200 mg par jour : augmentation possible des effets indésirables de la carbamazépine.,"Adapter la posologie de carbamazépine, pendant et après l’arrêt du traitement antifongique.",49
CARBAMAZEPINE,FLUOXETINE,carbamazepine,fluoxetine,moderate,PE,Augmentation des concentrations plasmatiques de carbamazépine avec signes de surdosage.,"Surveillance clinique, contrôle des concentrations plasmatiques de carbamazépine et réduction éventuelle de la posologie de la carbamazépine pendant le traitement par l'antidépresseur sérotoninergique et après son arrêt.",49
CARBAMAZEPINE,FLUVOXAMINE,carbamazepine,fluvoxamine,moderate,PE,Augmentation des concentrations plasmatiques de carbamazépine avec signes de surdosage.,"Surveillance clinique, contrôle des concentrations plasmatiques de carbamazépine et réduction éventuelle de la posologie de la carbamazépine pendant le traitement par l'antidépresseur sérotoninergique et après son arrêt.",50
CARBAMAZEPINE,ISONIAZIDE,carbamazepine,isoniazide,high,ASDEC,Augmentation des concentrations plasmatiques de carbamazépine avec signes de surdosage par inhibition de son métabolisme hépatique.,,50
CARBAMAZEPINE,JOSAMYCINE,carbamazepine,josamycine,moderate,PE,"Augmentation des concentrations plasmatiques de carbamazépine avec signes de surdosage, par diminution de son métabolisme hépatique.","Surveillance clinique et, si besoin, dosage plasmatique et réduction éventuelle de la posologie de la carbamazépine.",50
CARBAMAZEPINE,LAMOTRIGINE,carbamazepine,lamotrigine,moderate,PE,"Risque d'augmentation des effets neurologiques (vertiges, ataxie, diplopie) de la carbamazépine lors de l'introduction de la lamotrigine.",Surveillance clinique et réduction éventuelle de la posologie de la carbamazépine.,50
CARBAMAZEPINE,LITHIUM,carbamazepine,lithium,high,ASDEC,"Risque de neurotoxicité se manifestant par des troubles cérébelleux, confusion, somnolence, ataxie. Ces troubles sont réversibles à l'arrêt du traitement par le lithium.",,50
CARBAMAZEPINE,MILLEPERTUIS,carbamazepine,millepertuis,high,ASDEC,Risque de diminution des concentrations plasmatiques et de l'efficacité de la carbamazepine.,,50
CARBAMAZEPINE,NINTÉDANIB,carbamazepine,nintedanib,moderate,PE,Diminution des concentrations plasmatiques du nintédanib par diminution de son absorption par la carbamazépine.,Surveillance clinique pendant l’association.,50
CARBAMAZEPINE,OLANZAPINE,carbamazepine,olanzapine,moderate,PE,"Risque de diminution des concentrations plasmatiques de l'olanzapine et de son efficacité thérapeutique, par augmentation de son métabolisme hépatique par la carbamazépine.","Surveillance clinique, et si besoin, adaptation posologique de l'olanzapine.",50
CARBAMAZEPINE,PAMPLEMOUSSE (JUS ET FRUIT),carbamazepine,pamplemousse (jus et fruit),high,ASDEC,"Augmentation des concentrations plasmatiques de carbamazépine, avec risque de surdosage, par inhibition de son métabolisme par le pamplemousse.",,50
CARBAMAZEPINE,PAROXETINE,carbamazepine,paroxetine,moderate,PE,Augmentation des concentrations plasmatiques de carbamazépine avec signes de surdosage.,"Surveillance clinique, contrôle des concentrations plasmatiques de carbamazépine et réduction éventuelle de la posologie de la carbamazépine pendant le traitement par l'antidépresseur sérotoninergique et après son arrêt.",50
CARBAMAZEPINE,"PHÉNOBARBITAL (ET, PAR EXTRAPOLATION, PRIMIDONE)",carbamazepine,"phenobarbital (et, par extrapolation, primidone)",low,APEC,Diminution progressive des concentrations plasmatiques de carbamazépine et de son métabolite actif sans modification apparente de l'efficacité anticomitiale.,Prudence quant à l'interprétation des concentrations plasmatiques.,50
CARBAMAZEPINE,"PHÉNYTOÏNE (ET, PAR EXTRAPOLATION, FOSPHÉNYTOÏNE)",carbamazepine,"phenytoine (et, par extrapolation, fosphenytoine)",low,APEC,Réduction réciproque des concentrations plasmatiques (augmentation du métabolisme sans modification apparente de l'efficacité anticomitiale).,Prudence dans l'interprétation des concentrations plasmatiques.,50
CARBAMAZEPINE,RIFAMPICINE,carbamazepine,rifampicine,moderate,PE,Diminution des concentrations plasmatiques et de l'efficacité de la carbamazépine par augmentation de son métabolisme hépatique par la rifampicine.,"Surveillance clinique, contrôle des concentrations plasmatiques et adaptation de la posologie de la carbamazépine pendant le traitement par la rifampicine et après son arrêt.",50
CARBAMAZEPINE,RISPERIDONE,carbamazepine,risperidone,moderate,PE,Risque de diminution de la fraction active de la rispéridone et de son efficacité thérapeutique par augmentation de son métabolisme hépatique par la carbamazépine.,"Surveillance clinique, et si besoin, adaptation posologique de la rispéridone.",50
CARBAMAZEPINE,SIMVASTATINE,carbamazepine,simvastatine,high,ASDEC,"Diminution importante des concentrations plasmatiques de simvastatine, par augmentation de son métabolisme hépatique.",,51
CARBAMAZEPINE,TOPIRAMATE,carbamazepine,topiramate,moderate,PE,"Diminution des concentrations du topiramate avec risque de moindre efficacité, par augmentation de son métabolisme hépatique par la carbamazépine.","Surveillance clinique, et si besoin, adaptation posologique du topiramate pendant le traitement par la carbamazépine et après son arrêt.",51
CARBAMAZEPINE,"VALPROÏQUE (ACIDE) ET, PAR EXTRAPOLATION, VALPROMIDE",carbamazepine,"valproique (acide) et, par extrapolation, valpromide",moderate,PE,"Augmentation des concentrations plasmatiques du métabolite actif de la carbamazépine avec signes de surdosage. De plus, diminution des concentrations plasmatiques d'acide valproïque par augmentation de son métabolisme hépatique par la carbamazépine.","Surveillance clinique, dosages plasmatiques et adaptation de la posologie des deux anticonvulsivants.",51
CARBAMAZEPINE,VERAPAMIL,carbamazepine,verapamil,moderate,PE,"Augmentation des concentrations de carbamazépine et de sa neurotoxicité par inhibition de son métabolisme par le vérapamil. De plus, diminution des concentrations du vérapamil par augmentation de son métabolisme par la carbamazépine.",Surveillance clinique et adaptation éventuelle des posologies des deux médicaments.,51
CARMUSTINE,CIMETIDINE,carmustine,cimetidine,high,ASDEC,Avec la cimétidine utilisée à des doses supérieures ou égales à 800 mg/j : toxicité médullaire accrue (inhibition du métabolisme de la carmustine).,,51
CARVEDILOL,CIMETIDINE,carvedilol,cimetidine,critical,CI,"Avec la cimétidine utilisée à des doses supérieures ou égales à 800 mg/j : augmentation des concentrations du carvédilol, pouvant être préjudiciables dans le cas du traitement de l'insuffisance cardiaque, par diminution de son métabolisme hépatique par la cimétidine.",Utiliser un autre antisécrétoire gastrique.,51
CARVEDILOL,RIFAMPICINE,carvedilol,rifampicine,moderate,PE,"Diminution importante des concentrations plasmatiques du carvédilol, par augmentation de son métabolisme hépatique par la rifampicine.","Surveillance clinique régulière et adaptation de la posologie du carvédilol pendant le traitement par la rifampicine. A l'arrêt de la rifampicine, risque de remontée importante des concentrations plasmatiques de carvédilol imposant une réduction posologique et une surveillance clinique étroite.",51
CASPOFUNGINE,INDUCTEURS ENZYMATIQUES,caspofungine,inducteurs enzymatiques,moderate,PE,Diminution des concentrations plasmatiques de caspofungine.,"En cas de traitement par inducteur, maintenir la posologie à 70 mg par jour dès le 2e jour.",51
CEFALOTINE,AMINOSIDES,cefalotine,aminosides,moderate,PE,L'augmentation de la néphrotoxicité des aminosides par la céfalotine est discutée.,Surveillance de la fonction rénale.,51
CEFAMANDOLE,ANTIVITAMINES K,cefamandole,antivitamines k,moderate,PE,Augmentation de l'effet de l'antivitamine K et du risque hémorragique.,Contrôle plus fréquent de l'INR. Adaptation éventuelle de la posologie de l'antivitamine K pendant le traitement par la céphalosporine et après son arrêt.,51
CEFAZOLINE,ANTIVITAMINES K,cefazoline,antivitamines k,moderate,PE,Augmentation de l'effet de l'antivitamine K et du risque hémorragique.,Contrôle plus fréquent de l'INR. Adaptation éventuelle de la posologie de l'antivitamine K pendant le traitement par la céphalosporine et après son arrêt.,51
CEFTRIAXONE,ANTIVITAMINES K,ceftriaxone,antivitamines k,moderate,PE,Augmentation de l'effet de l'antivitamine K et du risque hémorragique.,Contrôle plus fréquent de l'INR. Adaptation éventuelle de la posologie de l'antivitamine K pendant le traitement par la céphalosporine et après son arrêt.,52
CHLORDIAZEPOXIDE,CIMETIDINE,chlordiazepoxide,cimetidine,moderate,PE,Avec la cimétidine utilisée à des doses supérieures ou égales à 800 mg/j : risque accru de somnolence.,Avertir les patients de l'augmentation du risque en cas de conduite automobile ou d'utilisation de machines.,52
CHLOROQUINE,CICLOSPORINE,chloroquine,ciclosporine,moderate,PE,Risque d'augmentation des concentrations sanguines de ciclosporine et de la créatininémie.,"Dosage des concentrations sanguines de ciclosporine, contrôle de la fonction rénale et adaptation de la posologie pendant l'association et après l'arrêt de la chloroquine.",52
CHLOROQUINE,CIMETIDINE,chloroquine,cimetidine,low,APEC,Ralentissement de l’élimination de la chloroquine et risque de surdosage.,,52
CHLOROQUINE,HORMONES THYROÏDIENNES,chloroquine,hormones thyroidiennes,moderate,PE,Risque d’hypothyroïdie clinique chez les patients substitués par hormones thyroïdiennes.,"Surveillance clinique et biologique. Adaptation, si besoin, de la posologie des hormones thyroïdiennes pendant le traitement par chloroquine et après son arrêt.",52
CHLORPROMAZINE,INSULINE,chlorpromazine,insuline,moderate,PE,A fortes posologies (100 mg par jour de chlorpromazine) : élévation de la glycémie (diminution de la libération de l'insuline).,Prévenir le patient et renforcer l'autosurveillance glycémique. Adapter éventuellement la posologie de l'insuline pendant le traitement par le neuroleptique et après son arrêt.,52
CHLORPROMAZINE,SULFAMIDES HYPOGLYCÉMIANTS,chlorpromazine,sulfamides hypoglycemiants,moderate,PE,A fortes posologies (100 mg par jour de chlorpromazine) : élévation de la glycémie (diminution de la libération de l'insuline).,Prévenir le patient et renforcer l'autosurveillance glycémique. Adapter éventuellement la posologie du neuroleptique pendant le traitement et après son arrêt.,52
CICLOSPORINE,ACIDE ASCORBIQUE,ciclosporine,acide ascorbique,low,APEC,"Risque de diminution des concentrations sanguines de la ciclosporine, notamment en cas d’association avec la vitamine E.",,52
CICLOSPORINE,ACIDE URSODESOXYCHOLIQUE,ciclosporine,acide ursodesoxycholique,low,APEC,Risque de variation des concentrations sanguines de ciclosporine.,,52
CICLOSPORINE,AFATINIB,ciclosporine,afatinib,moderate,PE,Augmentation des concentrations plasmatique d’afatinib par augmentation de son absorption par la ciclosporine.,"Il est recommandé d’administrer la ciclosporine le plus à distance possible de l’afatinib, en respectant de préférence un intervalle de 6 heures ou de 12 heures par rapport à la prise d’afatinib.",52
CICLOSPORINE,AMBRISENTAN,ciclosporine,ambrisentan,low,APEC,"Doublement des concentrations d’ambrisentan, avec majoration de l’effet vasodilatateur (céphalées).",,52
CICLOSPORINE,AMINOSIDES,ciclosporine,aminosides,low,APEC,"Augmentation de la créatininémie plus importante que sous ciclosporine seule, avec majoration du risque néphrotoxique.",,53
CICLOSPORINE,AMIODARONE,ciclosporine,amiodarone,high,ASDEC,"Augmentation des concentrations sanguines de ciclosporine, par diminution de son métabolisme hépatique, avec risque d'effets néphrotoxiques.","Dosage des concentrations sanguines de ciclosporine, contrôle de la fonction rénale et adaptation de la posologie de la ciclosporine pendant le traitement par l'amiodarone.",53
CICLOSPORINE,AMPHOTERICINE B,ciclosporine,amphotericine b,low,APEC,Avec l'amphotéricine B administrée par voie IV : augmentation de la créatininémie plus importante que sous ciclosporine seule (synergie des effets néphrotoxiques des deux substances).,,53
CICLOSPORINE,ANALOGUES DE LA SOMATOSTATINE,ciclosporine,analogues de la somatostatine,moderate,PE,Avec la ciclosporine administrée par voie orale : baisse des concentrations sanguines de ciclosporine (diminution de son absorption intestinale).,Augmentation des doses de ciclosporine sous contrôle des concentrations plasmatiques et réduction de la posologie après l'arrêt du traitement par l'analogue de la somatostatine.,53
CICLOSPORINE,ANTI-INFLAMMATOIRES NON STÉROÏDIENS,ciclosporine,anti-inflammatoires non steroidiens,moderate,PE,"Risque d’addition des effets néphrotoxiques, notamment chez le sujet âgé.",Surveiller la fonction rénale en début de traitement par l’AINS.,53
CICLOSPORINE,ATORVASTATINE,ciclosporine,atorvastatine,moderate,PE,Risque majoré d'effets indésirables (concentration-dépendants) à type de rhabdomyolyse (diminution du métabolisme de l'hypocholestérolémiant).,"Ne pas dépasser la posologie de 10mg/jour d'atorvastatine. Si l'objectif thérapeutique n'est pas atteint à cette posologie, utiliser une autre statine non concernée par ce type d'interaction.",53
CICLOSPORINE,AZITHROMYCINE,ciclosporine,azithromycine,moderate,PE,Risque d'augmentation des concentrations sanguines de ciclosporine et de la créatininémie.,"Dosage des concentrations sanguines de la ciclosporine, contrôle de la fonction rénale et adaptation de la posologie pendant l'association et après l'arrêt du macrolide.",53
CICLOSPORINE,BOSENTAN,ciclosporine,bosentan,critical,CI,Diminution importante des concentrations sanguines de la ciclosporine et augmentation des concentrations plasmatiques de bosentan.,,53
CICLOSPORINE,CHLOROQUINE,ciclosporine,chloroquine,moderate,PE,Risque d'augmentation des concentrations sanguines de ciclosporine et de la créatininémie.,"Dosage des concentrations sanguines de ciclosporine, contrôle de la fonction rénale et adaptation de la posologie pendant l'association et après l'arrêt de la chloroquine.",53
CICLOSPORINE,CIMETIDINE,ciclosporine,cimetidine,low,APEC,Avec la cimétidine utilisée à des doses supérieures ou égales à 800 mg/j : augmentation des concentrations sanguines de ciclosporine.,,53
CICLOSPORINE,CLINDAMYCINE,ciclosporine,clindamycine,moderate,PE,Diminution des concentrations sanguines de l'immunosuppresseur avec risque de perte de l'activité immunosuppressive.,Contrôle renforcé des dosages sanguins de ciclosporine et augmentation éventuelle de sa posologie.,53
CICLOSPORINE,COLCHICINE,ciclosporine,colchicine,high,ASDEC,"Risque d’addition des effets indésirables neuromusculaires et augmentation de la toxicité de la colchicine avec risque de surdosage par inhibition de son élimination par la ciclosporine, notamment en cas d’insuffisance rénale préexistante.",,53
CICLOSPORINE,DABIGATRAN,ciclosporine,dabigatran,critical,CI,"Augmentation de plus du double des concentrations plasmatiques de dabigatran, avec majoration du risque de saignement.",,53
CICLOSPORINE,DANAZOL,ciclosporine,danazol,moderate,PE,Augmentation des concentrations sanguines de ciclosporine par inhibition de son métabolisme hépatique.,"Dosage des concentrations sanguines de ciclosporine, contrôle de la fonction rénale et adaptation de la posologie pendant l’association et après son arrêt.",53
CICLOSPORINE,DIURÉTIQUES ÉPARGNEURS DE POTASSIUM (SEULS OU ASSOCIÉS),ciclosporine,diuretiques epargneurs de potassium (seuls ou associes),high,ASDEC,"Hyperkaliémie potentiellement létale, surtout lors d'une insuffisance rénale (addition des effets hyperkaliémiants).",,54
CICLOSPORINE,DIURÉTIQUES HYPOKALIÉMIANTS,ciclosporine,diuretiques hypokaliemiants,low,APEC,"Risque d'augmentation de la créatininémie sans modification des concentrations sanguines de ciclosporine, même en l'absence de déplétion hydrosodée. Egalement, risque d'hyperuricémie et de complications comme la goutte.",,54
CICLOSPORINE,ÉDOXABAN,ciclosporine,edoxaban,moderate,PE,"Augmentation des concentrations plasmatiques de l’édoxaban, avec majoration du risque de saignement.",Réduire la dose d’édoxaban de moitié.,54
CICLOSPORINE,EVEROLIMUS,ciclosporine,everolimus,moderate,PE,Augmentation des concentrations sanguines de l’évérolimus par la ciclosporine. La néphrotoxicité de la ciclosporine est également augmentée lors de l’association.,"Dosage des concentrations sanguines d’évérolimus, éventuellement adaptation de la posologie et contrôle de la fonction rénale, pendant l’association et après son arrêt.",54
CICLOSPORINE,EZETIMIBE,ciclosporine,ezetimibe,high,ASDEC,"D’une part, risque majoré d'effets indésirables (concentration- dépendants) à type de rhabdomyolyse, par augmentation des concentrations d’ézétimibe ; d’autre part, possible augmentation des concentrations de ciclosporine.",,54
CICLOSPORINE,FENOFIBRATE,ciclosporine,fenofibrate,moderate,PE,Risque d'augmentation de la néphrotoxicité de la ciclosporine.,"Surveillance clinique et biologique de la fonction rénale, pendant et après l'association.",54
CICLOSPORINE,FIDAXOMICINE,ciclosporine,fidaxomicine,high,ASDEC,Augmentation des concentrations plasmatiques de la fidaxomicine.,,54
CICLOSPORINE,FLUVASTATINE,ciclosporine,fluvastatine,moderate,PE,"Augmentation modérée des concentrations de fluvastatine, avec risque musculaire non exclu.",Surveillance clinique et biologique pendant l’association.,54
CICLOSPORINE,GRAZOPREVIR + ELBASVIR,ciclosporine,grazoprevir + elbasvir,critical,CI,Augmentation des concentrations de grazoprévir et d’elbasvir.,,54
CICLOSPORINE,JOSAMYCINE,ciclosporine,josamycine,moderate,PE,Risque d'augmentation des concentrations sanguines de ciclosporine et de la créatininémie.,"Dosage des concentrations sanguines de la ciclosporine, contrôle de la fonction rénale et adaptation de la posologie pendant l'association et après l'arrêt du macrolide.",54
CICLOSPORINE,LERCANIDIPINE,ciclosporine,lercanidipine,moderate,PE,Augmentation modérée des concentrations sanguines de l'immunosuppresseur et augmentation plus notable des concentrations de lercanidipine.,"Décaler les prises des deux médicaments. Dosage des concentrations sanguines de l'immunosuppresseur, et adaptation si nécessaire de sa posologie pendant l'association et après son arrêt.",54
CICLOSPORINE,METHOTREXATE,ciclosporine,methotrexate,moderate,PE,Augmentation de la toxicité du méthotrexate et de la ciclosporine avec augmentation de la créatininémie : diminution réciproque des clairances des deux médicaments.,Dosage des concentrations sanguines de ciclosporine et de méthotrexate. Adaptation posologique si nécessaire pendant l'association et après son arrêt.,54
CICLOSPORINE,METHYLPREDNISOLONE,ciclosporine,methylprednisolone,low,APEC,Avec la méthylprednisolone administrée par voie IV : augmentation possible des concentrations sanguines de ciclosporine et de la créatininémie. Mécanisme invoqué : diminution de l'élimination hépatique de la ciclosporine.,,54
CICLOSPORINE,MIDECAMYCINE,ciclosporine,midecamycine,moderate,PE,Risque d'augmentation des concentrations sanguines de ciclosporine et de la créatininémie.,"Dosage des concentrations sanguines de la ciclosporine, contrôle de la fonction rénale et adaptation de la posologie pendant l'association et après l'arrêt du macrolide.",54
CICLOSPORINE,MIFAMURTIDE,ciclosporine,mifamurtide,critical,CI,Risque d'atteinte des macrophages spléniques et des cellules phagocytaires mononuclées.,,55
CICLOSPORINE,MODAFINIL,ciclosporine,modafinil,high,ASDEC,Risque de diminution des concentrations sanguines et de l'efficacité de l'immunosuppresseur.,,55
CICLOSPORINE,NIFEDIPINE,ciclosporine,nifedipine,high,ASDEC,Risque d'addition d'effets indésirables à type de gingivopathies.,Utiliser une autre dihydropyridine.,55
CICLOSPORINE,NINTÉDANIB,ciclosporine,nintedanib,moderate,PE,Augmentation des concentrations plasmatiques du nintédanib par augmentation de son absorption par la ciclosporine.,Surveillance clinique pendant l’association.,55
CICLOSPORINE,ORLISTAT,ciclosporine,orlistat,high,ASDEC,"Diminution des concentrations sanguines de ciclosporine par diminution de son absorption intestinale, avec risque de perte de l'activité immunosuppressive.","Prendre l'orlistat à distance de la ciclosporine (au moins 3 heures). Contrôle renforcé des dosages sanguins de ciclosporine, notamment en début d’association, et lors d’augmentation éventuelle de la posologie de l’orlistat.",55
CICLOSPORINE,OZANIMOD,ciclosporine,ozanimod,high,ASDEC,Risque d’augmentation des effets indésirables de l’ozanimod.,,55
CICLOSPORINE,PITAVASTATINE,ciclosporine,pitavastatine,critical,CI,"Risque majoré d'effets indésirables (concentration-dépendants) à type de rhabdomyolyse, ou de néphrotoxicité, par diminution du métabolisme de la pitavastatine.",,55
CICLOSPORINE,POTASSIUM,ciclosporine,potassium,high,ASDEC,"Pour une quantité de potassium > à 1 mmol/prise, hyperkaliémie potentiellement létale, notamment chez l'insuffisant rénale ( addition des effets hyperkaliémiants).",Sauf en cas d'hypokaliémie.,55
CICLOSPORINE,PRAVASTATINE,ciclosporine,pravastatine,moderate,PE,"Augmentation des concentrations de pravastatine, avec risque musculaire non exclu.",Surveillance clinique et biologique pendant l’association. Débuter le traitement à la dose minimale de pravastatine.,55
CICLOSPORINE,PREDNISOLONE,ciclosporine,prednisolone,low,APEC,"Augmentation des effets de la prednisolone : aspect cushingoïde, réduction de la tolérance aux glucides (diminution de la clairance de la prednisolone).",,55
CICLOSPORINE,REPAGLINIDE,ciclosporine,repaglinide,high,ASDEC,Augmentation de plus du double des concentrations du répaglinide par augmentation de son absorption.,,55
CICLOSPORINE,ROSUVASTATINE,ciclosporine,rosuvastatine,critical,CI,"Risque majoré d'effets indésirables (concentration-dépendants) à type de rhabdomyolyse, ou de néphrotoxicité, par diminution du métabolisme de la rosuvastatine.",,55
CICLOSPORINE,ROXITHROMYCINE,ciclosporine,roxithromycine,moderate,PE,Risque d'augmentation des concentrations sanguines de ciclosporine et de la créatininémie.,"Dosage des concentrations sanguines de la ciclosporine, contrôle de la fonction rénale et adaptation de la posologie pendant l'association et après l'arrêt du macrolide.",55
CICLOSPORINE,SIMVASTATINE,ciclosporine,simvastatine,critical,CI,Risque majoré d'effets indésirables (concentration-dépendants) à type de rhabdomyolyse par diminution du métabolisme de la simvastatine.,,55
CICLOSPORINE,SIROLIMUS,ciclosporine,sirolimus,moderate,PE,Augmentation des concentrations sanguines de sirolimus par la ciclosporine. La néphrotoxicité de la ciclosporine est également augmentée lors de l’association.,"Il est recommandé d’administrer le sirolimus 4 heures après la ciclosporine. Contrôle de la fonction rénale, pendant l’association et après son arrêt.",56
CICLOSPORINE,SULFINPYRAZONE,ciclosporine,sulfinpyrazone,moderate,PE,Diminution des concentrations sanguines de ciclosporine par augmentation de son métabolisme par la sulfinpyrazone.,Contrôle des concentrations sanguines de ciclosporine et adaptation éventuelle de sa posologie pendant le traitement par sulfinpyrazone et après son arrêt.,56
CICLOSPORINE,TALAZOPARIB,ciclosporine,talazoparib,moderate,PE,Augmentation des concentrations de talazoparib avec risque de majoration de la toxicité.,Réduire la dose de talazoparib.,56
CICLOSPORINE,TÉNOFOVIR ALAFÉNAMIDE,ciclosporine,tenofovir alafenamide,moderate,PE,Augmentation des concentrations plasmatiques du ténofovir alafénamide par augmentation de son absorption.,"En cas de co-administration avec la ciclosporine, la dose de ténofovir alafénamide doit être limitée à 10 mg par jour.",56
CICLOSPORINE,TERBINAFINE,ciclosporine,terbinafine,moderate,PE,Diminution des concentrations sanguines de ciclosporine.,Contrôle des concentrations sanguines de ciclosporine et adaptation éventuelle de sa posologie pendant le traitement par terbinafine et après son arrêt.,56
CICLOSPORINE,TICLOPIDINE,ciclosporine,ticlopidine,moderate,PE,Diminution des concentrations sanguines de ciclosporine.,Augmentation de la posologie de la ciclosporine sous contrôle des concentrations sanguines. Réduction de la posologie en cas d'arrêt de la ticlopidine.,56
CICLOSPORINE,TIGECYCLINE,ciclosporine,tigecycline,moderate,PE,"Augmentation des concentrations sanguines de l’immunosuppresseur, avec risque d'effets néphrotoxiques.","Dosage des concentrations sanguines de l’immunosuppresseur, contrôle de la fonction rénale et adaptation de la posologie pendant le traitement par la tigécycline.",56
CICLOSPORINE,TRIMETHOPRIME,ciclosporine,trimethoprime,low,APEC,Avec le triméthoprime (seul ou associé) par voie orale : augmentation de la créatininémie avec diminution possible des concentrations sanguines de ciclosporine. Avec le trimethoprime (seul ou associé) par voie IV : la diminution des concentrations sanguines de ciclosporine peut être très importante avec disparition possible du pouvoir immunosuppresseur.,,56
CICLOSPORINE,VERAPAMIL,ciclosporine,verapamil,moderate,PE,"Augmentation des concentrations sanguines de la ciclosporine (diminution de son métabolisme hépatique), et majoration du risque de gingivopathies.","Dosage des concentrations sanguines de la ciclosporine, contrôle de la fonction rénale et adaptation de la posologie pendant l’association et après son arrêt.",56
CIMETIDINE,ALFENTANIL,cimetidine,alfentanil,moderate,PE,Avec la cimétidine utilisée à des doses supérieures ou égales à 800 mg/j : augmentation de l'effet dépresseur respiratoire de l'analgésique opiacé par diminution de son métabolisme hépatique.,Adapter la posologie de l'alfentanil en cas de traitement par la cimétidine.,56
CIMETIDINE,ANTIVITAMINES K,cimetidine,antivitamines k,low,APEC,Avec la cimétidine utilisée à des doses supérieures ou égales à 800 mg/j : augmentation de l'effet de l'antivitamine K et du risque hémorragique (diminution de son métabolisme hépatique).,,56
CIMETIDINE,CARBAMAZEPINE,cimetidine,carbamazepine,moderate,PE,"Avec la cimétidine utilisée à des doses supérieures ou égales à 800 mg/j : en début de traitement, augmentation des concentrations plasmatiques de carbamazépine par inhibition de son métabolisme hépatique par la cimétidine.","Surveillance clinique et réduction éventuelle de la posologie de la carbamazépine, spécialement pendant les premiers jours de traitement par la cimétidine.",56
CIMETIDINE,CARMUSTINE,cimetidine,carmustine,high,ASDEC,Avec la cimétidine utilisée à des doses supérieures ou égales à 800 mg/j : toxicité médullaire accrue (inhibition du métabolisme de la carmustine).,,56
CIMETIDINE,CARVEDILOL,cimetidine,carvedilol,critical,CI,"Avec la cimétidine utilisée à des doses supérieures ou égales à 800 mg/j : augmentation des concentrations du carvédilol, pouvant être préjudiciables dans le cas du traitement de l'insuffisance cardiaque, par diminution de son métabolisme hépatique par la cimétidine.",Utiliser un autre antisécrétoire gastrique.,57
CIMETIDINE,CHLORDIAZEPOXIDE,cimetidine,chlordiazepoxide,moderate,PE,Avec la cimétidine utilisée à des doses supérieures ou égales à 800 mg/j : risque accru de somnolence.,Avertir les patients de l'augmentation du risque en cas de conduite automobile ou d'utilisation de machines.,57
CIMETIDINE,CHLOROQUINE,cimetidine,chloroquine,low,APEC,Ralentissement de l’élimination de la chloroquine et risque de surdosage.,,57
CIMETIDINE,CICLOSPORINE,cimetidine,ciclosporine,low,APEC,Avec la cimétidine utilisée à des doses supérieures ou égales à 800 mg/j : augmentation des concentrations sanguines de ciclosporine.,,57
CIMETIDINE,DIAZEPAM,cimetidine,diazepam,moderate,PE,Avec la cimétidine utilisée à des doses supérieures ou égales à 800 mg/j : risque accru de somnolence.,Avertir les patients de l'augmentation du risque en cas de conduite automobile ou d'utilisation de machines.,57
CIMETIDINE,LIDOCAINE,cimetidine,lidocaine,moderate,PE,Avec la cimétidine utilisée à des doses supérieures ou égales à 800 mg/j : augmentation des concentrations plasmatiques de lidocaïne avec risque d'effets indésirables neurologiques et cardiaques (inhibition du métabolisme hépatique de la lidocaïne).,"Surveillance clinique, ECG et éventuellement des concentrations plasmatiques de la lidocaïne ; s'il y a lieu, adaptation de la posologie de la lidocaïne pendant le traitement par la cimétidine et après son arrêt.",57
CIMETIDINE,LOMUSTINE,cimetidine,lomustine,high,ASDEC,Avec la cimétidine utilisée à des doses supérieures ou égales à 800 mg/j : toxicité médullaire accrue (inhibition du métabolisme de la lomustine).,,57
CIMETIDINE,METHADONE,cimetidine,methadone,moderate,PE,"Augmentation des concentrations plasmatiques de méthadone avec surdosage et risque majoré d’allongement de l’intervalle QT et de troubles du rythme ventriculaire, notamment de torsades de pointes.","Surveillance clinique et électrocardiographique renforcée ; si besoin, adaptation de la posologie de la méthadone pendant le traitement par la cimétidine et après son arrêt.",57
CIMETIDINE,METOPROLOL,cimetidine,metoprolol,moderate,PE,"Avec le métoprolol utilisé dans l'insuffisance cardiaque, et la cimétidine utilisée à des doses supérieures ou égales à 800 mg/j : augmentation des concentrations du métoprolol, pouvant être préjudiciables dans le cas du traitement de l'insuffisance cardiaque, par diminution de son métabolisme hépatique par la cimétidine.","Surveillance clinique. Si besoin, adaptation de la posologie du métoprolol pendant le traitement par la cimétidine.",57
CIMETIDINE,MOCLOBEMIDE,cimetidine,moclobemide,moderate,PE,"Avec la cimétidine utilisée à des doses supérieures ou égales à 800 mg/j : augmentation des concentrations du moclobémide, par diminution de son métabolisme hépatique.",Surveillance clinique avec adaptation éventuelle de la posologie de moclobémide.,57
CIMETIDINE,NIFEDIPINE,cimetidine,nifedipine,moderate,PE,Avec la cimétidine utilisée à des doses supérieures ou égales à 800 mg/j : augmentation de l'effet hypotenseur de la nifédipine par inhibition de son métabolisme hépatique par la cimétidine.,Surveillance clinique accrue : adapter la posologie de la nifédipine pendant le tratiement par la cimétidine et après son arrêt.,57
CIMETIDINE,"PHÉNYTOÏNE (ET, PAR EXTRAPOLATION, FOSPHÉNYTOÏNE)",cimetidine,"phenytoine (et, par extrapolation, fosphenytoine)",high,ASDEC,Avec la cimétidine utilisée à des doses supérieures ou égales à 800 mg/j : augmentation des concentrations plasmatiques de phénytoïne avec possibilité d'apparition des signes habituels de surdosage.,"Si l'association ne peut être évitée, surveillance clinique étroite, dosage des concentrations plasmatiques de phénytoïne et adaptation éventuelle de sa posologie pendant le traitement par la cimétidine et après son arrêt.",57
CIMETIDINE,"THÉOPHYLLINE (ET, PAR EXTRAPOLATION, AMINOPHYLLINE)",cimetidine,"theophylline (et, par extrapolation, aminophylline)",moderate,PE,Avec la cimétidine utilisée à des doses supérieures ou égales à 800 mg/j : augmentation de la théophyllinémie avec risque de surdosage (diminution du métabolisme de la théophylline).,"Surveillance clinique et éventuellement de la théophyllinémie. S'il y a lieu, adaptation de la théophylline pendant le traitement par la cimétidine et après son arrêt.",57
CINACALCET,CODEINE,cinacalcet,codeine,high,ASDEC,Risque d’inefficacité de l’opiacé par inhibition de son métabolisme par l’inhibiteur.,,57
CINACALCET,DEXTROMETHORPHANE,cinacalcet,dextromethorphane,critical,CI,"Augmentation très importante des concentrations plasmatiques de dextrométhorphane avec risque de surdosage, par diminution de son métabolisme hépatique par le cinacalcet.",,58
CINACALCET,ÉTELCALCÉTIDE,cinacalcet,etelcalcetide,high,ASDEC,Risque d’hypocalcémie sévère.,,58
CINACALCET,MEQUITAZINE,cinacalcet,mequitazine,high,ASDEC,"Risque de majoration des effets indésirables de la méquitazine, par inhibition de son métabolisme par l’inhibiteur enzymatique.",,58
CINACALCET,METOPROLOL,cinacalcet,metoprolol,moderate,PE,"Augmentation des concentrations plasmatiques de métroprolol avec risque de surdosage, par diminution de son métabolisme hépatique par le cinacalcet.",Surveillance clinique et réduction de la posologie du métroprolol pendant le traitement par cinacalcet.,58
CINACALCET,PROPAFENONE,cinacalcet,propafenone,moderate,PE,"Augmentation des concentrations plasmatiques de propafénone avec risque de surdosage, par diminution de son métabolisme hépatique par le cinacalcet.",Surveillance clinique et réduction de la posologie de la propafénone pendant le traitement par cinacalcet.,58
CINACALCET,TETRABENAZINE,cinacalcet,tetrabenazine,critical,CI,Augmentation possiblement très importante de l’exposition des métabolites actifs de la tétrabénazine.,,58
CINACALCET,TRAMADOL,cinacalcet,tramadol,high,ASDEC,Risque d’inefficacité de l’opiacé par inhibition de son métabolisme par l’inhibiteur.,,58
CIPROFLOXACINE,AGOMELATINE,ciprofloxacine,agomelatine,high,ASDEC,"Augmentation des concentrations d'agomélatine, avec risque de majoration des effets indésirables.",,58
CIPROFLOXACINE,CAFEINE,ciprofloxacine,cafeine,low,APEC,"Augmentation des concentrations plasmatiques de caféine, par diminution de son métabolisme hépatique.",,58
CIPROFLOXACINE,CALCIUM,ciprofloxacine,calcium,moderate,PE,Diminution de l'absorption digestive de la ciprofloxacine.,"Prendre les sels de calcium à distance de la ciprofloxacine (plus de 2 heures, si possible).",58
CIPROFLOXACINE,CLOZAPINE,ciprofloxacine,clozapine,moderate,PE,"Augmentation des concentrations de clozapine avec risque de surdosage, par diminution de son métabolisme hépatique par la ciprofloxacine.",Surveillance clinique et réduction éventuelle de la posologie de la clozapine pendant le traitement par la ciprofloxacine et après son arrêt.,58
CIPROFLOXACINE,METHOTREXATE,ciprofloxacine,methotrexate,high,ASDEC,Augmentation de la toxicité du méthotrexate par inhibition de sa sécrétion tubulaire rénale par la ciprofloxacine.,,58
CIPROFLOXACINE,"PHÉNYTOÏNE (ET, PAR EXTRAPOLATION, FOSPHÉNYTOÏNE)",ciprofloxacine,"phenytoine (et, par extrapolation, fosphenytoine)",moderate,PE,"Variation, éventuellement importante, des concentrations de phénytoïne en cas de traitement par la ciprofloxacine.",Surveillance clinique et contrôle des concentrations plasmatiques de l’anticonvulsivant pendant le traitement par ciprofloxacine et après son arrêt.,58
CIPROFLOXACINE,ROPINIROLE,ciprofloxacine,ropinirole,moderate,PE,"Augmentation des concentrations de ropinirole avec risque de surdosage, par diminution de son métabolisme hépatique par la ciprofloxacine.",Surveillance clinique et réduction éventuelle de la posologie du ropinirole pendant le traitement par la ciprofloxacine et après son arrêt.,58
CIPROFLOXACINE,SUBSTANCES SUSCEPTIBLES DE DONNER DES TORSADES DE POINTES,ciprofloxacine,substances susceptibles de donner des torsades de pointes,moderate,PE,"Risque majoré de troubles du rythme ventriculaire, notamment de torsades de pointes.",Surveillance clinique et électrocardiographique pendant l'association.,59
CIPROFLOXACINE,"THÉOPHYLLINE (ET, PAR EXTRAPOLATION, AMINOPHYLLINE)",ciprofloxacine,"theophylline (et, par extrapolation, aminophylline)",moderate,PE,"Augmentation de la théophyllinémie avec risque de surdosage, par diminution de son métabolisme hépatique par la ciprofloxacine.",Surveillance clinique et éventuellement de la théophyllinémie.,59
CITRATES,ALUMINIUM (SELS),citrates,aluminium (sels),moderate,PE,"Risque de facilitation du passage systémique de l’aluminium, notamment en cas de fonction rénale altérée.","Prendre les topiques gastro-intestinaux à base d'aluminium à distance des citrates (plus de 2 heures si possible), y compris les citrates naturels (jus d'agrumes).",59
CLADRIBINE,LAMIVUDINE,cladribine,lamivudine,high,ASDEC,Risque de diminution de l’efficacité de la cladribine par la lamivudine.,,59
CLARITHROMYCINE,ATAZANAVIR,clarithromycine,atazanavir,moderate,PE,Augmentation des concentrations plasmatiques de clarithromycine et inhibition de la formation de son métabolite actif.,"Surveillance clinique et biologique régulière, notamment en début d'association.",59
CLARITHROMYCINE,ATORVASTATINE,clarithromycine,atorvastatine,moderate,PE,"Risque majoré d'effets indésirables (concentration-dépendants) à type de rhabdomyolyse, par diminution du métabolisme hépatique de l'hypocholesterolémiant.","Utiliser des doses plus faibles d'hypocholestérolémiant. Si l'objectif thérapeutique n'est pas atteint, utiliser une autre statine non concernée par ce type d'interaction.",59
CLARITHROMYCINE,CARBAMAZEPINE,clarithromycine,carbamazepine,moderate,PE,"Augmentation des concentrations plasmatiques de carbamazépine avec signes de surdosage, par inhibition de son métabolisme hépatique.",Surveillance clinique et réduction éventuelle de la posologie de la carbamazépine.,59
CLARITHROMYCINE,ETRAVIRINE,clarithromycine,etravirine,low,APEC,"Dans le traitement des infections à Mycobacterium avium complex, risque de diminution de l’efficacité de la clarithromycine par augmentation de son métabolisme hépatique par l’étravirine.",,59
CLARITHROMYCINE,FIDAXOMICINE,clarithromycine,fidaxomicine,high,ASDEC,Augmentation des concentrations plasmatiques de la fidaxomicine.,,59
CLARITHROMYCINE,IMMUNOSUPPRESSEURS,clarithromycine,immunosuppresseurs,high,ASDEC,Augmentation très importante des concentrations sanguines de l'immunosuppresseur par inhibition de son métabolisme hépatique.,"En cas d’association, contrôle strict de la fonction rénale, dosage des concentrations sanguines de l'immunosuppresseur et adaptation éventuelle de la posologie.",59
CLARITHROMYCINE,INHIBITEURS DE PROTÉASES BOOSTÉS PAR RITONAVIR,clarithromycine,inhibiteurs de proteases boostes par ritonavir,moderate,PE,Augmentation des concentrations de la clarithromycine et de son métabolite actif par diminution de son métabolisme hépatique par l'inhibiteur de protéases.,"Surveillance clinique et biologique régulière, notamment en début d'association.",59
CLARITHROMYCINE,LINEZOLIDE,clarithromycine,linezolide,low,APEC,"Risque de majoration des effets indésirables du linézolide par la clarithromycine, par augmentation de son absorption.",,59
CLARITHROMYCINE,PRAVASTATINE,clarithromycine,pravastatine,moderate,PE,Augmentation de la concentration plasmatique de la pravastatine par la clarithromycine.,Surveillance clinique et biologique pendant le traitement par l'antibiotique.,59
CLARITHROMYCINE,REPAGLINIDE,clarithromycine,repaglinide,moderate,PE,Risque d'hypoglycémie par augmentation des concentrations plasmatiques du répaglinide.,"Prévenir le patient, renforcer l'autosurveillance glycémique et adapter éventuellement la posologie de l'hypoglycémiant pendant le traitement par la clarithromycine.",60
CLARITHROMYCINE,RIFABUTINE,clarithromycine,rifabutine,moderate,PE,"Risque d'augmentation des effets indésirables de la rifabutine (uvéites) par augmentation de ses concentrations et de celle de son métabolite actif par la clarithromycine. De plus, augmentation du métabolisme de la clarithromycine par la rifabutine, avec augmentation des concentrations de son métabolite actif.","Surveillance clinique et biologique régulière, notamment en début d'association.",60
CLARITHROMYCINE,RIFAMPICINE,clarithromycine,rifampicine,moderate,PE,"Diminution des concentrations plasmatiques et risque de baisse de l'efficacité de la clarithromycine, notamment chez le patient HIV, par augmentation de son métabolisme hépatique par la rifampicine.",Surveillance clinique et biologique régulière.,60
CLARITHROMYCINE,SUBSTANCES SUSCEPTIBLES DE DONNER DES TORSADES DE POINTES,clarithromycine,substances susceptibles de donner des torsades de pointes,moderate,PE,"Risque majoré de troubles du rythme ventriculaire, notamment de torsades de pointes.",Surveillance clinique et électrocardiographique pendant l'association.,60
CLARITHROMYCINE,SULFAMIDES HYPOGLYCÉMIANTS,clarithromycine,sulfamides hypoglycemiants,moderate,PE,Risque d'hypoglycémie par augmentation des concentrations plasmatiques de l’antidiabétique.,"Prévenir le patient, renforcer l'autosurveillance glycémique et adapter éventuellement la posologie du sulfamide hypoglycémiant pendant le traitement par la clarithromycine.",60
CLARITHROMYCINE,TALAZOPARIB,clarithromycine,talazoparib,moderate,PE,Augmentation des concentrations de talazoparib avec risque de majoration de la toxicité.,Réduire la dose de talazoparib.,60
CLARITHROMYCINE,"THÉOPHYLLINE (ET, PAR EXTRAPOLATION, AMINOPHYLLINE)",clarithromycine,"theophylline (et, par extrapolation, aminophylline)",low,APEC,"Risque d'augmentation de la théophyllinémie, particulièrement chez l'enfant.",,60
CLARITHROMYCINE,VENLAFAXINE,clarithromycine,venlafaxine,low,APEC,Augmentation des concentrations de venlafaxine avec risque de surdosage.,,60
CLINDAMYCINE,ANTIVITAMINES K,clindamycine,antivitamines k,moderate,PE,Augmentation de l’effet de l’antivitamine K et du risque hémorragique.,Contrôle plus fréquent de l’INR. Adaptation éventuelle de la posologie de l’antivitamine K pendant le traitement par clindamycine et après son arrêt.,60
CLINDAMYCINE,CICLOSPORINE,clindamycine,ciclosporine,moderate,PE,Diminution des concentrations sanguines de l'immunosuppresseur avec risque de perte de l'activité immunosuppressive.,Contrôle renforcé des dosages sanguins de ciclosporine et augmentation éventuelle de sa posologie.,60
CLINDAMYCINE,TACROLIMUS,clindamycine,tacrolimus,moderate,PE,"Diminution des concentrations sanguines de l'immunosuppresseur, avec risque de perte de l'activité immunosuppressive.",Contrôle renforcé des dosages sanguins de tacrolimus et augmentation éventuelle de sa posologie.,60
CLOBAZAM,STIRIPENTOL,clobazam,stiripentol,moderate,PE,"Augmentation des concentrations plasmatiques de ces anticonvulsivants, avec risque de surdosage, par inhibition de leur métabolisme hépatique.","Surveillance clinique, dosage plasmatique, lorsque cela est possible, de l'anticonvulsivant associé au stiripentol et éventuelle adaptation posologique de l'anticonvulsivant associé.",60
CLOMIPRAMINE,BUPROPION,clomipramine,bupropion,moderate,PE,Risque d'augmentation des effets indésirables de la clomipramine par diminution de son métabolisme hépatique par le bupropion.,"Surveillance clinique. Si besoin, adaptation de la posologie de la clomipramine pendant le traitement par le bupropion.",61
CLONAZEPAM,CARBAMAZEPINE,clonazepam,carbamazepine,moderate,PE,"Augmentation des concentrations plasmatiques du métabolite actif de la carbamazépine. De plus, diminution des concentrations plasmatiques du clonazépam par augmentation de son métabolisme hépatique par la carbamazépine.","Surveillance clinique, dosages plasmatiques et adaptation éventuelle des posologies des deux anticonvulsivants.",61
CLOPIDOGREL,ACIDE ACETYLSALICYLIQUE,clopidogrel,acide acetylsalicylique,high,ASDEC;PE,Majoration du risque hémorragique par addition des activités antiagrégantes plaquettaires.,Association déconseillée : - en dehors des indications validées pour cette association dans les syndromes coronariens aigus. Précaution d'emploi : - dans les indications validées pour cette association dans les syndromes coronariens aigus. Surveillance clinique.,61
CLOPIDOGREL,OZANIMOD,clopidogrel,ozanimod,low,APEC,Risque d’augmentation des concentrations des métabolites actifs de l’onazimod.,,61
CLOPIDOGREL,PACLITAXEL,clopidogrel,paclitaxel,low,APEC,"Augmentation des concentrations du paclitaxel par le clopidogrel, avec risque de majoration des effets indésirables.",,61
CLOPIDOGREL,"PHÉNYTOÏNE (ET, PAR EXTRAPOLATION, FOSPHÉNYTOÏNE)",clopidogrel,"phenytoine (et, par extrapolation, fosphenytoine)",moderate,PE,Augmentation des concentrations plasmatiques de phénytoïne avec signes de surdosage (inhibition du métabolisme de la,Surveillance clinique et contrôle des concentrations plasmatiques de phénytoïne.,61
CLOPIDOGREL,REPAGLINIDE,clopidogrel,repaglinide,low,APEC,"Augmentation des concentrations du répaglinide par le clopidogrel, avec risque de majoration des effets indésirables.",,61
CLOPIDOGREL,SELEXIPAG,clopidogrel,selexipag,moderate,PE,Risque d’augmentation des effets indésirables du sélexipag par diminution de son métabolisme.,Surveillance clinique étroite pendant l’association. Réduire de moitié la posologie (une seule prise par jour).,61
CLOZAPINE,BENZODIAZÉPINES ET APPARENTÉS,clozapine,benzodiazepines et apparentes,low,APEC,Risque accru de collapsus avec arrêt respiratoire et / ou cardiaque.,,61
CLOZAPINE,CIPROFLOXACINE,clozapine,ciprofloxacine,moderate,PE,"Augmentation des concentrations de clozapine avec risque de surdosage, par diminution de son métabolisme hépatique par la ciprofloxacine.",Surveillance clinique et réduction éventuelle de la posologie de la clozapine pendant le traitement par la ciprofloxacine et après son arrêt.,61
CLOZAPINE,FLUVOXAMINE,clozapine,fluvoxamine,moderate,PE,Augmentation des concentrations plasmatiques de clozapine avec signes de surdosage.,"Surveillance clinique accrue ; si besoin, adaptation de la posologie de la clozapine pendant le traitement par la fluvoxamine et après son arrêt.",61
CLOZAPINE,INDUCTEURS ENZYMATIQUES PUISSANTS,clozapine,inducteurs enzymatiques puissants,high,ASDEC;PE,"Diminution des concentrations plasmatiques de clozapine avec risque de perte d’efficacité. De plus, avec la carbamazépine, risque de majoration des effets hématologiques graves.","Association déconseillée: - avec la carbamazépine, l'apalutamide, l'enzalutamide Précaution d'emploi: - Avec la phénytoïne, la fosphénytoïne, la primidone, le phénobarbital. Surveillance clinique et adaptation posologique de la clozapine pendant l’association et après l’arrêt de l’inducteur - Avec l'apalutamide, l'enzalutamide : risque vraisemblablement modéré",62
CLOZAPINE,MILLEPERTUIS,clozapine,millepertuis,critical,CI,Risque d’inefficacité du traitement antipsychotique (diminution des concentrations plasmatiques de clozapine par augmentation de son métabolisme hépatique).,,62
CLOZAPINE,RIFAMPICINE,clozapine,rifampicine,moderate,PE,Risque d'inefficacité du traitement antipsychotique (diminution des concentrations plasmatiques de clozapine par augmentation de son métabolisme hépatique).,Surveillance clinique et augmentation éventuelle de la posologie de la clozapine durant le traitement par la rifampicine.,62
COBICISTAT,AMIODARONE,cobicistat,amiodarone,critical,CI,Risque de majoration des effets indésirables de l'amiodarone par diminution de son métabolisme par le cobicistat.,,62
COBICISTAT,ETRAVIRINE,cobicistat,etravirine,high,ASDEC,Risque de diminution des concentrations plasmatiques du cobicistat par l’étravirine.,,62
COBICISTAT,GLUCOCORTICOÏDES PAR VOIE INTRA-ARTICULAIRE ET MÉTABOLISÉS,cobicistat,glucocorticoides par voie intra-articulaire et metabolises,moderate,PE,"Décrit chez des patients HIV. Risque d’insuffisance surrénale aiguë, même en cas d’injection unique. L’articulation peut constituer un réservoir relarguant de façon continue le corticoïde CYP3A4-dépendant dans la circulation générale, avec augmentation possiblement très importante des concentrations du corticoïde, à l’origine d’une freination de la réponse hypothalamo- hypophysaire.",Préférer un corticoïde non CYP3A4-dépendant (hydrocortisone).,62
COBICISTAT,INDUCTEURS ENZYMATIQUES PUISSANTS,cobicistat,inducteurs enzymatiques puissants,critical,CI,Risque de diminution de l’efficacité du cobicistat par augmentation de son métabolisme par l’inducteur.,,62
COBICISTAT,INHIBITEURS PUISSANTS DU CYP3A4,cobicistat,inhibiteurs puissants du cyp3a4,low,APEC,Risque d’augmentation des concentrations plasmatiques du cobicistat ou de l’inhibiteur du CYP3A4.,"Pour connaître les risques et les niveaux de contrainte de chaque interaction, il convient de se reporter aux AMM specifiques à chaque spécialité.",62
COBICISTAT,MILLEPERTUIS,cobicistat,millepertuis,critical,CI,Risque de diminution de l’efficacité du cobicistat par augmentation de son métabolisme par l’inducteur.,,62
COBICISTAT,QUINIDINE,cobicistat,quinidine,critical,CI,Risque de majoration des effets indésirables de la quinidine par diminution de son métabolisme par le cobicistat.,Surveillance clinique.,62
COBICISTAT,RIFABUTINE,cobicistat,rifabutine,moderate,PE,"Augmentation très importante du métabolite de la rifabutine, avec risque de majoration de sa toxicité (uvéites, neutropénies). Par ailleurs, possible diminution des concentrations de cobicistat.","Réduction de la dose de rifabutine (150 mg 1 jour sur deux). Surveillance clinique et biologique régulière, notamment en début d'association.",62
COBICISTAT,RIFAMPICINE,cobicistat,rifampicine,critical,CI,Risque de diminution de l’efficacité du cobicistat par augmentation de son métabolisme par l’inducteur.,,62
COBICISTAT,TÉNOFOVIR ALAFÉNAMIDE,cobicistat,tenofovir alafenamide,moderate,PE,"Avec l'atazanavir, le darunavir ou le lopinavir boostés par cobicistat, augmentation des concentrations plasmatiques du ténofovir alafénamide par augmentation de son absorption.","En cas de co-administration, la dose de ténofovir alafénamide doit être limitée à 10 mg par jour. L’association avec les autres inhibiteurs de protéases du VIH n’a pas été étudiée.",63
COBIMÉTINIB,ANTIAGRÉGANTS PLAQUETTAIRES,cobimetinib,antiagregants plaquettaires,moderate,PE,Augmentation du risque hémorragique.,Surveillance clinique.,63
COBIMÉTINIB,ANTICOAGULANTS ORAUX,cobimetinib,anticoagulants oraux,moderate,PE,Augmentation du risque hémorragique.,"Surveillance clinique et le cas échéant, contrôle plus fréquent de l'INR.",63
COBIMÉTINIB,ANTI-INFLAMMATOIRES NON STÉROÏDIENS,cobimetinib,anti-inflammatoires non steroidiens,moderate,PE,Augmentation du risque hémorragique.,Surveillance clinique.,63
COBIMÉTINIB,DÉFIBROTIDE,cobimetinib,defibrotide,moderate,PE,Augmentation du risque hémorragique.,Surveillance clinique.,63
COBIMÉTINIB,GLUCOCORTICOÏDES (SAUF HYDROCORTISONE),cobimetinib,glucocorticoides (sauf hydrocortisone),moderate,PE,Augmentation du risque hémorragique.,Surveillance clinique.,63
COBIMÉTINIB,HÉPARINES,cobimetinib,heparines,moderate,PE,Augmentation du risque hémorragique.,Surveillance clinique.,63
COBIMÉTINIB,INHIBITEURS DE L'HMG-COA RÉDUCTASE (STATINES),cobimetinib,inhibiteurs de l'hmg-coa reductase (statines),low,APEC,Risque majoré de rhabdomyolyse.,,63
COBIMÉTINIB,INHIBITEURS SÉLECTIFS DE LA RECAPTURE DE LA SÉROTONINE,cobimetinib,inhibiteurs selectifs de la recapture de la serotonine,moderate,PE,Augmentation du risque hémorragique.,Surveillance clinique.,63
COBIMÉTINIB,MÉDICAMENTS MIXTES ADRÉNERGIQUES-SÉROTONINERGIQUES,cobimetinib,medicaments mixtes adrenergiques-serotoninergiques,moderate,PE,Augmentation du risque hémorragique.,Surveillance clinique.,63
COBIMÉTINIB,PENTOXIFYLLINE,cobimetinib,pentoxifylline,moderate,PE,Augmentation du risque hémorragique.,Surveillance clinique.,63
COCAINE,DISULFIRAME,cocaine,disulfirame,low,APEC,"Augmentation des concentrations de cocaïne par diminution de son métabolisme par le disulfirame, avec risque majoré de survenue de torsades de pointes.",,63
CODEINE,BUPROPION,codeine,bupropion,high,ASDEC,Risque d’inefficacité de l’opiacé par inhibition de son métabolisme par l’inhibiteur.,,63
CODEINE,CINACALCET,codeine,cinacalcet,high,ASDEC,Risque d’inefficacité de l’opiacé par inhibition de son métabolisme par l’inhibiteur.,,64
CODEINE,DULOXETINE,codeine,duloxetine,high,ASDEC,Risque d’inefficacité de l’opiacé par inhibition de son métabolisme par l’inhibiteur.,,64
CODEINE,FLUOXETINE,codeine,fluoxetine,high,ASDEC,Diminution de l’efficacité de l’opiacé par inhibition de son métabolisme par l’inhibiteur.,,64
CODEINE,PAROXETINE,codeine,paroxetine,high,ASDEC,Diminution de l’efficacité de l’opiacé par inhibition de son métabolisme par l’inhibiteur.,,64
CODEINE,QUINIDINE,codeine,quinidine,high,ASDEC,Diminution de l’efficacité de l’opiacé par inhibition de son métabolisme par l’inhibiteur.,,64
CODEINE,TERBINAFINE,codeine,terbinafine,high,ASDEC,Risque d’inefficacité de l’opiacé par inhibition de son métabolisme par l’inhibiteur.,,64
COLCHICINE,ANTIVITAMINES K,colchicine,antivitamines k,moderate,PE,Augmentation de l'effet de l'antivitamine K et du risque hémorragique.,Contrôle plus fréquent de l'INR. Adaptation éventuelle de la posologie de l'antivitamine K pendant le traitement par la colchicine et 8 jours après son arrêt.,64
COLCHICINE,CICLOSPORINE,colchicine,ciclosporine,high,ASDEC,"Risque d’addition des effets indésirables neuromusculaires et augmentation de la toxicité de la colchicine avec risque de surdosage par inhibition de son élimination par la ciclosporine, notamment en cas d’insuffisance rénale préexistante.",,64
COLCHICINE,FIBRATES,colchicine,fibrates,moderate,PE,"Risque de majoration des effets indésirables musculaires de ces substances, et notamment de rhabdomyolyse.","Surveillance clinique et biologique, particulièrement au début de l’association.",64
COLCHICINE,FLUCONAZOLE,colchicine,fluconazole,high,ASDEC,"Augmentation des effets indésirables de la colchicine, aux conséquences potentiellement fatales.",,64
COLCHICINE,INHIBITEURS DE L'HMG-COA RÉDUCTASE (STATINES),colchicine,inhibiteurs de l'hmg-coa reductase (statines),moderate,PE,"Risque de majoration des effets indésirables musculaires de ces substances, et notamment de rhabdomyolyse.","Surveillance clinique et biologique, notamment au début de l'association.",64
COLCHICINE,INHIBITEURS PUISSANTS DU CYP3A4,colchicine,inhibiteurs puissants du cyp3a4,critical,CI;ASDEC,"Augmentation des effets indésirables de la colchicine, aux conséquences potentiellement fatales.","Contre-indication : - avec les macrolides Association déconseillée : - avec les antifongiques azolés, les inhibiteurs de protéases boostés par ritonavir et le cobicistat",64
COLCHICINE,MACROLIDES (SAUF SPIRAMYCINE),colchicine,macrolides (sauf spiramycine),critical,CI,"Augmentation des effets indésirables de la colchicine, aux conséquences potentiellement fatales.",,64
COLCHICINE,OMBITASVIR + PARITAPRÉVIR,colchicine,ombitasvir + paritaprevir,critical,CI;ASDEC,Augmentation des concentrations plasmatiques de la colchicine par diminution de son métabolisme hépatique par la bithérapie.,"Contre-indication: - chez les patients insuffisants rénaux et/ou hépatiques. Association déconseillée - chez les patients ayant une fonction rénale et hépatique normale. Si l’association s'avère nécessaire, une réduction de la dose de colchicine ou une interruption du traitement par la colchicine est recommandée.",65
COLCHICINE,PONATINIB,colchicine,ponatinib,moderate,PE,Risque d’augmentation des concentrations plasmatiques de la colchicine par augmentation de son absorption intestinale par le ponatinib.,Surveillance clinique et biologique étroite pendant l’association.,65
COLCHICINE,PRISTINAMYCINE,colchicine,pristinamycine,critical,CI,Augmentation des effets indésirables de la colchicine aux conséquences potentiellement fatales.,,65
COLCHICINE,ROLAPITANT,colchicine,rolapitant,moderate,PE,"Risque d’augmentation des effets indésirables de la colchicine, aux conséquences potentiellement fatales.",Surveillance clinique et biologique étroite pendant l’association.,65
COLCHICINE,VERAPAMIL,colchicine,verapamil,high,ASDEC,"Risque de majoration des effets indésirables de la colchicine, par augmentation de ses concentrations plasmatiques par le vérapamil.",,65
COLISTINE,CURARES,colistine,curares,moderate,PE,"Potentialisation des curares lorque l'antibiotique est administré par voie parentérale et/ou péritonéale avant, pendant ou après l'agent curarisant.",Surveiller le degré de curarisation en fin d'anesthésie.,65
CORTICOÏDES,MIFAMURTIDE,corticoides,mifamurtide,high,ASDEC,Risque de moindre efficacité du mifamurtide.,,65
CORTICOÏDES (VOIE INTRA-ARTICULAIRE),RITONAVIR,corticoides (voie intra-articulaire),ritonavir,low,APEC,"Décrit chez des patients HIV. Risque d’insuffisance surrénale aiguë, même en cas d’injection unique. L’articulation peut constituer un réservoir relarguant de façon continue le corticoïde CYP3A4-dépendant dans la circulation générale, avec augmentation possiblement très importante des concentrations du corticoïde à l’origine d’une freination de la réponse hypothalamo-hypophysaire.",Préférer un corticoïde non CYP3A4-dépendant (hydrocortisone),65
"CORTICOÏDES MÉTABOLISÉS, NOTAMMENT INHALÉS",INHIBITEURS PUISSANTS DU CYP3A4,"corticoides metabolises, notamment inhales",inhibiteurs puissants du cyp3a4,high,ASDEC,"En cas d’utilisation prolongée par voie orale ou inhalée : augmentation des concentrations plasmatiques du corticoïde par diminution de son métabolisme hépatique par l’inhibiteur, avec risque d’apparition d’un syndrome cushingoïde voire d’une insuffisance surrénalienne.",Préférer un corticoïde non métabolisé.,65
CRIZOTINIB,IBRUTINIB,crizotinib,ibrutinib,high,ASDEC,Risque d’augmentation des concentrations plasmatiques d’ibrutinib par diminution de son métabolisme hépatique par le crizotinib.,"Si l’association ne peut être évitée, surveillance clinique étroite et réduction de la dose d’ibrutinib à 280 mg par jour pendant la durée de l’association.",65
CRIZOTINIB,SUBSTANCES SUSCEPTIBLES DE DONNER DES TORSADES DE POINTES,crizotinib,substances susceptibles de donner des torsades de pointes,high,ASDEC,"Risque majoré de troubles du rythme ventriculaire, notamment de torsades de pointes.","Contre-indication : - avec le citalopram, la dompéridone, l'escitalopram, l'hydroxyzine et la pipéraquine. Association déconseillée: - avec les autres médicaments susceptibles de donner des torsades de pointes. Si l’association ne peut être évitée, contrôle clinique et électrocardiographique régulier.",66
CRIZOTINIB,SUBSTRATS À RISQUE DU CYP3A4,crizotinib,substrats a risque du cyp3a4,high,ASDEC,Risque de majoration de la toxicité de ces molécules par diminution de leur métabolisme et/ou augmentation de leur biodisponibilité par le crizotinib.,,66
CURARES,AMINOSIDES,curares,aminosides,moderate,PE,"Potentialisation des curares lorque l'antibiotique est administré par voie parentérale et/ou péritonéale avant, pendant ou après l'agent curarisant.",Surveiller le degré de curarisation en fin d'anesthésie.,66
CURARES,COLISTINE,curares,colistine,moderate,PE,"Potentialisation des curares lorque l'antibiotique est administré par voie parentérale et/ou péritonéale avant, pendant ou après l'agent curarisant.",Surveiller le degré de curarisation en fin d'anesthésie.,66
CURARES,LINCOSANIDES,curares,lincosanides,moderate,PE,"Potentialisation des curares lorque l'antibiotique est administré par voie parentérale et/ou péritonéale avant, pendant ou après l'agent curarisant.",Surveiller le degré de curarisation en fin d'anesthésie.,66
CURARES,POLYMYXINE B,curares,polymyxine b,moderate,PE,"Potentialisation des curares lorque l'antibiotique est administré par voie parentérale et/ou péritonéale avant, pendant ou après l'agent curarisant.",Surveiller le degré de curarisation en fin d'anesthésie.,66
CURARES NON DÉPOLARISANTS,GLUCOCORTICOÏDES (SAUF HYDROCORTISONE),curares non depolarisants,glucocorticoides (sauf hydrocortisone),low,APEC,"Avec les glucocorticoïdes par voie IV : risque de myopathie sévère, réversible après un délai éventuellement long (plusieurs mois).",,66
CYANOCOBALAMINE,ANTISÉCRÉTOIRES ANTIHISTAMINIQUES H2,cyanocobalamine,antisecretoires antihistaminiques h2,low,APEC,"Risque de carence en cyanocobalamine après traitement prolongé (quelques années), la réduction de l’acidité gastrique par ces médicaments pouvant diminuer l’absorption digestive de la vitamine B12.",,66
CYANOCOBALAMINE,ANTISÉCRÉTOIRES INHIBITEURS DE LA POMPE À PROTONS,cyanocobalamine,antisecretoires inhibiteurs de la pompe a protons,low,APEC,"Risque de carence en cyanocobalamine après traitement prolongé (quelques années), la réduction de l’acidité gastrique par ces médicaments pouvant diminuer l’absorption digestive de la vitamine B12.",,66
CYCLINES,ANTIVITAMINES K,cyclines,antivitamines k,moderate,PE,"Augmentation de l'effet de l'antivitamine K et du risque hémorragique (pour la tigécycline, effet direct sur la coagulation et/ou les systèmes fibrinolytiques).",Contrôle plus fréquent de l'INR. Adaptation éventuelle de la posologie de l'antivitamine K pendant le traitement par la cycline et après son arrêt.,67
CYCLINES,CALCIUM,cyclines,calcium,moderate,PE,Diminution de l'absorption digestive des cyclines.,"Prendre les sels de calcium à distance des cyclines (plus de deux heures, si possible).",67
CYCLINES,FER,cyclines,fer,moderate,PE,Diminution de l'absorption digestive des cyclines et du fer,"Prendre les sels de fer à distance des cyclines (plus de 2 heures, si possible).",67
CYCLINES,RÉTINOÏDES,cyclines,retinoides,critical,CI,Risque d'hypertension intracrânienne.,,67
CYCLINES,STRONTIUM,cyclines,strontium,moderate,PE,Diminution de l'absorption digestive du strontium.,"Prendre le strontium à distance des cyclines (plus de deux heures, si possible).",67
CYCLINES,VITAMINE A,cyclines,vitamine a,critical,CI,"En cas d'apport de 10,000 UI/j et plus : risque d’hypertension intracrânienne.",,67
CYCLINES,ZINC,cyclines,zinc,moderate,PE,Diminution de l'absorption digestive des cyclines.,Prendre les sels de zinc à distance des cyclines (plus de 2 heures si possible).,67
CYCLOPHOSPHAMIDE,INDUCTEURS ENZYMATIQUES,cyclophosphamide,inducteurs enzymatiques,high,ASDEC,"Risque d’augmentation des concentrations plasmatiques du métabolite actif du cyclophosphamide par l'inducteur, et donc de sa toxicité.",,67
CYCLOPHOSPHAMIDE,MILLEPERTUIS,cyclophosphamide,millepertuis,critical,CI,"Risque d’augmentation des concentrations plasmatiques du métabolite actif du cyclophosphamide par le millepertuis, et donc de sa toxicité.",,67
CYCLOPHOSPHAMIDE,PENTOSTATINE,cyclophosphamide,pentostatine,high,ASDEC,Majoration du risque de toxicité pulmonaire pouvant être fatale.,,67
CYPROHEPTADINE,INHIBITEURS SÉLECTIFS DE LA RECAPTURE DE LA SÉROTONINE,cyproheptadine,inhibiteurs selectifs de la recapture de la serotonine,low,APEC,Risque de diminution de l'efficacité de l'antidépresseur.,,67
CYPROTERONE,APREPITANT,cyproterone,aprepitant,moderate,PE,Risque de diminution des concentrations de la cyprotérone avec risque de moindre efficacité contraceptive.,"Dans son utilisation comme contraceptif hormonal : Utiliser une méthode de contraception fiable, additionnelle ou alternative, pendant la durée de l'association.",67
CYPROTERONE,BOSENTAN,cyproterone,bosentan,moderate,PE,Risque de diminution de l'efficacité de la cyprotérone.,"Dans ses indications comme anti-androgène, surveillance clinique et si possible adaptation de la posologie de la cyprotérone pendant l'administration avec le bosentan et après son arrêt. Dans son utilisation comme contraceptif hormonal, utiliser une méthode de contraception fiable, additionnelle ou alternative pendant la durée de l'association.",68
CYPROTERONE,INDUCTEURS ENZYMATIQUES,cyproterone,inducteurs enzymatiques,high,ASDEC;PE,Risque de diminution de l'efficacité de la cyprotérone.,"Association déconseillée: - dans son utilisation comme contraceptif hormonal: utiliser de préférence une autre méthode de contraception en particulier de type mécanique, pendant la durée de l'association et un cycle suivant. Précaution d'emploi - dans ses indications comme anti-androgène: surveillance clinique et adaptation éventuelle de la posologie de la cyprotérone pendant l'association et après son arrêt.",68
CYPROTERONE,INHIBITEURS DE PROTÉASES BOOSTÉS PAR RITONAVIR,cyproterone,inhibiteurs de proteases boostes par ritonavir,high,ASDEC;PE,Risque de diminution de l'efficacité de la cyprotérone.,"Association déconseillée - dans son utilisation comme contraceptif hormonal: utiliser de préférence une autre méthode de contraception en particulier de type mécanique, pendant la durée de l'association et un cycle suivant. Précaution d'emploi - dans ses indications comme anti-androgène: surveillance clinique et adaptation éventuelle de la posologie de la cyprotérone pendant l'association et après son arrêt.",68
CYPROTERONE,MILLEPERTUIS,cyproterone,millepertuis,critical,CI,"Risque de diminution de l'efficacité de la cyprotérone, par augmentation de son métabolisme hépatique par le millepertuis.",,68
CYPROTERONE,PÉRAMPANEL,cyproterone,perampanel,high,ASDEC,"Pour des doses de pérampanel > ou = à 12 mg/jour, risque de diminution de l'efficacité de la cyprotérone.","Dans son utilisation comme contraceptif hormonal: utiliser de préférence une autre méthode de contraception en particulier de type mécanique, pendant la durée de l'association et un cycle suivant.",68
CYPROTERONE,ULIPRISTAL,cyproterone,ulipristal,high,ASDEC;APEC,"Dans l'indication contraception d'urgence de l'ulipristal : Antagonisme des effets de l’ulipristal en cas de reprise d’un contraceptif hormonal moins de 5 jours après la prise de la contraception d’urgence. Dans l’indication fibrome de l'ulipristal : Antagonisme réciproque des effets de l’ulipristal et du progestatif, avec risque d’inefficacité.","Association déconseillée Dans l'utilisation à visée contraceptive de la cyprotérone - Dans l'indication contraception d'urgence de l'ulipristal Dans le cas où la (re)prise d’une contraception hormonale est envisagée, utiliser une contraception additionnelle de type mécanique pendant les 12 jours qui suivent la (dernière) prise de l’ulipristal (au cas où il y en aurait eu plus d’une). - Dans l’indication fibrome de l'ulipristal : Dans le cas où la (re)prise d’une contraception hormonale est envisagée, utiliser une contraception de type mécanique pendant les 7 premiers jours de la contraception hormonale. Association à prendre en compte Lorsque la cyprotérone n'est pas à visée contraceptive.",68
CYTOTOXIQUES,ANTIVITAMINES K,cytotoxiques,antivitamines k,moderate,PE,"Augmentation du risque thrombotique et hémorragique au cours des affections tumorales. De surcroit, possible interaction entre les AVK et la chimiothérapie.",Contrôle plus fréquent de l'INR.,68
CYTOTOXIQUES,FLUCYTOSINE,cytotoxiques,flucytosine,low,APEC,Risque de majoration de la toxicité hématologique,,68
CYTOTOXIQUES,IMMUNOSUPPRESSEURS,cytotoxiques,immunosuppresseurs,low,APEC,Immunodépression excessive avec risque de syndrome lympho- prolifératif.,,69
CYTOTOXIQUES,OLAPARIB,cytotoxiques,olaparib,high,ASDEC,Risque de majoration de l’effet myélosuppresseur du cytotoxique,,69
CYTOTOXIQUES,"PHÉNYTOÏNE (ET, PAR EXTRAPOLATION, FOSPHÉNYTOÏNE)",cytotoxiques,"phenytoine (et, par extrapolation, fosphenytoine)",high,ASDEC,"Risque de survenue de convulsions par diminution de l'absorption digestive de la seule phénytoïne par le cytotoxique, ou bien risque de majoration de la toxicité ou de perte d'efficacité du cytotoxique par augmentation de son métabolisme hépatique par la phénytoïne ou la fosphénytoïne.",,69
CYTOTOXIQUES,VACCINS VIVANTS ATTÉNUÉS,cytotoxiques,vaccins vivants attenues,critical,CI,Risque de maladie vaccinale généralisée éventuellement mortelle.,"- Et pendant les 6 mois suivant l'arrêt de la chimiothérapie. - Et, à l'exception de l'hydroxycarbamide dans son indication chez le patient drépanocytaire.",69
DABIGATRAN,AMIODARONE,dabigatran,amiodarone,moderate,PE,"Augmentation des concentrations plasmatiques de dabigatran, avec majoration du risque de saignement.","Dans l'indication post-chirurgicale : surveillance clinique et adaptation de la posologie du dabigatran si nécessaire, sans excéder 150 mg/j.",69
DABIGATRAN,CICLOSPORINE,dabigatran,ciclosporine,critical,CI,"Augmentation de plus du double des concentrations plasmatiques de dabigatran, avec majoration du risque de saignement.",,69
DABIGATRAN,DRONEDARONE,dabigatran,dronedarone,critical,CI,"Doublement des concentrations plasmatiques de dabigatran, avec majoration du risque de saignement.",,69
DABIGATRAN,GLÉCAPRÉVIR + PIBRENTASVIR,dabigatran,glecaprevir + pibrentasvir,critical,CI,"Doublement des concentrations plasmatiques de dabigatran, avec majoration du risque de saignements.",,69
DABIGATRAN,INDUCTEURS ENZYMATIQUES PUISSANTS,dabigatran,inducteurs enzymatiques puissants,high,ASDEC,"Diminution des concentrations plasmatiques de dabigatran, avec risque de diminution de l'effet thérapeutique.",,69
DABIGATRAN,ITRACONAZOLE,dabigatran,itraconazole,critical,CI,"Augmentation de plus du double des concentrations plasmatiques de dabigatran, avec majoration du risque de saignement.",,69
DABIGATRAN,KETOCONAZOLE,dabigatran,ketoconazole,critical,CI,"Augmentation de plus du double des concentrations plasmatiques de dabigatran, avec majoration du risque de saignement.",,69
DABIGATRAN,PONATINIB,dabigatran,ponatinib,moderate,PE,Risque d’augmentation des concentrations plasmatiques du dabigatran par augmentation de son absorption intestinale par le ponatinib.,Surveillance clinique et biologique étroite pendant l’association.,69
DABIGATRAN,QUINIDINE,dabigatran,quinidine,moderate,PE,"Augmentation des concentrations plasmatiques de dabigatran, avec majoration du risque de saignement.",Dans l'indication post-chirurgicale : surveillance clinique et adaptation de la posologie du dabigatran à 150 mg/j en une prise.,69
DABIGATRAN,RIFAMPICINE,dabigatran,rifampicine,high,ASDEC,"Diminution des concentrations plasmatiques de dabigatran, avec risque de diminution de l'effet thérapeutique.",,69
DABIGATRAN,ROLAPITANT,dabigatran,rolapitant,moderate,PE,Risque d’augmentation des concentrations plasmatiques du dabigatran par augmentation de son absorption intestinale par le rolapitant.,Surveillance clinique et biologique étroite pendant l’association.,70
DABIGATRAN,TACROLIMUS,dabigatran,tacrolimus,high,ASDEC,Risque d'augmentation des concentrations plasmatiques de dabigatran.,,70
DABIGATRAN,TICAGRELOR,dabigatran,ticagrelor,low,APEC,"Augmentation des concentrations plasmatiques de dabigatran, avec majoration du risque de saignement.",,70
DABIGATRAN,VERAPAMIL,dabigatran,verapamil,moderate,PE,"Augmentation des concentrations plasmatiques de dabigatran, avec majoration du risque de saignement.","Dans l'indication post-chirurgicale : surveillance clinique et adaptation de la posologie du dabigatran à 150 mg/j en une prise, voire 75 mg/j en cas d'insuffisance rénale modérée. Dans l'indication fibrillation auriculaire : surveillance clinique et adaptation de la posologie du dabigatran à 220 mg/j en deux prises.",70
DACARBAZINE,FOTEMUSTINE,dacarbazine,fotemustine,moderate,PE,Avec la dacarbazine à doses élevées : risque de toxicité pulmonaire (syndrome de détresse respiratoire aiguë de l'adulte).,Ne pas utiliser simultanément mais respecter un délai d'une semaine entre la dernière administration de fotémustine et le premier jour de la cure de dacarbazine.,70
DALFOPRISTINE,DIHYDROERGOTAMINE,dalfopristine,dihydroergotamine,critical,CI,Ergotisme avec possibilité de nécrose des extrémités (inhibition du métabolisme hépatique de l'alcaloïde de l'ergot de seigle).,,70
DALFOPRISTINE,ERGOTAMINE,dalfopristine,ergotamine,critical,CI,Ergotisme avec possibilité de nécrose des extrémités (inhibition du métabolisme hépatique de l'alcaloïde de l'ergot de seigle).,,70
DALFOPRISTINE,IMMUNOSUPPRESSEURS,dalfopristine,immunosuppresseurs,moderate,PE,Augmentation des concentrations sanguines de l'immunosuppresseur par inhibition de son métabolisme hépatique.,"Dosage des concentrations sanguines de l'immunosuppresseur, contrôle de la fonction rénale et adaptation de la posologie pendant l'association et après son arrêt.",70
DALFOPRISTINE,PIMOZIDE,dalfopristine,pimozide,high,ASDEC,"Risque majoré de troubles du rythme ventriculaire, notamment de torsades de pointes.",,70
DANAZOL,ANTIVITAMINES K,danazol,antivitamines k,moderate,PE,Augmentation du risque hémorragique par effet direct sur la coagulation et/ou les systèmes fibrinolytiques.,Contrôle plus fréquent de l’INR. Adaptation de la posologie de l’antivitamine K pendant le traitement par le danazol et après son arrêt.,70
DANAZOL,CARBAMAZEPINE,danazol,carbamazepine,moderate,PE,"Augmentation des concentrations plasmatiques de carbamazépine, avec signes de surdosage.",Surveillance clinique et réduction éventuelle de la posologie de la carbamazépine.,70
DANAZOL,CICLOSPORINE,danazol,ciclosporine,moderate,PE,Augmentation des concentrations sanguines de ciclosporine par inhibition de son métabolisme hépatique.,"Dosage des concentrations sanguines de ciclosporine, contrôle de la fonction rénale et adaptation de la posologie pendant l’association et après son arrêt.",70
DANAZOL,INSULINE,danazol,insuline,high,ASDEC,Effet diabétogène du danazol.,"Si l'association ne peut être évitée, prévenir le patient et renforcer l'autosurveillance glycémique. Adapter éventuellement la posologie de l'insuline pendant le traitement par le danazol et après son arrêt.",70
DANAZOL,SIMVASTATINE,danazol,simvastatine,critical,CI,Risque majoré d'effets indésirables (concentration-dépendants) à type de rhabdomyolyse par diminution du métabolisme de la simvastatine.,,71
DANAZOL,SULFAMIDES HYPOGLYCÉMIANTS,danazol,sulfamides hypoglycemiants,high,ASDEC,Effet diabétogène du danazol.,"Si l'association ne peut être évitée, prévenir le patient et renforcer l'autosurveillance glycémique. Adapter éventuellement la posologie de l'antidiabétique pendant le traitement par le danazol et après son arrêt.",71
DANAZOL,TACROLIMUS,danazol,tacrolimus,moderate,PE,Augmentation des concentrations sanguines du tacrolimus par inhibition de son métabolisme hépatique.,"Dosage des concentrations sanguines du tacrolimus et adaptation de sa posologie pendant l'association et après son arrêt, avec contrôle de la fonction rénale.",71
DANTROLENE,DIHYDROPYRIDINES,dantrolene,dihydropyridines,high,ASDEC,"Avec le dantrolène administré par perfusion : chez l'animal des cas de fibrillations ventriculaires mortelles sont constamment observés lors de l'administration de vérapamil et de dantrolène IV. L'association d'un antagoniste du calcium et de dantrolène est donc potentiellement dangereuse. Cependant, quelques patients ont reçu l'association nifédipine et dantrolène sans inconvénient.",,71
DANTROLENE,DILTIAZEM,dantrolene,diltiazem,critical,CI,"Avec le dantrolène administré par perfusion : chez l'animal, des cas de fibrillations ventriculaires mortelles sont constamment observés lors de l'administration de vérapamil et de dantrolène par voie IV. L'association d'un antagoniste du calcium et de dantrolène est donc potentiellement dangereuse. Cependant, quelques patients ont reçu l'association nifédipine et dantrolène sans inconvénient.",,71
DANTROLENE,VERAPAMIL,dantrolene,verapamil,critical,CI,"Avec le dantrolène administré par perfusion : chez l'animal, des cas de fibrillations ventriculaires mortelles sont constamment observés lors de l'administration de vérapamil et de dantrolène par voie IV. L'association d'un antagoniste du calcium et de dantrolène est donc potentiellement dangereuse. Cependant, quelques patients ont reçu l'association nifédipine et dantrolène sans inconvénient.",,71
DAPOXÉTINE,INHIBITEURS PUISSANTS DU CYP3A4,dapoxetine,inhibiteurs puissants du cyp3a4,critical,CI,"Risque de majoration des effets indésirables, notamment à type de vertiges ou de syncopes.",,71
DAPOXÉTINE,MÉDICAMENTS À L'ORIGINE D'UNE HYPOTENSION ORTHOSTATIQUE,dapoxetine,medicaments a l'origine d'une hypotension orthostatique,high,ASDEC;APEC,"Risque de majoration des effets indésirables, notamment à type de vertiges ou de syncopes.",Association déconseillée - avec les inhibiteurs de la phosphodiestérase de type 5 A prendre en compte - avec les autres classes thérapeutiques,71
DAPSONE,ZIDOVUDINE,dapsone,zidovudine,moderate,PE,Augmentation de la toxicité hématologique (addition d'effets de toxicité médullaire).,Contrôle plus fréquent de l'hémogramme.,71
DAPTOMYCINE,INHIBITEURS DE L'HMG-COA RÉDUCTASE (STATINES),daptomycine,inhibiteurs de l'hmg-coa reductase (statines),high,ASDEC,Risque d’addition des effets indésirables (dose-dépendant) à type de rhabdomyolyse.,"Si l’association ne peut être évitée, renforcer la surveillance biologique (dosage des CPK plus d’une fois par semaine) et surveillance clinique étroite.",71
DARIFENACINE,METOPROLOL,darifenacine,metoprolol,moderate,PE,"Augmentation des concentrations plasmatiques du métoprolol, avec risque de surdosage, par diminution de son métabolisme hépatique par la darifénacine.",Surveillance clinique et réduction de la posologie du métoprolol pendant le traitement par darifénacine.,72
DARIFENACINE,PROPAFENONE,darifenacine,propafenone,moderate,PE,"Augmentation des concentrations plasmatiques de propafénone, avec risque de surdosage, par diminution de son métabolisme hépatique par la darifénacine.",Surveillance clinique et réduction de la posologie de la propafénone pendant le traitement par darifénacine.,72
DAROLUTAMIDE,INDUCTEURS ENZYMATIQUES PUISSANTS,darolutamide,inducteurs enzymatiques puissants,high,ASDEC,Diminution des concentrations plasmatiques de dalorutamide avec risque de perte d’efficacité.,,72
DAROLUTAMIDE,RIFAMPICINE,darolutamide,rifampicine,high,ASDEC,Diminution des concentrations plasmatiques de dalorutamide avec risque de perte d’efficacité.,,72
DAROLUTAMIDE,ROSUVASTATINE,darolutamide,rosuvastatine,high,ASDEC,"Augmentation considérable (d’un facteur 5) des concentrations de rosuvastatine avec risque de rhabdomyolyse et/ou de néphrotoxicité, par augmentation de sa biodisponibilité.",,72
DARUNAVIR,ETRAVIRINE,darunavir,etravirine,high,ASDEC,Risque de diminution des concentrations plasmatiques du darunavir par l’étravirine.,,72
DASABUVIR,ETHINYLESTRADIOL,dasabuvir,ethinylestradiol,critical,CI,Augmentation de l’hépatotoxicité.,,72
DASABUVIR,GEMFIBROZIL,dasabuvir,gemfibrozil,critical,CI,Risque d’augmentation des concentrations plasmatiques du dasabuvir par le gemfibrozil.,,72
DASABUVIR,INDUCTEURS ENZYMATIQUES,dasabuvir,inducteurs enzymatiques,critical,CI,Risque de diminution des concentrations plasmatiques du dasabuvir par l’inducteur.,,72
DASABUVIR,MILLEPERTUIS,dasabuvir,millepertuis,critical,CI,Risque de diminution des concentrations plasmatiques du dasabuvir par le millepertuis.,,72
DASABUVIR,MITOTANE,dasabuvir,mitotane,critical,CI,Risque de diminution des concentrations plasmatiques du dasabuvir par le mitotane.,,72
DEFERASIROX,ACIDE ACETYLSALICYLIQUE,deferasirox,acide acetylsalicylique,low,APEC,Majoration du risque ulcérogène et hémorragique digestif.,A prendre en compte : - Pour des doses anti-inflammatoires d'acide acétylsalicylique ( 1g par prise et/ou 3g par jour) - Pour des doses antalgiques ou antipyrétiques d'acide acétylsalicylique ( 500 mg par prise et/ou <3g par jour) et ( 500 mg par prise et/ou <3g par jour),72
DEFERASIROX,ANTI-INFLAMMATOIRES NON STÉROÏDIENS,deferasirox,anti-inflammatoires non steroidiens,low,APEC,Majoration du risque ulcérogène et hémorragique digestif.,,73
DEFERASIROX,ANTIVITAMINES K,deferasirox,antivitamines k,low,APEC,Majoration du risque ulcérogène et hémorragique digestif.,,73
DEFERASIROX,BUSULFAN,deferasirox,busulfan,low,APEC,Risque d’augmentation de la toxicité du busulfan par diminution de sa clairance par le déférasirox.,,73
DEFERASIROX,DÉFÉRIPRONE,deferasirox,deferiprone,critical,CI,Risque d'hyperchélation.,,73
DEFERASIROX,DÉFÉROXAMINE,deferasirox,deferoxamine,critical,CI,Risque d'hyperchélation.,,73
DEFERASIROX,INDUCTEURS ENZYMATIQUES PUISSANTS,deferasirox,inducteurs enzymatiques puissants,moderate,PE,Risque de diminution des concentrations plasmatiques de déférasirox.,"Surveiller la ferritinémie pendant et après le traitement par l’inducteur enzymatique. Si besoin, adaptation de la posologie de déférasirox.",73
DEFERASIROX,PACLITAXEL,deferasirox,paclitaxel,moderate,PE,Risque d’augmentation des concentrations plasmatiques du paclitaxel par inhibition de son métabolisme hépatique par le deferasirox.,Surveillance clinique et biologique étroite.,73
DEFERASIROX,REPAGLINIDE,deferasirox,repaglinide,high,ASDEC,"Risque d’augmentation des concentrations plasmatique de répaglinide, par inhibition de son métabolisme hépatique par le deferasirox.","Si l’association ne peut être évitée, surveillance clinique et biologique étroite.",73
DEFERASIROX,RIFAMPICINE,deferasirox,rifampicine,moderate,PE,Risque de diminution des concentrations plasmatiques de déférasirox.,"Surveiller la ferritinémie pendant et après le traitement par l’inducteur enzymatique. Si besoin, adaptation de la posologie de déférasirox.",73
DEFERASIROX,SELEXIPAG,deferasirox,selexipag,moderate,PE,Risque d’augmentation des effets indésirables du sélexipag par diminution de son métabolisme.,Surveillance clinique étroite pendant l’association. Réduire de moitié la posologie (une seule prise par jour).,73
DÉFÉRIPRONE,ACIDE ASCORBIQUE,deferiprone,acide ascorbique,moderate,PE,"Par extrapolation à partir de l’interaction avec la déféroxamine : avec l’acide ascorbique à fortes doses et par voie IV, risque d’anomalies de la fonction cardiaque, voire insuffisance cardiaque aiguë (en général réversible à l’arrêt de la vitamine C).",,73
DÉFÉRIPRONE,DEFERASIROX,deferiprone,deferasirox,critical,CI,Risque d'hyperchélation.,,73
DÉFÉROXAMINE,ACIDE ASCORBIQUE,deferoxamine,acide ascorbique,moderate,PE,"Avec l'acide ascorbique à fortes doses et par voie IV : anomalies de la fonction cardiaque, voire insuffisance cardiaque aiguë (en général réversible à l'arrêt de la vitamine C).","En cas d'hémochromatose, ne donner de la vitamine C qu'après avoir commencé le traitement par la déféroxamine. Surveiller la fonction cardiaque en cas d'association.",73
DÉFÉROXAMINE,DEFERASIROX,deferoxamine,deferasirox,critical,CI,Risque d'hyperchélation.,,73
DÉFIBROTIDE,ANTIAGRÉGANTS PLAQUETTAIRES,defibrotide,antiagregants plaquettaires,high,ASDEC,Risque hémorragique accru.,,74
DÉFIBROTIDE,ANTICOAGULANTS ORAUX,defibrotide,anticoagulants oraux,high,ASDEC,Risque hémorragique accru.,,74
DÉFIBROTIDE,COBIMÉTINIB,defibrotide,cobimetinib,moderate,PE,Augmentation du risque hémorragique.,Surveillance clinique.,74
DÉFIBROTIDE,HÉPARINES,defibrotide,heparines,high,ASDEC,Risque hémorragique accru.,,74
DÉFIBROTIDE,THROMBOLYTIQUES,defibrotide,thrombolytiques,critical,CI,Risque hémorragique accru.,,74
DÉLAMANID,INDUCTEURS ENZYMATIQUES PUISSANTS,delamanid,inducteurs enzymatiques puissants,critical,CI,Diminution des concentrations plasmatiques de delamanid par augmentation de son métabolisme hépatique par l’inducteur.,,74
DÉLAMANID,INHIBITEURS PUISSANTS DU CYP3A4,delamanid,inhibiteurs puissants du cyp3a4,high,ASDEC,"Risque majoré de troubles du rythme ventriculaires, notamment de torsades de pointes.","Si l’association ne peut être évitée, contrôle clinique et électrocardiographique régulier.",74
DÉLAMANID,RIFAMPICINE,delamanid,rifampicine,critical,CI,Diminution des concentrations plasmatiques de delamanid par augmentation de son métabolisme hépatique par l’inducteur.,,74
DÉLAMANID,SUBSTANCES SUSCEPTIBLES DE DONNER DES TORSADES DE POINTES,delamanid,substances susceptibles de donner des torsades de pointes,critical,CI;ASDEC,"Risque majoré de troubles du rythme ventriculaire, notamment de torsades de pointes.","Contre-indication: - avec citalopram, dompéridone, escitalopram, hydroxyzine et pipéraquine Associations déconseillées - avec les autres susbtances susceptibles de donner des torsades de pointes. Si l’association ne peut être évitée, contrôle clinique et électrocardiographique régulier.",74
DÉRIVÉS DE L'ACIDE AMINOSALICYLIQUE (ASA),ANTIPURINES,derives de l'acide aminosalicylique (asa),antipurines,low,APEC,"Risque de majoration de l'effet myélosuppresseur de l'immunomodulateur par inhibition de son métabolisme hépatique par le dérivé de l'ASA, notamment chez les sujets présentant un déficit partiel en thiopurine méthyltransférase (TPMT).",,74
DÉRIVÉS NITRÉS ET APPARENTÉS,INHIBITEURS DE LA PHOSPHODIESTERASE DE TYPE 5,derives nitres et apparentes,inhibiteurs de la phosphodiesterase de type 5,critical,CI,Risque d'hypotension importante (effet synergique) pouvant aggraver l'état d'ischémie myocardique et provoquer notamment un accident coronarien aigu.,,74
DÉRIVÉS NITRÉS ET APPARENTÉS,RIOCIGUAT,derives nitres et apparentes,riociguat,critical,CI,Risque d'hypotension importante (effet synergique).,,74
DESIPRAMINE,BUPROPION,desipramine,bupropion,moderate,PE,Risque d'augmentation des effets indésirables de la désipramine par diminution de son métabolisme hépatique par le bupropion.,"Surveillance clinique. Si besoin, adaptation de la posologie de la désipramine pendant le traitement par le bupropion.",75
DEXAMETHASONE,PRAZIQUANTEL,dexamethasone,praziquantel,moderate,PE,"Diminution des concentrations plasmatiques du praziquantel, avec risque d'échec du traitement, par augmentation du métabolisme hépatique du praziquantel par la dexaméthasone.",Décaler l'administration des deux médicaments d'au moins une semaine.,75
DEXAMETHASONE,RILPIVIRINE,dexamethasone,rilpivirine,critical,CI,"Avec la dexaméthasone par voie systémique (sauf en cas de prise unique), risque de diminution des concentrations plasmatiques de rilpivirine par augmentation de son métabolisme hépatique par la dexamethasone.",,75
DEXTRAN,HÉPARINES (DOSES CURATIVES ET/OU SUJET ÂGÉ),dextran,heparines (doses curatives et/ou sujet age),high,ASDEC,Augmentation du risque hémorragique (inhibition de la fonction plaquettaire par le dextran 40).,,75
DEXTROMETHORPHANE,CINACALCET,dextromethorphane,cinacalcet,critical,CI,"Augmentation très importante des concentrations plasmatiques de dextrométhorphane avec risque de surdosage, par diminution de son métabolisme hépatique par le cinacalcet.",,75
DEXTROMETHORPHANE,IMAO IRRÉVERSIBLES,dextromethorphane,imao irreversibles,critical,CI,"Risque d'apparition d'un syndrome sérotoninergique : diarrhée, tachycardie, sueurs, tremblements, confusion voire coma.",,75
DEXTROMETHORPHANE,"IMAO-A RÉVERSIBLES, Y COMPRIS OXAZOLIDINONES ET BLEU DE MÉTHYLÈNE",dextromethorphane,"imao-a reversibles, y compris oxazolidinones et bleu de methylene",high,ASDEC,"Risque d'apparition d'un syndrome sérotoninergique : diarrhée, tachycardie, sueurs, tremblements, confusion voire coma.",,75
DIAZEPAM,BUSPIRONE,diazepam,buspirone,low,APEC,Risque de majoration des effets indésirables de la buspirone.,,75
DIAZEPAM,CIMETIDINE,diazepam,cimetidine,moderate,PE,Avec la cimétidine utilisée à des doses supérieures ou égales à 800 mg/j : risque accru de somnolence.,Avertir les patients de l'augmentation du risque en cas de conduite automobile ou d'utilisation de machines.,75
DIAZEPAM,"PHÉNYTOÏNE (ET, PAR EXTRAPOLATION, FOSPHÉNYTOÏNE)",diazepam,"phenytoine (et, par extrapolation, fosphenytoine)",moderate,PE,"Variations imprévisibles : les concentrations plasmatiques de phénytoïne peuvent augmenter, avec signes de surdosage, mais aussi diminuer ou rester stables.",Surveillance clinique et contrôle des concentrations plasmatiques de phénytoïne.,75
DIAZEPAM,STIRIPENTOL,diazepam,stiripentol,moderate,PE,"Augmentation des concentrations plasmatiques du diazépam, avec risque de surdosage, par inhibition de son métabolisme hépatique.","Surveillance clinique et dosage plasmatique, lorsque cela est possible, de l'anticonvulsivant associé au stiripentol et éventuelle adaptation posologique de l'anticonvulsivant associé.",75
DIDANOSINE,ALLOPURINOL,didanosine,allopurinol,high,ASDEC,Augmentation des concentrations plasmatiques de didanosine et de ses effets indésirables.,,75
DIDANOSINE,GANCICLOVIR,didanosine,ganciclovir,high,ASDEC,"Risque d'augmentation des effets indésirables de la didanosine, et notamment la toxicité mitochondriale, par augmentation importante de ses concentrations. De plus risque de diminution de l'efficacité du ganciclovir par diminution de ses concentrations, si les deux médicaments sont ingérés à moins de 2 heures d'intervalle.",,76
DIDANOSINE,PENTAMIDINE,didanosine,pentamidine,moderate,PE,Risque majoré de survenue de pancréatite par addition d'effets indésirables.,Surveillance de l'amylasémie. Ne pas associer si l'amylasémie est à la limite supérieure de la normale.,76
DIDANOSINE,RIBAVIRINE,didanosine,ribavirine,high,ASDEC,Risque de majoration de la toxicité mitochondriale de la didanosine par augmentation de son métabolite actif.,,76
DIDANOSINE,TENOFOVIR DISOPROXIL,didanosine,tenofovir disoproxil,high,ASDEC,"Risque d'échec du traitement antirétroviral, voire émergence de résistances. De plus, majoration du risque de la toxicité mitochondriale de la didanosine.",,76
DIDANOSINE,THALIDOMIDE,didanosine,thalidomide,moderate,PE,Risque majoré de survenue de neuropathies périphériques par addition d'effets indésirables.,"Surveillance clinique et biologique régulière, notamment en début d'association.",76
DIGOXINE,AMIODARONE,digoxine,amiodarone,moderate,PE,"Dépression de l'automatisme (bradycardie excessive) et troubles de la conduction auriculo-ventriculaire. De plus, augmentation de la digoxinémie par diminution de la clairance de la digoxine.","Surveillance clinique, ECG et, s'il y a lieu, contrôle de la digoxinémie et adaptation de la posologie de la digoxine.",76
DIGOXINE,BÊTA-BLOQUANTS DANS L'INSUFFISANCE CARDIAQUE,digoxine,beta-bloquants dans l'insuffisance cardiaque,low,APEC,"Troubles de l’automatisme (bradycardie, arrêt sinusal) et troubles de la conduction sino-auriculaire et auriculo-ventriculaire.",,76
DIGOXINE,CALCIUM,digoxine,calcium,critical,CI;PE,"Risque de troubles du rythme graves, voire mortels avec les sels de calcium administrés par voie IV.","Contre-indication : - avec les sels de calcium IV, hormis supplémentation parentérale. Précaution d'emploi : - avec les sels de calcium par voie orale. Surveillance clinique et, s'il y a lieu, contrôle de l'ECG et de la calcémie.",76
DIGOXINE,CARBAMAZEPINE,digoxine,carbamazepine,moderate,PE,Augmentation des concentrations plasmatiques de carbamazépine et diminution de la digoxinémie.,Prudence dans l'interprétation des concentrations plasmatiques.,76
DIGOXINE,DRONEDARONE,digoxine,dronedarone,high,ASDEC,"Dépression de l'automatisme (bradycardie excessive) et troubles de la conduction auriculo-ventriculaire. En outre, augmentation de la digoxinémie par diminution du métabolisme de la digoxine. Surveillance clinique et ECG.",Réduire de moitié les doses de digoxine.,76
DIGOXINE,GLÉCAPRÉVIR + PIBRENTASVIR,digoxine,glecaprevir + pibrentasvir,moderate,PE,Augmentation des concentrations plasmatiques de la digoxine par la bithérapie.,Surveillance clinique et éventuellement de la digoxinémie pendant le traitement par glécaprévir/ pibrentasvir.,76
DIGOXINE,HYDROQUINIDINE,digoxine,hydroquinidine,moderate,PE,"Augmentation de la digoxinémie par diminution de la clairance rénale de la digoxine. De plus, troubles de l'automatisme (bradycardie excessive et troubles de la conduction auriculo- ventriculaire).","Surveillance clinique et ECG. En cas de réponse inattendue, contrôler la digoxinémie et adapter la posologie.",76
DIGOXINE,HYPOKALIÉMIANTS,digoxine,hypokaliemiants,moderate,PE,Hypokaliémie favorisant les effets toxiques des digitaliques.,"Corriger auparavant toute hypokaliémie et réaliser une surveillance clinique, électrolytique et électrocardiographique.",76
DIGOXINE,INHIBITEURS DE PROTÉASES BOOSTÉS PAR RITONAVIR,digoxine,inhibiteurs de proteases boostes par ritonavir,moderate,PE,"Augmentation de la digoxinémie, plus marquée pour la voie intraveineuse, par augmentation de l’absorption de la digoxine ou diminution de sa clairance rénale.","Surveillance clinique et, s’il y a lieu, de l’ECG et de la digoxinémie, avec adaptation éventuelle de la posologie de digoxine.",77
DIGOXINE,ITRACONAZOLE,digoxine,itraconazole,moderate,PE,"Augmentation de la digoxinémie avec nausées, vomissements, troubles du rythme.","Surveillance clinique et, s'il y a lieu, de l'ECG et de la digoxinémie avec adaptation de la posologie de la digoxine pendant le traitement par l'itraconazole et après son arrêt.",77
DIGOXINE,MACROLIDES (SAUF SPIRAMYCINE),digoxine,macrolides (sauf spiramycine),moderate,PE,Augmentation de la digoxinémie par augmentation de son absorption.,Surveillance clinique et éventuellement de la digoxinémie pendant le traitement par le macrolide et après son arrêt.,77
DIGOXINE,MIDODRINE,digoxine,midodrine,high,ASDEC,Troubles de l'automatisme (majoration de l'effet bradycardisant de la midodrine) et troubles de la conduction auriculo-ventriculaire.,"Si cette association ne peut être évitée, renforcer la surveillance clinique et ECG.",77
DIGOXINE,MILLEPERTUIS,digoxine,millepertuis,critical,CI,"Diminution de la digoxinémie, en raison de l'effet inducteur du millepertuis, avec risque de baisse d'efficacité voire d'annulation de l'effet, dont les conséquences peuvent être éventuellement graves (décompensation d'une insuffisance cardiaque).","En cas d'association fortuite, ne pas interrompre brutalement la prise de millepertuis mais contrôler les concentrations plasmatiques (ou l'efficacité) de la digoxine avant puis après l'arrêt du millepertuis.",77
DIGOXINE,OMEPRAZOLE,digoxine,omeprazole,moderate,PE,Augmentation modérée de la digoxinémie par majoration de son absorption par l'oméprazole.,"Surveillance clinique, ECG et de la digoxinémie, particulièrement chez le sujet âgé.",77
DIGOXINE,PONATINIB,digoxine,ponatinib,moderate,PE,Risque d’augmentation des concentrations plasmatiques de la digoxine par augmentation de son absorption intestinale par le ponatinib.,Surveillance clinique et biologique étroite pendant l’association.,77
DIGOXINE,POSACONAZOLE,digoxine,posaconazole,moderate,PE,"Augmentation de la digoxinémie avec nausées, vomissements, troubles du rythme.","Surveillance clinique et, s'il y a lieu, de l'ECG et de la digoxinémie, avec adaptation de la posologie de la digoxine pendant le traitement par le posaconazole et après son arrêt.",77
DIGOXINE,PROPAFENONE,digoxine,propafenone,moderate,PE,"Risque d’augmentation de la digoxinémie, notamment chez le sujet âgé.",Surveillance clinique et éventuellement de la digoxinémie pendant le traitement par propafénone et après son arrêt.,77
DIGOXINE,QUINIDINE,digoxine,quinidine,moderate,PE,"Augmentation de la digoxinémie par diminution de la clairance rénale de la digoxine. De plus, troubles de l'automatisme (bradycardie excessive et troubles de la conduction auriculo- ventriculaire).","Surveillance clinique et ECG. En cas de réponse inattendue, contrôler la digoxinémie et adapter la posologie.",77
DIGOXINE,QUININE,digoxine,quinine,moderate,PE,Augmentation modérée de la digoxinémie.,"Surveillance clinique et ECG, si besoin, avec adaptation éventuelle des doses de digoxine.",77
DIGOXINE,RANOLAZINE,digoxine,ranolazine,moderate,PE,Augmentation de la digoxinémie.,"Surveillance clinique, biologique et éventuellement ECG. Adaptation de la posologie de la digoxine, si besoin.",77
DIGOXINE,RIFAMPICINE,digoxine,rifampicine,moderate,PE,Diminution modeste des concentrations de digoxine.,Surveillance clinique et ECG.,77
DIGOXINE,ROLAPITANT,digoxine,rolapitant,moderate,PE,Augmentation de la digoxinémie par majoration de son absorption.,Surveillance clinique et ECG pendant le traitement par le rolapitant et après son arrêt.,77
DIGOXINE,SUCRALFATE,digoxine,sucralfate,moderate,PE,Diminution de l'absorption digestive de la digoxine.,"Prendre le sucralfate à distance de la digoxine (plus de 2 heures, si possible).",78
DIGOXINE,SULFASALAZINE,digoxine,sulfasalazine,moderate,PE,Diminution de la digoxinémie pouvant atteindre 50 %.,"Surveillance clinique, ECG et, éventuellement, de la digoxinémie. S'il y a lieu, adaptation de la posologie de la digoxine pendant le traitement par la sulfasalazine et après son arrêt.",78
DIGOXINE,TELITHROMYCINE,digoxine,telithromycine,moderate,PE,Augmentation de la digoxinémie par augmentation de son absorption.,Surveillance clinique et éventuellement de la digoxinémie pendant le traitement par la télithromycine et après son arrêt.,78
DIGOXINE,VERAPAMIL,digoxine,verapamil,moderate,PE,Bradycardie excessive et bloc auriculo-ventriculaire par majoration des effets de la digoxine sur l'automatisme et la conduction et par diminution de l'élimination rénale et extrarénale de la digoxine.,"Surveillance clinique, ECG et, éventuellement, contrôle de la digoxinémie. S'il y a lieu, adaptation de la posologie de la digoxine pendant le traitement par le vérapamil et après son arrêt.",78
DIHYDROERGOTAMINE,DALFOPRISTINE,dihydroergotamine,dalfopristine,critical,CI,Ergotisme avec possibilité de nécrose des extrémités (inhibition du métabolisme hépatique de l'alcaloïde de l'ergot de seigle).,,78
DIHYDROERGOTAMINE,DILTIAZEM,dihydroergotamine,diltiazem,critical,CI,Ergotisme avec possibilité de nécrose des extrémités (inhibition du métabolisme hépatique de l'alcaloïde de l'ergot de seigle).,,78
DIHYDROERGOTAMINE,EFAVIRENZ,dihydroergotamine,efavirenz,critical,CI,Ergotisme avec possibilité de nécrose des extrémités (inhibition du métabolisme hépatique de l'alcaloïde de l'ergot de seigle).,,78
DIHYDROERGOTAMINE,MACROLIDES (SAUF SPIRAMYCINE),dihydroergotamine,macrolides (sauf spiramycine),critical,CI,Ergotisme avec possibilité de nécrose des extrémités (inhibition de l’élimination hépatique de l'alcaloïde de l’ergot de seigle).,,78
DIHYDROERGOTAMINE,QUINUPRISTINE,dihydroergotamine,quinupristine,critical,CI,Ergotisme avec possibilité de nécrose des extrémités (inhibition du métabolisme hépatique de l'alcaloïde de l'ergot de seigle).,,78
DIHYDROERGOTAMINE,STIRIPENTOL,dihydroergotamine,stiripentol,critical,CI,Ergotisme avec possibilité de nécrose des extrémités (inhibition de l’élimination hépatique de l'alcaloïde de l’ergot de seigle).,,78
DIHYDROERGOTAMINE,TRICLABENDAZOLE,dihydroergotamine,triclabendazole,critical,CI,Ergotisme avec possibilité de nécrose des extrémités (inhibition du métabolisme hépatique de l’alcaloïde de l’ergot de seigle).,"Respecter un délai de 24 heures entre l’arrêt du triclabendazole et la prise du médicament dérivé de l’ergot, et inversement.",78
DIHYDROPYRIDINES,BÊTA-BLOQUANTS (SAUF ESMOLOL) (Y COMPRIS COLLYRES),dihydropyridines,beta-bloquants (sauf esmolol) (y compris collyres),low,APEC,"Hypotension, défaillance cardiaque chez les patients en insuffisance cardiaque latente ou non contrôlée (addition des effets inotropes négatifs). Le bêta-bloquant peut par ailleurs minimiser la réaction sympathique réflexe mise en jeu en cas de répercussion hémodynamique excessive.",,78
DIHYDROPYRIDINES,BÊTA-BLOQUANTS DANS L'INSUFFISANCE CARDIAQUE,dihydropyridines,beta-bloquants dans l'insuffisance cardiaque,low,APEC,"Hypotension, défaillance cardiaque chez les malades en insuffisance cardiaque latente ou non contrôlée (effet inotrope négatif in vitro des dihydropyridines plus ou moins marqué et susceptibles de s'additionner aux effets inotropes négatifs des bêta- bloquants). La présence d'un traitement bêta-bloquant peut par ailleurs minimiser la réaction sympathique réflexe mise en jeu en cas de répercussion hémodynamique excessive.",,78
DIHYDROPYRIDINES,DANTROLENE,dihydropyridines,dantrolene,high,ASDEC,"Avec le dantrolène administré par perfusion : chez l'animal des cas de fibrillations ventriculaires mortelles sont constamment observés lors de l'administration de vérapamil et de dantrolène IV. L'association d'un antagoniste du calcium et de dantrolène est donc potentiellement dangereuse. Cependant, quelques patients ont reçu l'association nifédipine et dantrolène sans inconvénient.",,79
DILTIAZEM,ALFENTANIL,diltiazem,alfentanil,moderate,PE,Augmentation de l'effet dépresseur respiratoire de l'analgésique opiacé par diminution de son métabolisme hépatique.,Adapter la posologie de l'alfentanil en cas de traitement par le diltiazem.,79
DILTIAZEM,AMIODARONE,diltiazem,amiodarone,high,ASDEC;PE,"Pour diltiazem voie injectable : risque de bradycardie et de bloc auriculo-ventriculaire Pour diltiazem per os : risque de bradycardie ou de bloc auriculo- ventriculaire, notamment chez les personnes âgées.","Association déconseillée avec : - le diltiazem IV Si l'association ne peut être évitée, surveillance clinique et ECG continu. Précaution d'emploi avec : - le diltiazem per os Surveillance clinique et ECG.",79
DILTIAZEM,ANTIHYPERTENSEURS CENTRAUX,diltiazem,antihypertenseurs centraux,low,APEC,Troubles de l'automatisme (troubles de la conduction auriculo- ventriculaire par addition des effets négatifs sur la conduction).,,79
DILTIAZEM,ATORVASTATINE,diltiazem,atorvastatine,moderate,PE,"Risque majoré d'effets indésirables (concentration-dépendants) à type de rhabdomyolyse, par diminution du métabolisme hépatique de l'hypocholestérolémiant.",Utiliser des doses plus faibles d’hypocholestérolémiant ou une autre statine non concernée par ce type d’interaction.,79
DILTIAZEM,BÊTA-BLOQUANTS (SAUF ESMOLOL) (Y COMPRIS COLLYRES),diltiazem,beta-bloquants (sauf esmolol) (y compris collyres),high,ASDEC,"Troubles de l'automatisme (bradycardie excessive, arrêt sinusal), troubles de la conduction sino-auriculaire et auriculo-ventriculaire et défaillance cardiaque.","Une telle association ne doit se faire que sous surveillance clinique et ECG étroite, en particulier chez le sujet âgé ou en début de traitement.",79
DILTIAZEM,BÊTA-BLOQUANTS DANS L'INSUFFISANCE CARDIAQUE,diltiazem,beta-bloquants dans l'insuffisance cardiaque,high,ASDEC,"Effet inotrope négatif avec risque de décompensation de l’insuffisance cardiaque, troubles de l'automatisme (bradycardie, arrêt sinusal) et troubles de la conduction sino-auriculaire et auriculo-ventriculaire.",,79
DILTIAZEM,BUSPIRONE,diltiazem,buspirone,moderate,PE,"Augmentation des concentrations plasmatiques de la buspirone par diminution de son métabolisme hépatique par le diltiazem, avec augmentation de ses effets indésirables.",Surveillance clinique et adaptation de la posologie de la buspirone si nécessaire.,79
DILTIAZEM,DANTROLENE,diltiazem,dantrolene,critical,CI,"Avec le dantrolène administré par perfusion : chez l'animal, des cas de fibrillations ventriculaires mortelles sont constamment observés lors de l'administration de vérapamil et de dantrolène par voie IV. L'association d'un antagoniste du calcium et de dantrolène est donc potentiellement dangereuse. Cependant, quelques patients ont reçu l'association nifédipine et dantrolène sans inconvénient.",,79
DILTIAZEM,DIHYDROERGOTAMINE,diltiazem,dihydroergotamine,critical,CI,Ergotisme avec possibilité de nécrose des extrémités (inhibition du métabolisme hépatique de l'alcaloïde de l'ergot de seigle).,,79
DILTIAZEM,DRONEDARONE,diltiazem,dronedarone,moderate,PE,"Risque de bradycardie ou de bloc auriculo-ventriculaire, notamment chez le sujet âgé. Par ailleurs, légère augmentation des concentrations de dronédarone par diminution de son métabolisme par l’antagoniste des canaux calciques.","Débuter le traitement par l’antagoniste calcique aux posologies minimales recommandées, et ajuster les doses en fonction de l’ECG.",79
DILTIAZEM,ERGOTAMINE,diltiazem,ergotamine,critical,CI,Ergotisme avec possibilité de nécrose des extrémités (inhibition du métabolisme hépatique de l'alcaloïde de l'ergot de seigle).,,79
DILTIAZEM,ESMOLOL,diltiazem,esmolol,high,ASDEC;PE,"Troubles de l'automatisme (bradycardie excessive, arrêt sinusal), troubles de la conduction sino-auriculaire et auriculo-ventriculaire et défaillance cardiaque.",Association déconseillée : - en cas d'altération de la fonction ventriculaire gauche. Précaution d'emploi : - si la fonction ventriculaire gauche est normale. Surveillance clinique et ECG.,80
DILTIAZEM,IBRUTINIB,diltiazem,ibrutinib,high,ASDEC,Risque d'augmentation des concentrations plasmatiques d’ibrutinib par diminution de son métabolisme hépatique par le diltiazem.,"Si l’association ne peut être évitée, surveillance clinique étroite et réduction de la dose d’ibrutinib à 280 mg par jour pendant la durée de l’association.",80
DILTIAZEM,IMMUNOSUPPRESSEURS,diltiazem,immunosuppresseurs,moderate,PE,Augmentation des concentrations sanguines de l'immunosuppresseur par diminution de son métabolisme.,"Dosage des concentrations sanguines de l'immunosuppresseur, contrôle de la fonction rénale et adaptation de la posologie pendant l'association et après son arrêt.",80
DILTIAZEM,IVABRADINE,diltiazem,ivabradine,critical,CI,"Augmentation des concentrations plasmatiques de l’ivabradine et de ses effets indésirables, notamment cardiaques (inhibition de son métabolisme hépatique par le diltiazem), qui s’ajoutent aux effets bradycardisants de ces substances.",,80
DILTIAZEM,LOMITAPIDE,diltiazem,lomitapide,critical,CI,"Augmentation des concentrations de lomitapide, avec risque d’hépatotoxicité.",,80
DILTIAZEM,MIDAZOLAM,diltiazem,midazolam,moderate,PE,"Augmentation des concentrations plasmatiques de midazolam par diminution de son métabolisme hépatique, avec majoration de la sédation.",Surveillance clinique et réduction de la posologie pendant le traitement par le diltiazem.,80
DILTIAZEM,NALOXEGOL,diltiazem,naloxegol,moderate,PE,Augmentation des concentrations plasmatiques de naloxegol par le diltiazem.,Adaptation posologique pendant l’association.,80
DILTIAZEM,NIFEDIPINE,diltiazem,nifedipine,critical,CI,"Augmentation importantes des concentrations de nifédipine par diminution de son métabolisme hépatique par le diltiazem, avec risque d'hypotension sévère.",,80
DILTIAZEM,OLAPARIB,diltiazem,olaparib,high,ASDEC,Augmentation des concentrations plasmatiques d’olaparib par le diltiazem.,"Si l’association ne peut être évitée, limiter la dose d’olaparib à 200 mg deux fois par jour.",80
DILTIAZEM,PIMOZIDE,diltiazem,pimozide,critical,CI,"Risque majoré de troubles du rythme ventriculaire, notamment de torsades de pointes.",,80
DILTIAZEM,SIMVASTATINE,diltiazem,simvastatine,moderate,PE,"Risque majoré d'effets indésirables (concentration-dépendants) à type de rhabdomyolyse, par diminution du métabolisme hépatique de l'hypocholestérolémiant.","Ne pas dépasser la posologie de 20 mg/jour de simvastatine. Si l'objectif thérapeutique n'est pas atteint à cette posologie, utiliser une autre statine non concernée par ce type d'interaction.",80
DILTIAZEM,TAMSULOSINE,diltiazem,tamsulosine,moderate,PE,"Risque de majoration des effets indésirables de la tamsulosine, par inhibition de son métabolisme hépatique.","Surveillance clinique et adaptation de la posologie de la tamsulosine pensant le traitement par l’inhibiteur enzymatique et après son arrêt, le cas échéant.",80
DILTIAZEM,TICAGRELOR,diltiazem,ticagrelor,low,APEC,Risque d’augmentation des concentrations plasmatiques de ticagrelor par diminution de son métabolisme hépatique.,,80
DILTIAZEM,TOLVAPTAN,diltiazem,tolvaptan,moderate,PE,"Augmentation des concentrations de tolvaptan, avec risque de majoration importante des effets indésirables, notamment diurèse importante, déshydratation, insuffisance rénale aiguë.",Réduire la posologie de tolvaptan de moitié.,80
DILTIAZEM,VÉNÉTOCLAX,diltiazem,venetoclax,moderate,PE,Risque d’augmentation des effets indésirables du vénétoclax par diminution de son métabolisme hépatique.,"Surveillance clinique et biologique régulière, notamment hématologique, et adaptation de la posologie du vénétoclax.",81
DIMÉTHYLE ( FUMARATE DE),VACCINS VIVANTS ATTÉNUÉS,dimethyle ( fumarate de),vaccins vivants attenues,low,APEC,Possible augmentation du risque infectieux.,,81
DIPROPHYLLINE,PROBENECIDE,diprophylline,probenecide,moderate,PE,Risque de surdosage par augmentation des concentrations plasmatiques de diprophylline (inhibition de sa sécrétion tubulaire rénale).,Réduire la posologie de diprophylline pendant le traitement par le probénécide.,81
DIPYRIDAMOLE,THÉINE,dipyridamole,theine,moderate,PE,Avec le dipyridamole par voie injectable : réduction de l’effet vasodilatateur du dipyridamole par la théine.,Eviter la consommation de produits à base de théine dans les 24 heures qui précèdent une imagerie myocardique avec le dipyridamole.,81
DIPYRIDAMOLE,BÊTA-BLOQUANTS (SAUF ESMOLOL) (Y COMPRIS COLLYRES),dipyridamole,beta-bloquants (sauf esmolol) (y compris collyres),low,APEC,Avec le dipyridamole par voie injectable : majoration de l'effet antihypertenseur.,,81
DIPYRIDAMOLE,CAFEINE,dipyridamole,cafeine,moderate,PE,Avec le dipyridamole par voie injectable : réduction de l’effet vasodilatateur du dipyridamole par la caféine.,"Interrompre un traitement à base de caféine au moins 5 jours avant une imagerie myocardique avec le dipyridamole et éviter la consommation de café, thé, chocolat ou cola dans les 24 heures qui précèdent le test.",81
DIPYRIDAMOLE,"THÉOPHYLLINE (ET, PAR EXTRAPOLATION, AMINOPHYLLINE)",dipyridamole,"theophylline (et, par extrapolation, aminophylline)",moderate,PE,Avec le dipyridamole par voie injectable : réduction de l’effet vasodilatateur du dipyridamole par la théophylline.,Interrompre un traitement par théophylline au moins 5 jours avant une imagerie myocardique avec le dipyridamole.,81
DISOPYRAMIDE,INDUCTEURS ENZYMATIQUES,disopyramide,inducteurs enzymatiques,moderate,PE,Risque de diminution des concentrations du disopyramide par l’inducteur.,Surveillance clinique et éventuellement adaptation de la posologie du disopyramide pendant l’association et 1 à 2 semaines après l’arrêt de l’inducteur.,81
DISOPYRAMIDE,INHIBITEURS PUISSANTS DU CYP3A4,disopyramide,inhibiteurs puissants du cyp3a4,moderate,PE,Risque d’augmentation des effets indésirables du disopyramide par diminution de son métabolisme.,Surveillance clinique et adaptation éventuelle de la posologie du disopyramide.,81
DISOPYRAMIDE,JOSAMYCINE,disopyramide,josamycine,moderate,PE,"Risque de majoration des effets indésirables du disopyramide : hypoglycémies sévères, allongement de l’intervalle QT et troubles du rythme ventriculaire graves, notamment à type de torsades de pointes.","Surveillance clinique, biologique et électrocardiographique régulière.",81
DISOPYRAMIDE,OMBITASVIR + PARITAPRÉVIR,disopyramide,ombitasvir + paritaprevir,critical,CI,Risque d’augmentation des concentrations plasmatiques de disopyramide et de ses effets indésirables.,,81
DISULFIRAME,ANTIVITAMINES K,disulfirame,antivitamines k,moderate,PE,Augmentation de l'effet de l'antivitamine K et du risque hémorragique.,Contrôle plus fréquent de l'INR. Adaptation de la posologie de l'antivitamine K pendant le traitement par le disulfirame et 8 jours après son arrêt.,81
DISULFIRAME,COCAINE,disulfirame,cocaine,low,APEC,"Augmentation des concentrations de cocaïne par diminution de son métabolisme par le disulfirame, avec risque majoré de survenue de torsades de pointes.",,82
DISULFIRAME,ISONIAZIDE,disulfirame,isoniazide,high,ASDEC,Troubles du comportement et de la coordination.,,82
DISULFIRAME,METRONIDAZOLE,disulfirame,metronidazole,high,ASDEC,"Risque d’épisodes de psychose aiguë ou d’état confusionnel, réversibles à l’arrêt de l’association.",,82
DISULFIRAME,"PHÉNYTOÏNE (ET, PAR EXTRAPOLATION, FOSPHÉNYTOÏNE)",disulfirame,"phenytoine (et, par extrapolation, fosphenytoine)",high,ASDEC,Augmentation importante et rapide des concentrations plasmatiques de phénytoïne avec signes toxiques (inhibition de son métabolisme).,"Si elle ne peut être évitée, contrôle clinique et des concentrations plasmatiques de phénytoïne pendant le traitement par le disulfirame et après son arrêt.",82
DIURÉTIQUES,ACIDE ACETYLSALICYLIQUE,diuretiques,acide acetylsalicylique,moderate,PE,"Pour des doses anti-inflammatoires d'acide acétylsalicylique (>= 1g par prise et/ou >= 3g par jour) ou pour des doses antalgiques ou antipyrétiques (>= 500 mg par prise et/ou < 3g par jour) : Insuffisance rénale aiguë chez le patient à risque (âgé, déshydraté, avec une fonction rénale altérée), par diminution de la filtration glomérulaire secondaire à une diminution de la synthèse des prostaglandines rénales. Par ailleurs, réduction de l'effet antihypertenseur.",Hydrater le malade et surveiller la fonction rénale en début de traitement et régulièrement pendant l’association.,82
DIURÉTIQUES,ANTI-INFLAMMATOIRES NON STÉROÏDIENS,diuretiques,anti-inflammatoires non steroidiens,moderate,PE,"Insuffisance rénale aiguë chez le patient à risque (âgé, déshydraté, sous diurétiques, avec une fonction rénale altérée), par diminution de la filtration glomérulaire secondaire à une diminution de la synthèse des prostaglandines rénales. Ces effets sont généralement réversibles. Par ailleurs, réduction de l’effet antihypertenseur.",Hydrater le malade et surveiller la fonction rénale en début de traitement et régulièrement pendant l'association.,82
DIURÉTIQUES,PRODUITS DE CONTRASTE IODÉS,diuretiques,produits de contraste iodes,moderate,PE,"En cas de déshydratation provoquée par les diurétiques, risque majoré d'insuffisance rénale fonctionnelle aiguë, en particulier lors d'utilisation de doses importantes de produits de contraste iodés.",Réhydratation avant administration du produit iodé.,82
DIURÉTIQUES DE L'ANSE,AMINOSIDES,diuretiques de l'anse,aminosides,moderate,PE,Augmentation des risques néphrotoxiques et ototoxiques de l'aminoside (insuffisance rénale fonctionnelle liée à la déshydratation entraînée par le diurétique).,"Association possible sous contrôle de l'état d'hydratation, des fonctions rénale et cochléovestibulaire, et éventuellement, des concentrations plasmatiques de l'aminoside.",82
DIURÉTIQUES DE L'ANSE,LITHIUM,diuretiques de l'anse,lithium,high,ASDEC,"Augmentation de la lithémie avec signes de surdosage en lithium, comme lors d’un régime désodé (diminution de l’excrétion urinaire du lithium).","Si l'association ne peut être évitée, surveillance stricte de la lithémie et adaptation de la posologie du lithium.",82
DIURÉTIQUES DE L'ANSE,METFORMINE,diuretiques de l'anse,metformine,moderate,PE,"Acidose lactique due à la metformine, déclenchée par une éventuelle insuffisance rénale fonctionnelle, liée aux diurétiques de l'anse.","Ne pas utiliser la metformine lorsque la créatininémie dépasse 15 mg/l (135 µmol/l) chez l'homme, et 12 mg/l (110 µmol/l) chez la femme.",82
DIURÉTIQUES DE L'ANSE,ORGANOPLATINES,diuretiques de l'anse,organoplatines,low,APEC,Risque d’addition des effets ototoxiques et/ou néphrotoxiques.,,82
DIURÉTIQUES ÉPARGNEURS DE POTASSIUM (SEULS OU ASSOCIÉS),AUTRES DIURÉTIQUES ÉPARGNEURS DE POTASSIUM (SEULS OU ASSOCIÉS),diuretiques epargneurs de potassium (seuls ou associes),autres diuretiques epargneurs de potassium (seuls ou associes),critical,CI,"Hyperkaliémie potentiellement létale, notamment chez l'insuffisant rénal (addition des effets hyperkaliémiants).",Contre-indiqué sauf s'il existe une hypokaliémie.,82
DIURÉTIQUES ÉPARGNEURS DE POTASSIUM (SEULS OU ASSOCIÉS),ANTAGONISTES DES RÉCEPTEURS DE L'ANGIOTENSINE II,diuretiques epargneurs de potassium (seuls ou associes),antagonistes des recepteurs de l'angiotensine ii,high,ASDEC;PE,Risque d'hyperkaliémie (potentiellement létale) surtout en cas d'insuffisance rénale (addition des effets hyperkaliémiants).,"Association déconseillée : - si l'association est justifiée, contrôle strict de la kaliémie et de la fonction rénale. Précaution d'emploi : - pour la spironolactone à des doses comprises entre 12,5 mg et 50 mg/jour, et pour l’éplérénone utilisées dans le traitement de l'insuffisance cardiaque, ainsi qu'en cas d'hypokaliémie : contrôle strict de la kaliémie et de la fonction rénale.",83
DIURÉTIQUES ÉPARGNEURS DE POTASSIUM (SEULS OU ASSOCIÉS),CICLOSPORINE,diuretiques epargneurs de potassium (seuls ou associes),ciclosporine,high,ASDEC,"Hyperkaliémie potentiellement létale, surtout lors d'une insuffisance rénale (addition des effets hyperkaliémiants).",,83
DIURÉTIQUES ÉPARGNEURS DE POTASSIUM (SEULS OU ASSOCIÉS),DIURÉTIQUES HYPOKALIÉMIANTS,diuretiques epargneurs de potassium (seuls ou associes),diuretiques hypokaliemiants,moderate,PE,"L'association rationnelle, utile pour certains patients, n'exclut pas la survenue d'hypokaliémie ou, en particulier chez l'insuffisant rénal et le diabétique, d'hyperkaliémie.","Surveiller la kaliémie, éventuellement l'ECG et, s'il y a lieu, reconsidérer le traitement.",83
DIURÉTIQUES ÉPARGNEURS DE POTASSIUM (SEULS OU ASSOCIÉS),INHIBITEURS DE L'ENZYME DE CONVERSION,diuretiques epargneurs de potassium (seuls ou associes),inhibiteurs de l'enzyme de conversion,high,ASDEC;PE,Risque d'hyperkaliémie (potentiellement létale) surtout en cas d'insuffisance rénale (addition des effets hyperkaliémiants).,"Association déconseillée : - si l'association est justifiée, contrôle strict de la kaliémie et de la fonction rénale. Précaution d'emploi : - pour la spironolactone à des doses comprises entre 12,5 mg et 50 mg/jour, et pour l’éplérénone utilisées dans le traitement de l'insuffisance cardiaque, ainsi qu'en cas d'hypokaliémie : contrôle strict de la kaliémie et de la fonction rénale.",83
DIURÉTIQUES ÉPARGNEURS DE POTASSIUM (SEULS OU ASSOCIÉS),LITHIUM,diuretiques epargneurs de potassium (seuls ou associes),lithium,moderate,PE,"Augmentation de la lithémie avec signes de surdosage en lithium, comme lors d’un régime désodé (diminution de l’excrétion urinaire du lithium).",Surveillance stricte de la lithémie et adaptation éventuelle de la posologie du lithium.,83
DIURÉTIQUES ÉPARGNEURS DE POTASSIUM (SEULS OU ASSOCIÉS),POTASSIUM,diuretiques epargneurs de potassium (seuls ou associes),potassium,high,ASDEC,"Pour une quantité de potassium > à 1 mmol/prise, hyperkaliémie potentiellement létale, notamment chez l'insuffisant rénal (addition des effets hyperkaliémiants).",Sauf en cas d'hypokaliémie.,83
DIURÉTIQUES ÉPARGNEURS DE POTASSIUM (SEULS OU ASSOCIÉS),TACROLIMUS,diuretiques epargneurs de potassium (seuls ou associes),tacrolimus,high,ASDEC,"Hyperkaliémie potentiellement létale, surtout lors d'une insuffisance rénale (addition des effets hyperkaliémiants).",,83
DIURÉTIQUES HYPOKALIÉMIANTS,ANTAGONISTES DES RÉCEPTEURS DE L'ANGIOTENSINE II,diuretiques hypokaliemiants,antagonistes des recepteurs de l'angiotensine ii,moderate,PE,Risque d'hypotension artérielle brutale et/ou d'insuffisance rénale aiguë lors de l'instauration ou de l'augmentation de la posologie d'un traitement par un antagoniste de l'angiotensine II en cas de déplétion hydrosodée préexistante.,"Dans l'hypertension artérielle, lorsqu'un traitement diurétique préalable a pu entraîner une déplétion hydrosodée, il faut : - soit arrêter le diurétique avant de débuter le traitement par l'antagoniste de l'angiotensine II, et réintroduire un diurétique hypokaliémiant si nécessaire ultérieurement ; - soit administrer des doses initiales réduites d'antagoniste de l'angiotensine II et augmenter progressivement la posologie. Dans tous les cas : surveiller la fonction rénale (créatininémie) dans les premières semaines du traitement par l'antagoniste de l'angiotensine II.",83
DIURÉTIQUES HYPOKALIÉMIANTS,CARBAMAZEPINE,diuretiques hypokaliemiants,carbamazepine,moderate,PE,Risque d'hyponatrémie symptomatique.,"Surveillance clinique et biologique. Si possible, utiliser une autre classe de diurétiques.",83
DIURÉTIQUES HYPOKALIÉMIANTS,CICLOSPORINE,diuretiques hypokaliemiants,ciclosporine,low,APEC,"Risque d'augmentation de la créatininémie sans modification des concentrations sanguines de ciclosporine, même en l'absence de déplétion hydrosodée. Egalement, risque d'hyperuricémie et de complications comme la goutte.",,83
DIURÉTIQUES HYPOKALIÉMIANTS,DIURÉTIQUES ÉPARGNEURS DE POTASSIUM (SEULS OU ASSOCIÉS),diuretiques hypokaliemiants,diuretiques epargneurs de potassium (seuls ou associes),moderate,PE,"L'association rationnelle, utile pour certains patients, n'exclut pas la survenue d'hypokaliémie ou, en particulier chez l'insuffisant rénal et le diabétique, d'hyperkaliémie.","Surveiller la kaliémie, éventuellement l'ECG et, s'il y a lieu, reconsidérer le traitement.",83
DIURÉTIQUES HYPOKALIÉMIANTS,INHIBITEURS DE L'ENZYME DE CONVERSION,diuretiques hypokaliemiants,inhibiteurs de l'enzyme de conversion,moderate,PE,Risque d'hypotension artérielle brutale et/ou d'insuffisance rénale aiguë lors de l'instauration ou de l'augmentation de la posologie d'un traitement par un inhibiteur de l'enzyme de conversion en cas de déplétion hydrosodée préexistante.,"Dans l'hypertension artérielle, lorsqu'un traitement diurétique préalable a pu entraîner une déplétion hydrosodée, il faut : - soit arrêter le diurétique avant de débuter le traitement par l'IEC, et réintroduire un diurétique hypokaliémiant si nécessaire ultérieurement ; - soit administrer des doses initiales réduites d'IEC et augmenter progressivement la posologie. Dans l'insuffisance cardiaque congestive traitée par diurétiques, commencer par une dose très faible d'IEC, éventuellement après réduction de la dose du diurétique hypokaliémient associé. Dans tous les cas : surveiller la fonction rénale (créatininémie) dans les premières semaines du traitement par l'IEC.",84
DIURÉTIQUES THIAZIDIQUES ET APPARENTÉS,CALCIUM,diuretiques thiazidiques et apparentes,calcium,low,APEC,Risque d'hypercalcémie par diminution de l'élimination urinaire du calcium.,,84
DIURÉTIQUES THIAZIDIQUES ET APPARENTÉS,LITHIUM,diuretiques thiazidiques et apparentes,lithium,high,ASDEC,"Augmentation de la lithémie avec signes de surdosage en lithium, comme lors d’un régime désodé (diminution de l’excrétion urinaire du lithium).","Si l'association ne peut être évitée, surveillance stricte de la lithémie et adaptation de la posologie du lithium.",84
DOCETAXEL,AMIODARONE,docetaxel,amiodarone,moderate,PE,Risque de majoration des effets indésirables du docétaxel par diminution de son métabolisme hépatique par l’amiodarone,Surveillance clinique et adaptation éventuelle de la posologie du docétaxel.,84
DOCETAXEL,APALUTAMIDE,docetaxel,apalutamide,high,ASDEC,"Risque de diminution très importante des concentrations du docétaxel, et perte d‘efficacité, par augmentation de son métabolisme hépatique par l’apalutamide.",,84
DOCETAXEL,DRONEDARONE,docetaxel,dronedarone,moderate,PE,Risque de majoration de la toxicité du docétaxel par diminution de son métabolisme.,Surveillance clinique et adaptation éventuelle de la posologie du docétaxel pendant le traitement par l’inhibiteur enzymatique.,84
DOCETAXEL,INDUCTEURS ENZYMATIQUES,docetaxel,inducteurs enzymatiques,high,ASDEC,"Diminution des concentrations du cytotoxique par augmentation de son métabolisme par l’inducteur, avec risque de moindre efficacité.",,84
DOCETAXEL,INHIBITEURS PUISSANTS DU CYP3A4,docetaxel,inhibiteurs puissants du cyp3a4,moderate,PE,Risque de majoration des effets indésirables dose-dépendants du docétaxel par inhibition de son métabolisme par l’inhibiteur enzymatique.,Surveillance clinique et adaptation éventuelle de la posologie du docétaxel pendant le traitement par l’inhibiteur enzymatique.,84
DOCETAXEL,MILLEPERTUIS,docetaxel,millepertuis,critical,CI,Risque de moindre efficacité du taxane par augmentation de son métabolisme par le millepertuis.,,84
DOLUTÉGRAVIR,INDUCTEURS ENZYMATIQUES,dolutegravir,inducteurs enzymatiques,high,ASDEC;PE,Diminution des concentrations plasmatiques de dolutégravir par augmentation de son métabolisme par l’inducteur.,Association déconseillée : - en cas de résistance à la classe des inhibiteurs d'intégrase Précaution d'emploi : - en l'absence de résistance à la classe des inhibiteurs d'intégrase Adaptation de la posologie de dolutégravir à 50 mg 2 fois par jour pendant l’association et une semaine après son arrêt.,84
DOLUTÉGRAVIR,METFORMINE,dolutegravir,metformine,moderate,PE,Augmentation moyenne de moins de deux fois des concentrations plasmatiques de metformine.,"Chez le patient avec une insuffisance rénale modérée, surveillance clinique et éventuelle réduction supplémentaire de la posologie de metformine.",85
DOLUTÉGRAVIR,MILLEPERTUIS,dolutegravir,millepertuis,high,ASDEC,Risque de diminution des concentrations plasmatiques de dolutégravir par augmentation de son métabolisme par le millepertuis.,,85
DOMPERIDONE,FLUCONAZOLE,domperidone,fluconazole,critical,CI,"Risque de troubles du rythme ventriculaire, notamment de torsades de pointes.",,85
DOMPERIDONE,INHIBITEURS PUISSANTS DU CYP3A4,domperidone,inhibiteurs puissants du cyp3a4,critical,CI,Augmentation des concentrations plasmatiques de dompéridone par diminution de son métabolisme hépatique par l’inhibiteur.,,85
DOPAMINERGIQUES,NEUROLEPTIQUES ANTIÉMÉTIQUES,dopaminergiques,neuroleptiques antiemetiques,critical,CI,Antagonisme réciproque entre le dopaminergique et le neuroleptique.,Utiliser un antiémétique dénué d'effets extrapyramidaux.,85
DOPAMINERGIQUES,TETRABENAZINE,dopaminergiques,tetrabenazine,high,ASDEC,Antagonisme réciproque entre le dopaminergique et la tétrabénazine.,,85
"DOPAMINERGIQUES, HORS PARKINSON",NEUROLEPTIQUES ANTIPSYCHOTIQUES (SAUF CLOZAPINE),"dopaminergiques, hors parkinson",neuroleptiques antipsychotiques (sauf clozapine),critical,CI,Antagonisme réciproque de l'agoniste dopaminergique et des neuroleptiques.,,85
DOXORUBICINE,VERAPAMIL,doxorubicine,verapamil,low,APEC,Risque de majoration de la toxicité de la doxorubicine par augmentation de ses concentrations plasmatiques.,,85
DOXYCYCLINE,INDUCTEURS ENZYMATIQUES PUISSANTS,doxycycline,inducteurs enzymatiques puissants,low,APEC,Risque de diminution importante des concentrations de doxycycline.,,85
DOXYCYCLINE,RIFAMPICINE,doxycycline,rifampicine,low,APEC,Risque de diminution importante des concentrations de doxycycline.,,85
DRONEDARONE,DABIGATRAN,dronedarone,dabigatran,critical,CI,"Doublement des concentrations plasmatiques de dabigatran, avec majoration du risque de saignement.",,85
DRONEDARONE,DIGOXINE,dronedarone,digoxine,high,ASDEC,"Dépression de l'automatisme (bradycardie excessive) et troubles de la conduction auriculo-ventriculaire. En outre, augmentation de la digoxinémie par diminution du métabolisme de la digoxine. Surveillance clinique et ECG.",Réduire de moitié les doses de digoxine.,86
DRONEDARONE,DILTIAZEM,dronedarone,diltiazem,moderate,PE,"Risque de bradycardie ou de bloc auriculo-ventriculaire, notamment chez le sujet âgé. Par ailleurs, légère augmentation des concentrations de dronédarone par diminution de son métabolisme par l’antagoniste des canaux calciques.","Débuter le traitement par l’antagoniste calcique aux posologies minimales recommandées, et ajuster les doses en fonction de l’ECG.",86
DRONEDARONE,DOCETAXEL,dronedarone,docetaxel,moderate,PE,Risque de majoration de la toxicité du docétaxel par diminution de son métabolisme.,Surveillance clinique et adaptation éventuelle de la posologie du docétaxel pendant le traitement par l’inhibiteur enzymatique.,86
DRONEDARONE,ÉDOXABAN,dronedarone,edoxaban,moderate,PE,"Augmentation des concentrations plasmatiques de l’édoxaban, avec majoration du risque de saignement.",Réduire la dose d’édoxaban de moitié.,86
DRONEDARONE,FIDAXOMICINE,dronedarone,fidaxomicine,high,ASDEC,Augmentation des concentrations plasmatiques de la fidaxomicine.,,86
DRONEDARONE,IBRUTINIB,dronedarone,ibrutinib,high,ASDEC,Risque d’augmentation des concentrations plasmatiques d’ibrutinib par diminution de son métabolisme hépatique par la dronédarone.,"Si l’association ne peut être évitée, surveillance clinique étroite et réduction de la dose d’ibrutinib à 280 mg par jour pendant la durée de l’association.",86
DRONEDARONE,IMMUNOSUPPRESSEURS,dronedarone,immunosuppresseurs,high,ASDEC,Augmentation importante des concentrations sanguines de l’immunosuppresseur par diminution de son métabolisme.,,86
DRONEDARONE,INDUCTEURS ENZYMATIQUES PUISSANTS,dronedarone,inducteurs enzymatiques puissants,high,ASDEC,"Diminution importante des concentrations de dronédarone par augmentation de son métabolisme, sans modification notable du métabolite actif.",,86
DRONEDARONE,INHIBITEURS PUISSANTS DU CYP3A4,dronedarone,inhibiteurs puissants du cyp3a4,critical,CI,Augmentation importante des concentrations de dronédarone par diminution de son métabolisme.,,86
DRONEDARONE,MILLEPERTUIS,dronedarone,millepertuis,high,ASDEC,"Diminution importante des concentrations de dronédarone par augmentation de son métabolisme, sans modification notable du métabolite actif.",,86
DRONEDARONE,PAMPLEMOUSSE (JUS ET FRUIT),dronedarone,pamplemousse (jus et fruit),high,ASDEC,Augmentation des concentrations de dronédarone par inhibition de son métabolisme par le pamplemousse.,,86
DRONEDARONE,QUINIDINE,dronedarone,quinidine,moderate,PE,"Risque de bradycardie ou de bloc auriculo-ventriculaire, notamment chez le sujet âgé. Par ailleurs, légère augmentation des concentrations de dronédarone par diminution de son métabolisme par la quinidine.","Débuter le traitement par la quinidine aux posologies minimales recommandées, et ajuster les doses en fonction de l’ECG.",86
DRONEDARONE,RIFAMPICINE,dronedarone,rifampicine,high,ASDEC,"Diminution importante des concentrations de dronédarone par augmentation de son métabolisme, sans modification notable du métabolite actif.",,86
DRONEDARONE,SIMVASTATINE,dronedarone,simvastatine,high,ASDEC,Risque majoré d'effets indésirables (concentration-dépendants) à type de rhabdomyolyse (diminution du métabolisme hépatique de la simvastatine).,,86
DRONEDARONE,TALAZOPARIB,dronedarone,talazoparib,moderate,PE,Augmentation des concentrations de talazoparib avec risque de majoration de la toxicité.,Réduire la dose de talazoparib.,86
DRONEDARONE,VERAPAMIL,dronedarone,verapamil,moderate,PE,"Risque de bradycardie ou de bloc auriculo-ventriculaire, notamment chez le sujet âgé. Par ailleurs, légère augmentation des concentrations de dronédarone par diminution de son métabolisme par l’antagoniste des canaux calciques.","Débuter le traitement par l’antagoniste calcique aux posologies minimales recommandées, et ajuster les doses en fonction de l’ECG.",87
DULOXETINE,CODEINE,duloxetine,codeine,high,ASDEC,Risque d’inefficacité de l’opiacé par inhibition de son métabolisme par l’inhibiteur.,,87
DULOXETINE,ENOXACINE,duloxetine,enoxacine,critical,CI,Risque d’augmentation des effets indésirables de la duloxétine par diminution de son métabolisme hépatique par l'énoxacine.,,87
DULOXETINE,FLUVOXAMINE,duloxetine,fluvoxamine,critical,CI,Risque d’augmentation des effets indésirables de la duloxétine par diminution de son métabolisme hépatique par la fluvoxamine.,,87
DULOXETINE,MEQUITAZINE,duloxetine,mequitazine,high,ASDEC,"Risque de majoration des effets indésirables de la méquitazine, par inhibition de son métabolisme par l’inhibiteur enzymatique.",,87
DULOXETINE,METOPROLOL,duloxetine,metoprolol,moderate,PE,"Augmentation des concentrations plasmatiques de métoprolol avec risque de surdosage, par diminution de son métabolisme hépatique par la duloxétine.",Surveillance clinique et réduction de la posologie du métoprolol pendant le traitement par la duloxétine et après son arrêt.,87
DULOXETINE,PROPAFENONE,duloxetine,propafenone,moderate,PE,"Augmentation des concentrations plasmatiques de propafénone avec risque de surdosage, par diminution de son métabolisme hépatique par la duloxétine.",Surveillance clinique et réduction de la posologie de la propafénone pendant le traitement par la duloxétine et après son arrêt.,87
DULOXETINE,TAMOXIFENE,duloxetine,tamoxifene,high,ASDEC,"Risque de baisse de l'efficacité du tamoxifène, par inhibition de la formation de son métabolite actif par la duloxétine.",,87
DULOXETINE,TETRABENAZINE,duloxetine,tetrabenazine,critical,CI,Augmentation possiblement très importante de l’exposition des métabolites actifs de la tétrabénazine.,,87
DULOXETINE,TRAMADOL,duloxetine,tramadol,high,ASDEC,Risque d’inefficacité de l’opiacé par inhibition de son métabolisme par l’inhibiteur.,,87
ECONAZOLE,ANTIVITAMINES K,econazole,antivitamines k,moderate,PE,Quelle que soit la voie d'administration de l'éconazole : augmentation de l'effet de l'antivitamine K et du risque hémorragique.,Contrôle plus fréquent de l'INR. Adaptation éventuelle de la posologie de l'antivitamine K pendant le traitement par éconazole et après son arrêt.,87
ÉDOXABAN,CICLOSPORINE,edoxaban,ciclosporine,moderate,PE,"Augmentation des concentrations plasmatiques de l’édoxaban, avec majoration du risque de saignement.",Réduire la dose d’édoxaban de moitié.,87
ÉDOXABAN,DRONEDARONE,edoxaban,dronedarone,moderate,PE,"Augmentation des concentrations plasmatiques de l’édoxaban, avec majoration du risque de saignement.",Réduire la dose d’édoxaban de moitié.,87
ÉDOXABAN,ERYTHROMYCINE,edoxaban,erythromycine,moderate,PE,"Augmentation des concentrations plasmatiques de l’édoxaban, avec majoration du risque de saignement.",Réduire la dose d’édoxaban de moitié.,88
ÉDOXABAN,ITRACONAZOLE,edoxaban,itraconazole,moderate,PE,"Augmentation des concentrations plasmatiques de l’édoxaban, avec majoration du risque de saignement.",Réduire la dose d’édoxaban de moitié.,88
EFAVIRENZ,ANTIVITAMINES K,efavirenz,antivitamines k,moderate,PE,Diminution de l'effet de l'antivitamine K par augmentation de son métabolisme hépatique.,Contrôle plus fréquent de l'INR. Adaptation éventuelle de la posologie de l'antivitamine K.,88
EFAVIRENZ,ATAZANAVIR,efavirenz,atazanavir,high,ASDEC,Risque de baisse de l’efficacité de l’atazanavir par augmentation de son métabolisme hépatique.,"Si l’association s’avère nécessaire, adaptation posologique de l’atazanavir avec surveillance clinique et biologique régulière, notamment en début d’association.",88
EFAVIRENZ,ATOVAQUONE,efavirenz,atovaquone,high,ASDEC,Diminution des concentrations plasmatiques d'atovaquone par l'inducteur enzymatique.,,88
EFAVIRENZ,DIHYDROERGOTAMINE,efavirenz,dihydroergotamine,critical,CI,Ergotisme avec possibilité de nécrose des extrémités (inhibition du métabolisme hépatique de l'alcaloïde de l'ergot de seigle).,,88
EFAVIRENZ,ERGOTAMINE,efavirenz,ergotamine,critical,CI,Ergotisme avec possibilité de nécrose des extrémités (inhibition du métabolisme hépatique de l'alcaloïde de l'ergot de seigle).,,88
EFAVIRENZ,FOSAMPRENAVIR,efavirenz,fosamprenavir,moderate,PE,Risque de baisse de l'efficacité de l'amprénavir.,"Surveillance clinique et biologique régulière, notamment en début d'association.",88
EFAVIRENZ,GINKGO,efavirenz,ginkgo,high,ASDEC,Risque de moindre efficacité de l'éfavirenz.,,88
EFAVIRENZ,HORMONES THYROÏDIENNES,efavirenz,hormones thyroidiennes,moderate,PE,"Risque d'hypothyroïdie clinique chez les patients hypothyroïdiens, par augmentation du métabolisme de la T3 et de la T4.","Surveillance clinique et biologique. Adaptation, si besoin, de la posologie des hormones thyroïdiennes pendant le traitement par l'inducteur et après son arrêt.",88
EFAVIRENZ,LÉNACAPAVIR,efavirenz,lenacapavir,high,ASDEC,Diminution importante des concentrations de lénacapavir.,,88
EFAVIRENZ,MILLEPERTUIS,efavirenz,millepertuis,critical,CI,"Risque de diminution des concentrations d'éfavirenz, avec baisse d'efficacité.",,88
EFAVIRENZ,PIMOZIDE,efavirenz,pimozide,critical,CI,"Risque majoré de troubles du rythme ventriculaire, notamment de torsades de pointes.",,88
EFAVIRENZ,RIFABUTINE,efavirenz,rifabutine,moderate,PE,"Diminution importante des concentrations de rifabutine, par augmentation de son métabolisme hépatique par l’éfavirenz. Egalement, possibilité de diminution importante des concentrations d'éfavirenz par la rifabutine.",Adaptation éventuelle de la posologie de la rifabutine ou de l'éfavirenz pendant la durée de l'association.,88
EFAVIRENZ,RIFAMPICINE,efavirenz,rifampicine,moderate,PE,Diminution des concentrations plasmatiques et de l'efficacité de l'éfavirenz par augmentation de son métabolisme hépatique par la rifampicine.,"Surveillance clinique et biologique régulière, notamment en début d'association.",89
EFAVIRENZ,VELPATASVIR,efavirenz,velpatasvir,high,ASDEC,"Risque de diminution des concentrations de velpatasvir/sofosbuvir, avec possible retentissement sur l’efficacité.",,89
EFAVIRENZ,VORICONAZOLE,efavirenz,voriconazole,high,ASDEC,Risque de baisse de l'efficacité du voriconazole par augmentation de son métabolisme hépatique par l'efavirenz.,"Si l'association ne peut être évitée, surveillance clinique étroite et adaptation de la posologie du voriconazole et de l'éfavirenz pendant l'association.",89
ÉLIGLUSTAT,INHIBITEURS PUISSANTS DU CYP3A4,eliglustat,inhibiteurs puissants du cyp3a4,critical,CI,"Chez les patients ayant un génotype de métaboliseurs lents du CYP2D6, risque de majoration des effets indésirables de l’éliglustat.",,89
ELTROMBOPAG,INHIBITEURS DE L'HMG-COA RÉDUCTASE (STATINES),eltrombopag,inhibiteurs de l'hmg-coa reductase (statines),moderate,PE,"Risque de majoration de la toxicité des statines, par inhibition de leur recapture hépatique.",Surveillance clinique et adaptation éventuelle de la posologie de la statine.,89
ELTROMBOPAG,OZANIMOD,eltrombopag,ozanimod,high,ASDEC,Risque d’augmentation des effets indésirables de l’ozanimod.,,89
ELVITÉGRAVIR,ESTROPROGESTATIFS CONTRACEPTIFS,elvitegravir,estroprogestatifs contraceptifs,moderate,PE,Diminution de l’efficacité contraceptive par augmentation du métabolisme hépatique du contraceptif hormonal par l'elvitégravir.,"Utiliser une méthode additionnelle de type mécanique (préservatif) pendant la durée de l’association, et un cycle suivant l’arrêt de l'elvitégravir.",89
ELVITÉGRAVIR,ITRACONAZOLE,elvitegravir,itraconazole,moderate,PE,Augmentation des concentrations plasmatiques d’elvitegravir par diminution de son métabolisme par l'itraconazole.,"Avec l’elvitegravir co-administré avec le cobicistat, surveillance clinique. Limiter la dose maximale d’itraconazole à 200 mg/j.",89
ELVITÉGRAVIR,KETOCONAZOLE,elvitegravir,ketoconazole,moderate,PE,Augmentation des concentrations plasmatiques d’elvitegravir par diminution de son métabolisme par le kétoconazole.,"Avec l’elvitegravir co-administré avec le cobicistat, surveillance clinique. Limiter la dose maximale de kétoconazole à 200 mg/j.",89
ELVITÉGRAVIR,RIFABUTINE,elvitegravir,rifabutine,low,APEC,Diminution des concentrations minimales d’elvitégravir.,,89
ENOXACINE,CAFEINE,enoxacine,cafeine,high,ASDEC,"Augmentation des concentrations plasmatiques de caféine, pouvant entraîner excitations et hallucinations, par diminution de son métabolisme hépatique.",,89
ENOXACINE,DULOXETINE,enoxacine,duloxetine,critical,CI,Risque d’augmentation des effets indésirables de la duloxétine par diminution de son métabolisme hépatique par l'énoxacine.,,89
ENOXACINE,ROPINIROLE,enoxacine,ropinirole,moderate,PE,Augmentation des concentrations plasmatiques de ropinirole avec signes de surdosage par diminution de son métabolisme hépatique.,Surveillance clinique et réduction de la posologie du ropinirole pendant le traitement par l'énoxacine et après son arrêt.,89
ENOXACINE,"THÉOPHYLLINE (ET, PAR EXTRAPOLATION, AMINOPHYLLINE)",enoxacine,"theophylline (et, par extrapolation, aminophylline)",critical,CI,Surdosage en théophylline par diminution importante de son métabolisme.,,90
ENTACAPONE,FER,entacapone,fer,moderate,PE,Diminution de l'absorption digestive de l'entacapone et du fer par chélation de celui-ci par l'entacapone.,Prendre les sels de fer à distance de l'entacapone (plus de 2 heures si possible).,90
ENZALUTAMIDE,GEMFIBROZIL,enzalutamide,gemfibrozil,moderate,PE,Majoration de la fraction active de l’enzalutamide.,Réduire la dose d’enzalutamide de moitié en cas d’association au gemfibrozil.,90
EPLERENONE,ANTAGONISTES DES RÉCEPTEURS DE L'ANGIOTENSINE II,eplerenone,antagonistes des recepteurs de l'angiotensine ii,moderate,PE,"Majoration du risque d’hyperkaliémie, notamment chez le sujet âgé.",Contrôle strict de la kaliémie et de la fonction rénale pendant l’association.,90
EPLERENONE,INHIBITEURS DE L'ENZYME DE CONVERSION,eplerenone,inhibiteurs de l'enzyme de conversion,moderate,PE,"Majoration du risque d’hyperkaliémie, notamment chez le sujet âgé.",Contrôle strict de la kaliémie et de la fonction rénale pendant l’association.,90
EPLERENONE,INHIBITEURS PUISSANTS DU CYP3A4,eplerenone,inhibiteurs puissants du cyp3a4,critical,CI,"Risque d’augmentation des concentrations plasmatiques de l’éplérénone par l'inhibiteur et de ses effets indésirables, notamment l’hyperkaliémie.",,90
ERGOTAMINE,DALFOPRISTINE,ergotamine,dalfopristine,critical,CI,Ergotisme avec possibilité de nécrose des extrémités (inhibition du métabolisme hépatique de l'alcaloïde de l'ergot de seigle).,,90
ERGOTAMINE,DILTIAZEM,ergotamine,diltiazem,critical,CI,Ergotisme avec possibilité de nécrose des extrémités (inhibition du métabolisme hépatique de l'alcaloïde de l'ergot de seigle).,,90
ERGOTAMINE,EFAVIRENZ,ergotamine,efavirenz,critical,CI,Ergotisme avec possibilité de nécrose des extrémités (inhibition du métabolisme hépatique de l'alcaloïde de l'ergot de seigle).,,90
ERGOTAMINE,MACROLIDES (SAUF SPIRAMYCINE),ergotamine,macrolides (sauf spiramycine),critical,CI,Ergotisme avec possibilité de nécrose des extrémités (diminution de l'élimination hépatique de l'ergotamine).,,90
ERGOTAMINE,OXPRENOLOL,ergotamine,oxprenolol,moderate,PE,Ergotisme : quelques cas de spasme artériel avec ischémie des extrémités ont été observés (addition d'effets vasculaires).,"Surveillance clinique renforcée, en particulier pendant les premières semaines de l'association.",90
ERGOTAMINE,PROPRANOLOL,ergotamine,propranolol,moderate,PE,Ergotisme : quelques cas de spasme artériel avec ischémie des extrémités ont été observés (addition d'effets vasculaires).,"Surveillance clinique renforcée, en particulier pendant les premières semaines de l'association.",90
ERGOTAMINE,QUINUPRISTINE,ergotamine,quinupristine,critical,CI,Ergotisme avec possibilité de nécrose des extrémités (inhibition du métabolisme hépatique de l'alcaloïde de l'ergot de seigle).,,91
ERGOTAMINE,STIRIPENTOL,ergotamine,stiripentol,critical,CI,Ergotisme avec possibilité de nécrose des extrémités (inhibition de l’élimination hépatique de l'alcaloïde de l’ergot de seigle).,,91
ERGOTAMINE,TRICLABENDAZOLE,ergotamine,triclabendazole,critical,CI,Ergotisme avec possibilité de nécrose des extrémités (inhibition du métabolisme hépatique de l’alcaloïde de l’ergot de seigle).,"Respecter un délai de 24 heures entre l’arrêt du triclabendazole et l’ergotamine, et inversement.",91
ERYTHROMYCINE,AFATINIB,erythromycine,afatinib,moderate,PE,Augmentation des concentrations plasmatique d’afatinib par augmentation de son absorption par l'érythromycine.,"Il est recommandé d’administrer l'érythromycine le plus à distance possible de l’afatinib, en respectant de préférence un intervalle de 6 heures ou de 12 heures par rapport à la prise d’afatinib.",91
ERYTHROMYCINE,ALFENTANIL,erythromycine,alfentanil,moderate,PE,Augmentation de l'effet dépresseur respiratoire de l'analgésique opiacé par diminution de son métabolisme hépatique.,Adapter la posologie de l'alfentanil en cas de traitement par l'érythromycine.,91
ERYTHROMYCINE,ATORVASTATINE,erythromycine,atorvastatine,moderate,PE,"Risque majoré d'effets indésirables (concentration-dépendants) à type de rhabdomyolyse, par diminution du métabolisme hépatique de l'hypocholesterolémiant.","Utiliser des doses plus faibles d'hypocholestérolémiant. Si l'objectif thérapeutique n'est pas atteint, utiliser une autre statine non concernée par ce type d'interaction.",91
ERYTHROMYCINE,BUSPIRONE,erythromycine,buspirone,high,ASDEC,"Augmentation des concentrations plasmatiques de la buspirone par diminution de son métabolisme hépatique, avec majoration importante de la sédation.",,91
ERYTHROMYCINE,CARBAMAZEPINE,erythromycine,carbamazepine,high,ASDEC,"Augmentation des concentrations plasmatiques de carbamazépine, avec signes de surdosage, par inhibition de son métabolisme hépatique.",,91
ERYTHROMYCINE,ÉDOXABAN,erythromycine,edoxaban,moderate,PE,"Augmentation des concentrations plasmatiques de l’édoxaban, avec majoration du risque de saignement.",Réduire la dose d’édoxaban de moitié.,91
ERYTHROMYCINE,FIDAXOMICINE,erythromycine,fidaxomicine,high,ASDEC,Augmentation des concentrations plasmatiques de la fidaxomicine.,,91
ERYTHROMYCINE,GLIBENCLAMIDE,erythromycine,glibenclamide,moderate,PE,Risque d'hypoglycémie par augmentation de l’absorption et des concentrations plasmatiques de l’antidiabétique.,"Prévenir le patient, renforcer l'autosurveillance glycémique et adapter éventuellement la posologie du sulfamide hypoglycémiant pendant le traitement par l’érythromycine.",91
ERYTHROMYCINE,GLIMEPIRIDE,erythromycine,glimepiride,moderate,PE,Risque d'hypoglycémie par augmentation de l’absorption et des concentrations plasmatiques de l’antidiabétique.,"Prévenir le patient, renforcer l'autosurveillance glycémique et adapter éventuellement la posologie du sulfamide hypoglycémiant pendant le traitement par l’érythromycine.",91
ERYTHROMYCINE,IMMUNOSUPPRESSEURS,erythromycine,immunosuppresseurs,high,ASDEC,Augmentation très importante des concentrations sanguines de l'immunosuppresseur par inhibition de son métabolisme hépatique.,"En cas d’association, contrôle strict de la fonction rénale, dosage des concentrations sanguines de l'immunosuppresseur et adaptation éventuelle de la posologie.",91
ERYTHROMYCINE,NINTÉDANIB,erythromycine,nintedanib,moderate,PE,Augmentation des concentrations plasmatiques du nintédanib par augmentation de son absorption par l'érythromycine.,Surveillance clinique pendant l’association.,91
ERYTHROMYCINE,PRAVASTATINE,erythromycine,pravastatine,moderate,PE,Avec l'érythromycine utilisée par voie orale : augmentation de la concentration plasmatique de la pravastatine par l' érythromycine.,Surveillance clinique et biologique pendant le traitement par l'antibiotique.,92
ERYTHROMYCINE,TALAZOPARIB,erythromycine,talazoparib,moderate,PE,Augmentation des concentrations de talazoparib avec risque de majoration de la toxicité.,Réduire la dose de talazoparib.,92
ERYTHROMYCINE,"THÉOPHYLLINE (ET, PAR EXTRAPOLATION, AMINOPHYLLINE)",erythromycine,"theophylline (et, par extrapolation, aminophylline)",high,ASDEC,"Surdosage en théophylline par diminution de son élimination hépatique, plus particulièrement à risque chez l'enfant.",,92
ERYTHROMYCINE,VENLAFAXINE,erythromycine,venlafaxine,low,APEC,Augmentation des concentrations de venlafaxine avec risque de surdosage.,,92
ERYTHROMYCINE,VERAPAMIL,erythromycine,verapamil,moderate,PE,"Bradycardie et/ou troubles de la conduction auriculo-ventriculaire, par diminution du métabolisme hépatique du vérapamil par l'érythromycine.","Surveillance clinique et ECG ; s'il y a lieu, adaptation de la posologie du vérapamil pendant le traitement par l'érythromycine et après son arrêt.",92
ESCITALOPRAM,ESOMEPRAZOLE,escitalopram,esomeprazole,moderate,PE,"Risque majoré de troubles du rythme ventriculaire, notamment de torsades de pointes.",Surveillance clinique et électrocardiographique pendant l'association.,92
ESCITALOPRAM,OMEPRAZOLE,escitalopram,omeprazole,moderate,PE,"Risque majoré de troubles du rythme ventriculaire, notamment de torsades de pointes.",Surveillance clinique et électrocardiographique pendant l'association.,92
ESMOLOL,AMIODARONE,esmolol,amiodarone,moderate,PE,"Troubles de la contractilité, de l'automatisme et de la conduction (suppression des mécanismes sympathiques compensateurs).",Surveillance clinique et ECG.,92
ESMOLOL,ANTIARYTHMIQUES CLASSE IA,esmolol,antiarythmiques classe ia,moderate,PE,"Troubles de la contractilité, de l'automatisme et de la conduction (suppression des mécanismes sympathiques compensateurs).",Surveillance clinique et ECG.,92
ESMOLOL,DILTIAZEM,esmolol,diltiazem,high,ASDEC;PE,"Troubles de l'automatisme (bradycardie excessive, arrêt sinusal), troubles de la conduction sino-auriculaire et auriculo-ventriculaire et défaillance cardiaque.",Association déconseillée : - en cas d'altération de la fonction ventriculaire gauche. Précaution d'emploi : - si la fonction ventriculaire gauche est normale. Surveillance clinique et ECG.,92
ESMOLOL,PROPAFENONE,esmolol,propafenone,moderate,PE,"Troubles de la contractilité, de l'automatisme et de la conduction (suppression des mécanismes sympathiques compensateurs).",Surveillance clinique et ECG.,92
ESMOLOL,VERAPAMIL,esmolol,verapamil,high,ASDEC;PE,"Troubles de l'automatisme (bradycardie excessive, arrêt sinusal), troubles de la conduction sino-auriculaire et auriculo-ventriculaire et défaillance cardiaque.",Association déconseillée : - en cas d'altération de la fonction ventriculaire gauche. Précaution d'emploi : - si la fonction ventriculaire gauche est normale. Surveillance clinique et ECG.,92
ESOMEPRAZOLE,ESCITALOPRAM,esomeprazole,escitalopram,moderate,PE,"Risque majoré de troubles du rythme ventriculaire, notamment de torsades de pointes.",Surveillance clinique et électrocardiographique pendant l'association.,93
ESTRAMUSTINE,ACIDE CLODRONIQUE,estramustine,acide clodronique,moderate,PE,Risque d’augmentation des concentrations plasmatiques d’estramustine par le clodronate.,Surveillance clinique au cours de l’association.,93
ESTRAMUSTINE,CALCIUM,estramustine,calcium,moderate,PE,Diminution de l'absorption digestive de l'estramustine.,"Prendre les sels de calcium à distance de l'estramustine (plus de 2 heures, si possible).",93
ESTRAMUSTINE,INHIBITEURS DE L'ENZYME DE CONVERSION,estramustine,inhibiteurs de l'enzyme de conversion,high,ASDEC,Risque de majoration des effets indésirables à type d'oedème angio-neurotique (angio-oedème).,,93
ESTROGÈNES NON CONTRACEPTIFS,HORMONES THYROÏDIENNES,estrogenes non contraceptifs,hormones thyroidiennes,moderate,PE,Risque d'hypothyroïdie clinique en cas d'estrogénothérapie substitutive.,Surveillance clinique et biologique ; adaptation éventuelle des doses de l'hormone thyroïdienne chez les femmes ménopausées prenant des estrogènes.,93
ESTROGÈNES NON CONTRACEPTIFS,INDUCTEURS ENZYMATIQUES PUISSANTS,estrogenes non contraceptifs,inducteurs enzymatiques puissants,moderate,PE,Diminution de l'efficacité de l'estrogène.,Surveillance clinique et adaptation éventuelle de la posologie du traitement hormonal pendant l'administration de l'inducteur et après son arrêt.,93
ESTROGÈNES NON CONTRACEPTIFS,OXCARBAZEPINE,estrogenes non contraceptifs,oxcarbazepine,moderate,PE,"Risque de diminution de l'efficacité du traitement hormonal, par augmentation de son métabolisme hépatique par l'oxcarbazépine.",Surveillance clinique et adaptation éventuelle de la posologie du traitement hormonal pendant le traitement par l'oxcarbazépine et après son arrêt.,93
ESTROPROGESTATIFS CONTRACEPTIFS,APREPITANT,estroprogestatifs contraceptifs,aprepitant,moderate,PE,Diminution de l’efficacité contraceptive par augmentation du métabolisme hépatique du contraceptif hormonal par l'aprépitant.,"Utiliser une méthode additionnelle de type mécanique (préservatif) pendant la durée de l’association, et un cycle suivant l’arrêt de l’aprépitant.",93
ESTROPROGESTATIFS CONTRACEPTIFS,BOSENTAN,estroprogestatifs contraceptifs,bosentan,moderate,PE,Diminution de l’efficacité contraceptive par augmentation du métabolisme hépatique du contraceptif hormonal par le bosentan.,"Utiliser une méthode additionnelle de type mécanique (préservatif) pendant la durée de l’association, et un cycle suivant l’arrêt du bosentan.",93
ESTROPROGESTATIFS CONTRACEPTIFS,ELVITÉGRAVIR,estroprogestatifs contraceptifs,elvitegravir,moderate,PE,Diminution de l’efficacité contraceptive par augmentation du métabolisme hépatique du contraceptif hormonal par l'elvitégravir.,"Utiliser une méthode additionnelle de type mécanique (préservatif) pendant la durée de l’association, et un cycle suivant l’arrêt de l'elvitégravir.",93
ESTROPROGESTATIFS CONTRACEPTIFS,FELBAMATE,estroprogestatifs contraceptifs,felbamate,moderate,PE,"Risque de diminution de l’efficacité contraceptive, pendant le traitement et un cycle après l’arrêt du traitement par le felbamate, en raison de son potentiel inducteur enzymatique.","Utiliser une méthode additionnelle de type mécanique (préservatif) pendant la durée de l’association, et un cycle suivant l’arrêt du felbamate.",93
ESTROPROGESTATIFS CONTRACEPTIFS,GRISEOFULVINE,estroprogestatifs contraceptifs,griseofulvine,moderate,PE,Diminution de l’efficacité contraceptive par augmentation du métabolisme hépatique du contraceptif hormonal par la griséofulvine.,"Utiliser une méthode additionnelle de type mécanique (préservatif) pendant la durée de l’association, et un cycle suivant l’arrêt de de la griséofulvine.",93
ESTROPROGESTATIFS CONTRACEPTIFS,INDUCTEURS ENZYMATIQUES,estroprogestatifs contraceptifs,inducteurs enzymatiques,high,ASDEC,"Diminution de l'efficacité contraceptive, par augmentation du métabolisme hépatique du contraceptif hormonal par l'inducteur.","Utiliser une méthode additionnelle de type mécanique (préservatif) pendant la durée de l’association, et un cycle suivant l’arrêt de l’inducteur.",94
ESTROPROGESTATIFS CONTRACEPTIFS,INHIBITEURS DE PROTÉASES BOOSTÉS PAR RITONAVIR,estroprogestatifs contraceptifs,inhibiteurs de proteases boostes par ritonavir,high,ASDEC,"Risque de diminution de l'efficacité contraceptive par diminution des concentrations en contraceptif hormonal, dûe à l'augmentation de son métabolisme hépatique par le ritonavir.","Utiliser une méthode additionnelle de type mécanique (préservatif) pendant la durée de l’association, et un cycle suivant l’arrêt du ritonavir.",94
ESTROPROGESTATIFS CONTRACEPTIFS,LAMOTRIGINE,estroprogestatifs contraceptifs,lamotrigine,high,ASDEC;PE,Diminution des concentrations et de l’efficacité de la lamotrigine par augmentation de son métabolisme hépatique.,Association déconseillée: - Eviter de mettre en route une contraception orale pendant la période d'ajustement posologique de la lamotrigine. Précaution d'emploi: - Surveillance clinique et adaptation de la posologie de la lamotrigine lors de la mise en route d'une contraception orale et après son arrêt.,94
ESTROPROGESTATIFS CONTRACEPTIFS,MILLEPERTUIS,estroprogestatifs contraceptifs,millepertuis,critical,CI,"Diminution des concentrations plasmatiques du contraceptif hormonal, en raison de l'effet inducteur enzymatique du millepertuis, avec risque de baisse d'efficacité voire d'annulation de l'effet dont les conséquences peuvent être éventuellement graves (survenue d'une grossesse).",,94
ESTROPROGESTATIFS CONTRACEPTIFS,MODAFINIL,estroprogestatifs contraceptifs,modafinil,high,ASDEC,"Risque de diminution de l’efficacité contraceptive, pendant le traitement et un cycle après l’arrêt du traitement par le modafinil, en raison de son potentiel inducteur enzymatique.","Utiliser une méthode additionnelle de type mécanique (préservatif) pendant la durée de l’association, et un cycle suivant l’arrêt du modafinil.",94
ESTROPROGESTATIFS CONTRACEPTIFS,RUFINAMIDE,estroprogestatifs contraceptifs,rufinamide,moderate,PE,Diminution de l’efficacité contraceptive par augmentation du métabolisme hépatique du contraceptif hormonal par le rufinamide.,"Utiliser une méthode additionnelle de type mécanique (préservatif) pendant la durée de l’association, et un cycle suivant l’arrêt du rufinamide.",94
ESTROPROGESTATIFS CONTRACEPTIFS,TOPIRAMATE,estroprogestatifs contraceptifs,topiramate,high,ASDEC,Pour des doses de topiramate >= 200 mg/jour : Risque de diminution de l’efficacité contraceptive par diminution des concentrations en estrogène.,"Si l’association s’avère nécessaire, utiliser une méthode additionnel de type mécanique pendant la durée de l’association et un cycle suivant l’arrêt du topiramate.",94
ESTROPROGESTATIFS CONTRACEPTIFS,VÉMURAFÉNIB,estroprogestatifs contraceptifs,vemurafenib,high,ASDEC,"Risque de diminution des concentrations des estroprogestatifs, avec pour conséquence un risque d’inefficacité.",,94
ESZOPICLONE,INHIBITEURS PUISSANTS DU CYP3A4,eszopiclone,inhibiteurs puissants du cyp3a4,critical,CI;PE,Augmentation de l'effet sédatif de l’eszopiclone.,"Contre-indication - chez les patients âgés Précaution d'emploi En cas d’association chez les sujets non âgés, une réduction de la dose d’eszopiclone peut être nécessaire.",94
ESZOPICLONE,RIFAMPICINE,eszopiclone,rifampicine,moderate,PE,Risque de diminution des concentrations plasmatiques et de l'efficacité de l’eszopiclone par augmentation de son métabolisme hépatique par la rifampicine.,Surveillance clinique. Utiliser éventuellement un autre hypnotique.,94
ETANERCEPT,ANAKINRA,etanercept,anakinra,high,ASDEC,Risque accru d'infections graves et de neutropénies.,,94
ÉTELCALCÉTIDE,CINACALCET,etelcalcetide,cinacalcet,high,ASDEC,Risque d’hypocalcémie sévère.,,94
ETHINYLESTRADIOL,DASABUVIR,ethinylestradiol,dasabuvir,critical,CI,Augmentation de l’hépatotoxicité.,,95
ETHINYLESTRADIOL,GLÉCAPRÉVIR + PIBRENTASVIR,ethinylestradiol,glecaprevir + pibrentasvir,critical,CI,Augmentation de l’hépatotoxicité avec la bithérapie.,,95
ETHINYLESTRADIOL,OMBITASVIR + PARITAPRÉVIR,ethinylestradiol,ombitasvir + paritaprevir,critical,CI,Augmentation de l’hépatotoxicité.,,95
ETHOSUXIMIDE,CARBAMAZEPINE,ethosuximide,carbamazepine,moderate,PE,Diminution des concentrations plasmatiques d'éthosuximide.,"Surveillance clinique, dosage plasmatique de l'éthosuximide et augmentation éventuelle de sa posologie.",95
ETOPOSIDE,INDUCTEURS ENZYMATIQUES,etoposide,inducteurs enzymatiques,high,ASDEC,Diminution des concentrations plasmatiques d’étoposide par l’inducteur.,"Si l'association s'avère nécessaire, surveillance clinique et adaptation éventuelle de la posologie d’étoposide pendant l’association, et 1 à 2 semaines après l’arrêt de l’inducteur.",95
ETOPOSIDE,MILLEPERTUIS,etoposide,millepertuis,critical,CI,Risque de diminution des concentrations plasmatiques d’étoposide par le millepertuis.,,95
ETRAVIRINE,ATAZANAVIR,etravirine,atazanavir,high,ASDEC,Risque de diminution des concentrations plasmatiques d’atazanavir par l’étravirine.,,95
ETRAVIRINE,CLARITHROMYCINE,etravirine,clarithromycine,low,APEC,"Dans le traitement des infections à Mycobacterium avium complex, risque de diminution de l’efficacité de la clarithromycine par augmentation de son métabolisme hépatique par l’étravirine.",,95
ETRAVIRINE,COBICISTAT,etravirine,cobicistat,high,ASDEC,Risque de diminution des concentrations plasmatiques du cobicistat par l’étravirine.,,95
ETRAVIRINE,DARUNAVIR,etravirine,darunavir,high,ASDEC,Risque de diminution des concentrations plasmatiques du darunavir par l’étravirine.,,95
ETRAVIRINE,GRAZOPREVIR + ELBASVIR,etravirine,grazoprevir + elbasvir,critical,CI,Risque de diminution des concentrations plasmatiques de grazoprevir/elbasvir par l’étravirine.,,95
EVEROLIMUS,CICLOSPORINE,everolimus,ciclosporine,moderate,PE,Augmentation des concentrations sanguines de l’évérolimus par la ciclosporine. La néphrotoxicité de la ciclosporine est également augmentée lors de l’association.,"Dosage des concentrations sanguines d’évérolimus, éventuellement adaptation de la posologie et contrôle de la fonction rénale, pendant l’association et après son arrêt.",95
EVEROLIMUS,OMBITASVIR + PARITAPRÉVIR,everolimus,ombitasvir + paritaprevir,high,ASDEC,En association avec le ritonavir : augmentation significative des concentrations de l’immunosuppresseur avec risque de majoration de sa toxicité par la bithérapie.,"Si l’association s’avère nécessaire, contrôle strict de la fonction rénale, dosage des concentrations sanguines de l'immunosuppresseur et adaptation éventuelle de la posologie.",96
EVEROLIMUS,VERAPAMIL,everolimus,verapamil,moderate,PE,Augmentation des concentrations sanguines de l'évérolimus par diminution de son métabolisme hépatique par le vérapamil.,"Dosage des concentrations sanguines de l’immunosuppresseur, contrôle de la fonction rénale et adaptation de la posologie pendant l’association et après son arrêt.",96
EXEMESTANE,RIFAMPICINE,exemestane,rifampicine,low,APEC,Risque de diminution de l'efficacité de l'exemestane par augmentation de son métabolisme hépatique par l'inducteur enzymatique.,,96
EZETIMIBE,CICLOSPORINE,ezetimibe,ciclosporine,high,ASDEC,"D’une part, risque majoré d'effets indésirables (concentration- dépendants) à type de rhabdomyolyse, par augmentation des concentrations d’ézétimibe ; d’autre part, possible augmentation des concentrations de ciclosporine.",,96
EZETIMIBE,FENOFIBRATE,ezetimibe,fenofibrate,high,ASDEC,Risque de lithiase biliaire par augmentation de l’excrétion biliaire du cholestérol.,,96
FELBAMATE,CARBAMAZEPINE,felbamate,carbamazepine,moderate,PE,"Augmentation des concentrations plasmatiques du métabolite actif de la carbamazépine. De plus, diminution des concentrations plasmatiques de felbamate par augmentation de son métabolisme hépatique par la carbamazépine.","Surveillance clinique, dosages plasmatiques et adaptation éventuelle des posologies des deux anticonvulsivants.",96
FELBAMATE,ESTROPROGESTATIFS CONTRACEPTIFS,felbamate,estroprogestatifs contraceptifs,moderate,PE,"Risque de diminution de l’efficacité contraceptive, pendant le traitement et un cycle après l’arrêt du traitement par le felbamate, en raison de son potentiel inducteur enzymatique.","Utiliser une méthode additionnelle de type mécanique (préservatif) pendant la durée de l’association, et un cycle suivant l’arrêt du felbamate.",96
FELBAMATE,"PHÉNOBARBITAL (ET, PAR EXTRAPOLATION, PRIMIDONE)",felbamate,"phenobarbital (et, par extrapolation, primidone)",moderate,PE,"Diminution des concentrations plasmatiques et de l'efficacité du felbamate et augmentation des concentrations plasmatiques du phénobarbital, avec risque de surdosage.",Surveillance clinique et contrôle des concentrations plasmatiques de phénobarbital avec adaptation de la posologie si besoin.,96
FELBAMATE,"PHÉNYTOÏNE (ET, PAR EXTRAPOLATION, FOSPHÉNYTOÏNE)",felbamate,"phenytoine (et, par extrapolation, fosphenytoine)",moderate,PE,"Augmentation des concentrations plasmatiques de phénytoïne avec risque de surdosage, par inhibition de son métabolisme par le felbamate.","Surveillance clinique, contrôle des concentrations plasmatiques de phénytoïne et si besoin, adaptation de sa posologie pendant le traitement par le felbamate.",96
FELBAMATE,"VALPROÏQUE (ACIDE) ET, PAR EXTRAPOLATION, VALPROMIDE",felbamate,"valproique (acide) et, par extrapolation, valpromide",moderate,PE,"Augmentation des concentrations plasmatiques de l'acide valproïque, avec risque de surdosage.","Surveillance clinique, contrôle biologique et adaptation éventuelle de la posologie du valproate ou du valpromide pendant le traitement par le felbamate et après son arrêt.",96
FENOFIBRATE,CICLOSPORINE,fenofibrate,ciclosporine,moderate,PE,Risque d'augmentation de la néphrotoxicité de la ciclosporine.,"Surveillance clinique et biologique de la fonction rénale, pendant et après l'association.",96
FENOFIBRATE,EZETIMIBE,fenofibrate,ezetimibe,high,ASDEC,Risque de lithiase biliaire par augmentation de l’excrétion biliaire du cholestérol.,,96
FENTANYL,INDUCTEURS ENZYMATIQUES PUISSANTS,fentanyl,inducteurs enzymatiques puissants,high,ASDEC,Diminution des concentrations plasmatiques de fentanyl par augmentation de son métabolisme hépatique par l'inducteur.,Préférer un autre morphinique.,97
FENTANYL,INHIBITEURS PUISSANTS DU CYP3A4,fentanyl,inhibiteurs puissants du cyp3a4,moderate,PE,Risque d'augmentation de l’effet dépresseur respiratoire de l’analgésique opiacé par légère diminution de son métabolisme hépatique.,Surveillance clinique et adaptation éventuelle de la posologie de l’analgésique opiacé en cas de traitement par un inhibiteur puissant du CYP3A4.,97
FENTANYL,RIFAMPICINE,fentanyl,rifampicine,high,ASDEC,Diminution des concentrations plasmatiques de fentanyl par augmentation de son métabolisme hépatique par la rifampicine.,Préférer un autre morphinique.,97
FER,SELS DE FER PAR VOIE INJECTABLE,fer,sels de fer par voie injectable,high,ASDEC,"Lipothymie, voire choc attribué à la libération rapide du fer de sa forme complexe et à la saturation de la sidérophiline.",,97
FER,ACIDE ACETOHYDROXAMIQUE,fer,acide acetohydroxamique,low,APEC,Diminution de l'absorption digestive de ces deux médicaments par chélation du fer.,,97
FER,BICTÉGRAVIR,fer,bictegravir,moderate,PE,Diminution de près des deux tiers de l'absorption du bictégravir en cas d’ingestion simultanée ou à jeun.,"Prendre le bictégravir au moins 2 heures avant les sels de fer, ou en même temps qu’un repas.",97
FER,BISPHOSPHONATES,fer,bisphosphonates,moderate,PE,Pour les sels de fer administrés par voie orale : diminution de l'absorption digestive des bisphosphonates.,"Prendre les sels de fer à distance des bisphosphonates (de 30 minutes au minimum à plus de 2 heures, si possible, selon le bisphosphonate).",97
FER,CALCIUM,fer,calcium,moderate,PE,Avec les sels de fer par voie orale : diminution de l'absorption digestive des sels de fer.,Prendre les sels de fer à distance des repas et en l'absence de calcium.,97
FER,CYCLINES,fer,cyclines,moderate,PE,Diminution de l'absorption digestive des cyclines et du fer,"Prendre les sels de fer à distance des cyclines (plus de 2 heures, si possible).",97
FER,ENTACAPONE,fer,entacapone,moderate,PE,Diminution de l'absorption digestive de l'entacapone et du fer par chélation de celui-ci par l'entacapone.,Prendre les sels de fer à distance de l'entacapone (plus de 2 heures si possible).,97
FER,FLUOROQUINOLONES,fer,fluoroquinolones,moderate,PE,Diminution de l'absorption digestive des fluoroquinolones.,"Prendre les sels de fer à distance des fluoroquinolones (plus de 2 heures, si possible).",97
FER,HORMONES THYROÏDIENNES,fer,hormones thyroidiennes,moderate,PE,Diminution de l'absorption digestive des hormones thyroïdiennes.,"Prendre les hormones thyroïdiennes à distance du fer (plus de 2 heures, si possible).",97
FER,INHIBITEURS D'INTÉGRASE,fer,inhibiteurs d'integrase,moderate,PE,Diminution de l'absorption digestive des inhibiteurs d’intégrase.,"Prendre les sels de fer à distance de l’antirétroviral (plus de 2 heures, si possible).",97
FER,LEVODOPA,fer,levodopa,moderate,PE,Diminution de l'absorption digestive de la lévodopa.,Prendre les sels de fer à distance de la lévodopa (plus de 2 heures si possible).,98
FER,METHYLDOPA,fer,methyldopa,moderate,PE,Diminution de l'absorption digestive de la méthyldopa (formation de complexes).,"Prendre les sels de fer à distance de la méthyldopa (plus de deux heures, si possible).",98
FER,PENICILLAMINE,fer,penicillamine,moderate,PE,Diminution de l'absorption digestive de la pénicillamine.,"Prendre les sels de fer à distance de la pénicillamine (plus de 2 heures, si possible).",98
FER,ROXADUSTAT,fer,roxadustat,moderate,PE,"La prise de cation divalent peut diminuer l’absorption intestinale et, potentiellement, l’efficacité du roxadustat pris simultanément.","Prendre le roxadustat à distance des sels de fer (plus de 1 heure, si possible).",98
FER,STRONTIUM,fer,strontium,moderate,PE,Diminution de l'absorption digestive du strontium.,"Prendre le strontium à distance des sels de fer (plus de deux heures, si possible).",98
FER,TRIENTINE,fer,trientine,moderate,PE,Diminution des concentrations de fer sérique.,Prendre la trientine à distance des sels de fer.,98
FER,ZINC,fer,zinc,moderate,PE,Diminution de l’absorption digestive du zinc par le fer.,Prendre les sels de fer à distance du zinc (plus de 2 heures si possible).,98
FEXOFENADINE,MILLEPERTUIS,fexofenadine,millepertuis,critical,CI,Diminution des concentrations plasmatiques de la féxofénadine par le millepertuis.,,98
FIBRATES,FIBRATES (AUTRES),fibrates,fibrates (autres),critical,CI,Risque majoré d'effets indésirables à type de rhabdomyolyse et d'antagonisme pharmacodynamique entre les deux molécules.,,98
FIBRATES,ANTIVITAMINES K,fibrates,antivitamines k,moderate,PE,Augmentation de l'effet de l'antivitamine K et du risque hémorragique.,Contrôle plus fréquent de l'INR. Adaptation éventuelle de la posologie de l'antivitamine K pendant le traitement par le fibrate et 8 jours après son arrêt.,98
FIBRATES,COLCHICINE,fibrates,colchicine,moderate,PE,"Risque de majoration des effets indésirables musculaires de ces substances, et notamment de rhabdomyolyse.","Surveillance clinique et biologique, particulièrement au début de l’association.",98
FIBRATES,INHIBITEURS DE L'HMG-COA RÉDUCTASE (STATINES),fibrates,inhibiteurs de l'hmg-coa reductase (statines),critical,CI;ASDEC,"Risque d'addition d'effets indésirables (dose-dépendants) à type de rhabdomyolyse. En outre, avec le gemfibrozil, diminution du métabolisme de la simvastatine et de la rosuvastatine, ce qui majore le risque musculaire, ainsi que la néphrotoxicité de la rosuvastatine.","L'association d'un fibrate et d'une statine est au minmum déconseillée. Avec la simvastatine, ne pas dépasser 10 mg ( cette restriction de doses ne concerne pas le fénofibrate). La contre-indication s'applique : - entre le gemfibrozil et la simvastatine - pour des doses de rosuvastatine de 40 mg",98
FIDAXOMICINE,AMIODARONE,fidaxomicine,amiodarone,high,ASDEC,Augmentation des concentrations plasmatiques de la fidaxomicine.,,99
FIDAXOMICINE,CICLOSPORINE,fidaxomicine,ciclosporine,high,ASDEC,Augmentation des concentrations plasmatiques de la fidaxomicine.,,99
FIDAXOMICINE,CLARITHROMYCINE,fidaxomicine,clarithromycine,high,ASDEC,Augmentation des concentrations plasmatiques de la fidaxomicine.,,99
FIDAXOMICINE,DRONEDARONE,fidaxomicine,dronedarone,high,ASDEC,Augmentation des concentrations plasmatiques de la fidaxomicine.,,99
FIDAXOMICINE,ERYTHROMYCINE,fidaxomicine,erythromycine,high,ASDEC,Augmentation des concentrations plasmatiques de la fidaxomicine.,,99
FIDAXOMICINE,KETOCONAZOLE,fidaxomicine,ketoconazole,high,ASDEC,Augmentation des concentrations plasmatiques de la fidaxomicine.,,99
FIDAXOMICINE,VERAPAMIL,fidaxomicine,verapamil,high,ASDEC,Augmentation des concentrations plasmatiques de la fidaxomicine.,,99
FINGOLIMOD,BRADYCARDISANTS,fingolimod,bradycardisants,high,ASDEC,Potentialisation des effets bradycardisants pouvant avoir des conséquences fatales. Les bêta-bloquants sont d’autant plus à risque qu’ils empêchent les mécanismes de compensation adrénergique.,"Surveillance clinique et ECG continu pendant les 6 heures suivant la première dose voire 2 heures de plus, jusqu'au lendemain si nécessaire.",99
FLUCLOXACILLINE,PARACETAMOL,flucloxacilline,paracetamol,high,ASDEC,"Risque accru d'acidose métabolique à trou anionique élevé, notamment en cas d'insuffisance rénale sévère, de sepsis, de facteurs prédisposant à la déplétion en glutathion (malnutrition, alcoolisme chronique…), ainsi qu’en cas d’utilisation de paracétamol aux doses quotidiennes maximales.","Si l’association ne peut être évitée, surveillance étroite avec mesure de la 5-oxoproline urinaire.",99
FLUCLOXACILLINE,VORICONAZOLE,flucloxacilline,voriconazole,high,ASDEC,"Diminution des concentrations de voriconazole, avec risque d'inefficacité de l'antifongique azolé.",,99
FLUCONAZOLE,ABROCITINIB,fluconazole,abrocitinib,moderate,PE,Risque de majoration des effets indésirables de l’abrocitinib par diminution de son métabolisme.,Réduire la posologie de l’abrocitinib de moitié en cas de traitement par le fluconazole.,99
FLUCONAZOLE,ALFENTANIL,fluconazole,alfentanil,moderate,PE,Augmentation de l'effet dépresseur respiratoire de l'analgésique opiacé par diminution de son métabolisme hépatique.,Adapter la posologie de l'alfentanil en cas de traitement par le fluconazole.,99
FLUCONAZOLE,AMIODARONE,fluconazole,amiodarone,moderate,PE,Risque d’allongement de l’intervalle QT.,"Surveillance clinique, particulièrement aux fortes doses de fluconazole (800 mg/j).",99
FLUCONAZOLE,ANTIVITAMINES K,fluconazole,antivitamines k,moderate,PE,Augmentation de l'effet de l'antivitamine K et du risque hémorragique.,Contrôle plus fréquent de l'INR. Adaptation éventuelle de la posologie de l'antivitamine K pendant le traitement par le fluconazole et 8 jours après son arrêt.,100
FLUCONAZOLE,APIXABAN,fluconazole,apixaban,high,ASDEC,"Augmentation des concentrations plasmatiques de l'apixaban par le fluconazole, avec majoration du risque de saignement.",,100
FLUCONAZOLE,ATORVASTATINE,fluconazole,atorvastatine,moderate,PE,Risque majoré d'effets indésirables concentration-dépendants à type de rhabdomyolyse (diminution du métabolisme hépatique de la statine).,"Utiliser des doses plus faibles de l'hypocholestérolémiant. Si l'objectif thérapeutique n'est pas atteint, utiliser une autre statine non concernée par ce type d'interaction.",100
FLUCONAZOLE,CARBAMAZEPINE,fluconazole,carbamazepine,moderate,PE,Pour des doses de fluconazole >= 200 mg par jour : augmentation possible des effets indésirables de la carbamazépine.,"Adapter la posologie de carbamazépine, pendant et après l’arrêt du traitement antifongique.",100
FLUCONAZOLE,COLCHICINE,fluconazole,colchicine,high,ASDEC,"Augmentation des effets indésirables de la colchicine, aux conséquences potentiellement fatales.",,100
FLUCONAZOLE,DOMPERIDONE,fluconazole,domperidone,critical,CI,"Risque de troubles du rythme ventriculaire, notamment de torsades de pointes.",,100
FLUCONAZOLE,HALOFANTRINE,fluconazole,halofantrine,high,ASDEC,"Risque majoré de troubles du rythme ventriculaires, notamment de torsades de pointes.","Si cela est possible, interrompre le fluconazole. Si l'association ne peut être évitée, contrôle préalable du QT et surveillance ECG monitorée.",100
FLUCONAZOLE,IBRUTINIB,fluconazole,ibrutinib,high,ASDEC,Risque d’augmentation des concentrations plasmatiques d’ibrutinib par diminution de son métabolisme hépatique par le fluconazole.,"Si l’association ne peut être évitée, surveillance clinique étroite et réduction de la dose d’ibrutinib à 280 mg par jour pendant la durée de l’association.",100
FLUCONAZOLE,IMMUNOSUPPRESSEURS,fluconazole,immunosuppresseurs,moderate,PE,Risque d'augmentation des concentrations sanguines de l'immunosuppresseur par inhibition de son métabolisme et de la créatininémie.,"Dosage des concentrations sanguines de l'immunosuppresseur, contrôle de la fonction rénale et adaptation de sa posologie pendant l'association et après son arrêt.",100
FLUCONAZOLE,IVACAFTOR (SEUL OU ASSOCIÉ),fluconazole,ivacaftor (seul ou associe),moderate,PE,"Augmentation des concentrations d’ivacaftor, avec risque de majoration des effets indésirables.",Se référer à l'AMM pour les adaptations posologiques.,100
FLUCONAZOLE,LOSARTAN,fluconazole,losartan,low,APEC,"Risque de diminution de l’efficacité du losartan, par inhibition de la formation de son métabolite actif par le fluconazole.",,100
FLUCONAZOLE,MIDAZOLAM,fluconazole,midazolam,moderate,PE,"Augmentation des concentrations plasmatiques de midazolam par diminution de son métabolisme hépatique, avec majoration de la sédation.",Surveillance clinique et réduction de la posologie de midazolam en cas de traitement par le fluconazole.,100
FLUCONAZOLE,NEVIRAPINE,fluconazole,nevirapine,moderate,PE,Doublement des concentrations de névirapine avec risque d'augmentation de ses effets indésirables.,Surveillance clinique et adaptation éventuelle de la posologie de la névirapine.,100
FLUCONAZOLE,OLAPARIB,fluconazole,olaparib,high,ASDEC,Augmentation des concentrations plasmatiques d’olaparib par le fluconazole.,"Si l’association ne peut être évitée, limiter la dose d’olaparib à 200 mg deux fois par jour.",100
FLUCONAZOLE,OXYCODONE,fluconazole,oxycodone,high,ASDEC,"Majoration des effets indésirables, notamment respiratoires, de l’oxycodone par diminution de son métabolisme hépatique par le fluconazole.",,101
FLUCONAZOLE,"PHÉNYTOÏNE (ET, PAR EXTRAPOLATION, FOSPHÉNYTOÏNE)",fluconazole,"phenytoine (et, par extrapolation, fosphenytoine)",moderate,PE,Augmentation des concentrations plasmatiques de phénytoïne pouvant atteindre des valeurs toxiques. Mécanisme invoqué : inhibition du métabolisme hépatique de la phénytoïne.,Surveillance clinique et biologique étroite.,101
FLUCONAZOLE,PIMOZIDE,fluconazole,pimozide,critical,CI,"Risque majoré de troubles du rythme ventriculaire, notamment de torsades de pointes.",,101
FLUCONAZOLE,RIFABUTINE,fluconazole,rifabutine,moderate,PE,"Risque d'accroissement des effets indésirables de la rifabutine (uvéites), par augmentation de ses concentrations et de celles de son métabolite actif.","Surveillance clinique et biologique régulière, notamment en début d'association.",101
FLUCONAZOLE,RIFAMPICINE,fluconazole,rifampicine,high,ASDEC,Diminution des concentrations plasmatiques et de l'efficacité du fluconazole par augmentation de son métabolisme par la rifampicine.,,101
FLUCONAZOLE,RIVAROXABAN,fluconazole,rivaroxaban,high,ASDEC,"Augmentation des concentrations plasmatiques du rivaroxaban par le fluconazole, avec majoration du risque de saignement.",,101
FLUCONAZOLE,SIMVASTATINE,fluconazole,simvastatine,moderate,PE,Risque majoré d'effets indésirables concentration-dépendants à type de rhabdomyolyse (diminution du métabolisme hépatique de la simvastatine).,"Ne pas dépasser la posologie de 20 mg/j de simvastatine. Si l'objectif thérapeutique n'est pas atteint, utiliser une autre statine non concernée par ce type d’interaction.",101
FLUCONAZOLE,SULFAMIDES HYPOGLYCÉMIANTS,fluconazole,sulfamides hypoglycemiants,moderate,PE,Augmentation du temps de demi-vie du sulfamide avec survenue possible de manifestations d'hypoglycémie.,"Prévenir le patient, renforcer l'autosurveillance glycémique et adapter éventuellement la posologie du sulfamide pendant le traitement par le fluconazole.",101
FLUCONAZOLE,"THÉOPHYLLINE (ET, PAR EXTRAPOLATION, AMINOPHYLLINE)",fluconazole,"theophylline (et, par extrapolation, aminophylline)",moderate,PE,Augmentation de la théophyllinémie avec risque de surdosage (diminution de la clairance de la théophylline).,"Surveillance clinique et éventuellement de la théophyllinémie ; s'il y a lieu, adaptation de la posologie de la théophylline pendant le traitement par le fluconazole et après son arrêt.",101
FLUCONAZOLE,TOLVAPTAN,fluconazole,tolvaptan,moderate,PE,"Augmentation des concentrations de tolvaptan, avec risque de majoration importante des effets indésirables, notamment diurèse importante, déshydratation, insuffisance rénale aiguë.",Réduire la posologie de tolvaptan de moitié.,101
FLUCONAZOLE,VINCA-ALCALOÏDES CYTOTOXIQUES,fluconazole,vinca-alcaloides cytotoxiques,moderate,PE,Risque de majoration de la toxicité de l’antimitotique par diminution de son métabolisme hépatique par le fluconazole.,Surveillance clinique et biologique étroite pendant l’association.,101
FLUCYTOSINE,CYTOTOXIQUES,flucytosine,cytotoxiques,low,APEC,Risque de majoration de la toxicité hématologique,,101
FLUCYTOSINE,GANCICLOVIR,flucytosine,ganciclovir,low,APEC,Risque de majoration de la toxicité hématologique.,,101
FLUCYTOSINE,IMMUNOSUPPRESSEURS,flucytosine,immunosuppresseurs,low,APEC,Risque de majoration de la toxicité hématologique.,,101
FLUCYTOSINE,VALGANCICLOVIR,flucytosine,valganciclovir,low,APEC,Risque de majoration de la toxicité hématologique.,,102
FLUCYTOSINE,ZIDOVUDINE,flucytosine,zidovudine,moderate,PE,Augmentation de la toxicité hématologique (addition d'effets de toxicité médullaire).,Contrôle plus fréquent de l'hémogramme.,102
FLUDARABINE,PENTOSTATINE,fludarabine,pentostatine,high,ASDEC,Majoration du risque de toxicité pulmonaire pouvant être fatale.,,102
FLUOROQUINOLONES,ANTIVITAMINES K,fluoroquinolones,antivitamines k,moderate,PE,Augmentation de l'effet de l'antivitamine K et du risque hémorragique.,Contrôle plus fréquent de l'INR. Adaptation éventuelle de la posologie de l'antivitamine K pendant le traitement par la fluoroquinolone et après son arrêt.,102
FLUOROQUINOLONES,FER,fluoroquinolones,fer,moderate,PE,Diminution de l'absorption digestive des fluoroquinolones.,"Prendre les sels de fer à distance des fluoroquinolones (plus de 2 heures, si possible).",102
FLUOROQUINOLONES,GLUCOCORTICOÏDES (SAUF HYDROCORTISONE),fluoroquinolones,glucocorticoides (sauf hydrocortisone),low,APEC,"Possible majoration du risque de tendinopathie, voire de rupture tendineuse (exceptionnelle), particulièrement chez les patients recevant une corticothérapie prolongée.",,102
FLUOROQUINOLONES,MYCOPHENOLATE MOFETIL,fluoroquinolones,mycophenolate mofetil,low,APEC,"Diminution des concentrations de l’acide mycophénolique d’environ un tiers, avec risque potentiel de baisse d’efficacité.",,102
FLUOROQUINOLONES,STRONTIUM,fluoroquinolones,strontium,moderate,PE,Diminution de l'absorption digestive du strontium.,"Prendre le strontium à distance des fluoroquinolones (plus de deux heures, si possible).",102
FLUOROQUINOLONES,SUCRALFATE,fluoroquinolones,sucralfate,moderate,PE,Diminution de l'absorption digestive des fluoroquinolones.,"Prendre le sucralfate à distance des fluoroquinolones (plus de 2 heures, si possible).",102
FLUOROQUINOLONES,ZINC,fluoroquinolones,zinc,moderate,PE,Diminution de l'absorption digestive des fluoroquinolones.,"Prendre les sels de zinc à distance des fluoroquinolones (plus de 2 heures, si possible).",102
"FLUOROURACILE (ET, PAR EXTRAPOLATION, AUTRES FLUOROPYRIMIDINES)",ACIDE FOLINIQUE,"fluorouracile (et, par extrapolation, autres fluoropyrimidines)",acide folinique,low,APEC,"Potentialisation des effets, à la fois cytostatiques et indésirables, du fluoro-uracile.",,102
"FLUOROURACILE (ET, PAR EXTRAPOLATION, AUTRES FLUOROPYRIMIDINES)",ANTIVITAMINES K,"fluorouracile (et, par extrapolation, autres fluoropyrimidines)",antivitamines k,high,ASDEC,Augmentation importante de l'effet de l'antivitamine K et du risque hémorragique.,"Si elle ne peut être évitée, contrôle plus fréquent de l'INR. Adaptation de la posologie de l'antivitamine K pendant le traitement par le cytotoxique et 8 jours après son arrêt.",102
"FLUOROURACILE (ET, PAR EXTRAPOLATION, AUTRES FLUOROPYRIMIDINES)",INTERFERON ALFA,"fluorouracile (et, par extrapolation, autres fluoropyrimidines)",interferon alfa,low,APEC,Augmentation de la toxicité gastro-intestinale du fluorouracile.,,102
"FLUOROURACILE (ET, PAR EXTRAPOLATION, AUTRES FLUOROPYRIMIDINES)",METRONIDAZOLE,"fluorouracile (et, par extrapolation, autres fluoropyrimidines)",metronidazole,low,APEC,Augmentation de la toxicité du fluoro-uracile par diminution de sa clairance.,,103
"FLUOROURACILE (ET, PAR EXTRAPOLATION, AUTRES FLUOROPYRIMIDINES)",ORNIDAZOLE,"fluorouracile (et, par extrapolation, autres fluoropyrimidines)",ornidazole,low,APEC,Augmentation de la toxicité du fluoro-uracile par diminution de sa clairance.,,103
FLUOXETINE,CARBAMAZEPINE,fluoxetine,carbamazepine,moderate,PE,Augmentation des concentrations plasmatiques de carbamazépine avec signes de surdosage.,"Surveillance clinique, contrôle des concentrations plasmatiques de carbamazépine et réduction éventuelle de la posologie de la carbamazépine pendant le traitement par l'antidépresseur sérotoninergique et après son arrêt.",103
FLUOXETINE,CODEINE,fluoxetine,codeine,high,ASDEC,Diminution de l’efficacité de l’opiacé par inhibition de son métabolisme par l’inhibiteur.,,103
FLUOXETINE,MEQUITAZINE,fluoxetine,mequitazine,high,ASDEC,"Risque de majoration des effets indésirables de la méquitazine, par inhibition de son métabolisme par l’inhibiteur enzymatique.",,103
FLUOXETINE,METOPROLOL,fluoxetine,metoprolol,moderate,PE,"Risque de majoration des effets indésirables du métoprolol, avec notamment bradycardie excessive, par inhibition de son métabolisme par la fluoxétine.","Surveillance clinique accrue ; si besoin, adaptation de la posologie du métoprolol pendant la durée du traitement par la fluoxétine et après son arrêt.",103
FLUOXETINE,NEBIVOLOL,fluoxetine,nebivolol,moderate,PE,"Risque de majoration des effets indésirables du nébivolol avec notamment bradycardie excessive, par inhibition de son métabolisme par l’antidépresseur.","Surveillance clinique accrue ; si besoin, adaptation de la posologie du nébivolol pendant la durée du traitement par l’antidépresseur et après son arrêt.",103
FLUOXETINE,"PHÉNYTOÏNE (ET, PAR EXTRAPOLATION, FOSPHÉNYTOÏNE)",fluoxetine,"phenytoine (et, par extrapolation, fosphenytoine)",moderate,PE,"Augmentation des concentrations plasmatiques de phénytoïne avec signes de surdosage, par inhibition du métabolisme de la phénytoïne.","Surveillance clinique et éventuellement contrôle des concentrations plasmatiques de phénytoïne. Si besoin, adaptation posologique pendant le traitement par la fluoxétine et après son arrêt.",103
FLUOXETINE,PIMOZIDE,fluoxetine,pimozide,critical,CI,"Risque majoré de troubles du rythme ventriculaire, notamment de torsades de pointes.",,103
FLUOXETINE,RISPERIDONE,fluoxetine,risperidone,moderate,PE,"Augmentation de la fraction active de la rispéridone par diminution de son métabolisme hépatique par la fluoxétine, avec risque de majoration des effets indésirables.","Surveillance clinique et, si besoin, adaptation posologique de la rispéridone.",103
FLUOXETINE,TAMOXIFENE,fluoxetine,tamoxifene,high,ASDEC,"Baisse de l’efficacité du tamoxifène, par inhibition de la formation de son métabolite actif par la fluoxétine.",,103
FLUOXETINE,TETRABENAZINE,fluoxetine,tetrabenazine,critical,CI,Augmentation possiblement très importante de l’exposition des métabolites actifs de la tétrabénazine.,,103
FLUOXETINE,TRAMADOL,fluoxetine,tramadol,high,ASDEC,Diminution de l’efficacité de l’opiacé par inhibition de son métabolisme par l’inhibiteur.,,103
FLUVASTATINE,CICLOSPORINE,fluvastatine,ciclosporine,moderate,PE,"Augmentation modérée des concentrations de fluvastatine, avec risque musculaire non exclu.",Surveillance clinique et biologique pendant l’association.,104
FLUVOXAMINE,ABROCITINIB,fluvoxamine,abrocitinib,moderate,PE,Risque de majoration des effets indésirables de l’abrocitinib par diminution de son métabolisme.,Réduire la posologie de l’abrocitinib de moitié en cas de traitement par la fluvoxamine.,104
FLUVOXAMINE,AGOMELATINE,fluvoxamine,agomelatine,critical,CI,"Augmentation des concentrations d'agomélatine, avec risque de majoration des effets indésirables.",,104
FLUVOXAMINE,CARBAMAZEPINE,fluvoxamine,carbamazepine,moderate,PE,Augmentation des concentrations plasmatiques de carbamazépine avec signes de surdosage.,"Surveillance clinique, contrôle des concentrations plasmatiques de carbamazépine et réduction éventuelle de la posologie de la carbamazépine pendant le traitement par l'antidépresseur sérotoninergique et après son arrêt.",104
FLUVOXAMINE,CLOZAPINE,fluvoxamine,clozapine,moderate,PE,Augmentation des concentrations plasmatiques de clozapine avec signes de surdosage.,"Surveillance clinique accrue ; si besoin, adaptation de la posologie de la clozapine pendant le traitement par la fluvoxamine et après son arrêt.",104
FLUVOXAMINE,DULOXETINE,fluvoxamine,duloxetine,critical,CI,Risque d’augmentation des effets indésirables de la duloxétine par diminution de son métabolisme hépatique par la fluvoxamine.,,104
FLUVOXAMINE,LIDOCAINE,fluvoxamine,lidocaine,moderate,PE,Augmentation des concentrations plasmatiques de la lidocaïne avec possibilités d’effets indésirables neurologiques et cardiaques (diminution de la clairance hépatique de la lidocaïne).,"Surveillance clinique, ECG et éventuellement contrôle des concentrations plasmatiques de la lidocaïne pendant et après l’arrêt de l’association. Adaptation, si besoin, de la posologie de la lidocaïne.",104
FLUVOXAMINE,METHADONE,fluvoxamine,methadone,moderate,PE,"Augmentation des concentrations plasmatiques de méthadone avec surdosage et risque majoré d’allongement de l’intervalle QT et de troubles du rythme ventriculaire, notamment de torsades de pointes.","Surveillance clinique et électrocardiographique renforcée ; si besoin, adaptation de la posologie de la méthadone pendant le traitement par la fluvoxamine et après son arrêt.",104
FLUVOXAMINE,MEXILETINE,fluvoxamine,mexiletine,moderate,PE,"Risque de majoration des effets indésirables de la méxilétine, par inhibition de son métabolisme par la fluvoxamine.",Surveillance clinique et ECG. Adaptation de la posologie de la méxilétine pendant le traitement par la fluvoxamine et après son arrêt.,104
FLUVOXAMINE,OLANZAPINE,fluvoxamine,olanzapine,moderate,PE,"Augmentation des concentrations de l’olanzapine, avec risque de majoration des effets indésirables, par diminution de son métabolisme hépatique par la fluvoxamine.",Surveillance clinique et réduction éventuelle de la posologie de l’olanzapine pendant le traitement par fluvoxamine.,104
FLUVOXAMINE,"PHÉNYTOÏNE (ET, PAR EXTRAPOLATION, FOSPHÉNYTOÏNE)",fluvoxamine,"phenytoine (et, par extrapolation, fosphenytoine)",moderate,PE,"Augmentation des concentrations plasmatiques de phénytoïne avec signes de surdosage, par inhibition du métabolisme hépatique de la phénytoïne.","Surveillance clinique et éventuellement contröle des concentrations plamatiques de phénytoïne. Si besoin, adaptation posologique de la phénytoïne pendant le traitement par la fluvoxamine et après son arrët.",104
FLUVOXAMINE,PIRFENIDONE,fluvoxamine,pirfenidone,critical,CI,Augmentation des concentrations plasmatiques de pirfenidone avec signes de surdosage.,,104
FLUVOXAMINE,PROPRANOLOL,fluvoxamine,propranolol,moderate,PE,"Augmentation des concentrations plasmatiques de propranolol par inhibition de son métabolisme hépatique, avec majoration de l'activité et des effets indésirables, par exemple : bradycardie importante.","Surveillance clinique accrue et, si besoin, adaptation de la posologie du propranolol pendant le traitement par la fluvoxamine et après son arrêt.",104
FLUVOXAMINE,ROPINIROLE,fluvoxamine,ropinirole,moderate,PE,"Augmentation des concentrations de ropinirole, avec risque de surdosage, par diminution de son métabolisme hépatique par la fluvoxamine.",Surveillance clinique et réduction de la posologie du ropinirole pendant le traitement par fluvoxamine et après son arrêt.,105
FLUVOXAMINE,"THÉOPHYLLINE (ET, PAR EXTRAPOLATION, AMINOPHYLLINE)",fluvoxamine,"theophylline (et, par extrapolation, aminophylline)",moderate,PE,Augmentation de la théophyllinémie avec signes de surdosage (diminution du métabolisme hépatique de la théophylline).,"Surveillance clinique et éventuellement de la théophyllinémie ; si besoin, adaptation de la posologie de la théophylline pendant le traitement par la fluvoxamine et après son arrêt.",105
FOLATES,"PHÉNOBARBITAL (ET, PAR EXTRAPOLATION, PRIMIDONE)",folates,"phenobarbital (et, par extrapolation, primidone)",moderate,PE,"Diminution des concentrations plasmatiques du phénobarbital, par augmentation de son métabolisme dont les folates représentent un des cofacteurs.","Surveillance clinique, contrôle des concentrations plasmatiques, et adaptation, s'il y a lieu, de la posologie du phénobarbital pendant la supplémentation folique et après son arrêt.",105
FOLATES,"PHÉNYTOÏNE (ET, PAR EXTRAPOLATION, FOSPHÉNYTOÏNE)",folates,"phenytoine (et, par extrapolation, fosphenytoine)",moderate,PE,Diminution des concentrations plasmatiques de phénytoïne par augmentation de son métabolisme dont les folates représentent un des cofacteurs.,Surveillance clinique et contrôle des concentrations plasmatiques de phénytoïne. Adaptation éventuelle de la posologie de la phénytoïne pendant la supplémentation folique et après son arrêt.,105
FOSAMPRENAVIR,EFAVIRENZ,fosamprenavir,efavirenz,moderate,PE,Risque de baisse de l'efficacité de l'amprénavir.,"Surveillance clinique et biologique régulière, notamment en début d'association.",105
FOSAMPRENAVIR,MARAVIROC,fosamprenavir,maraviroc,high,ASDEC,Diminution significative des concentrations d’amprénavir pouvant conduire à une perte de la réponse virologique.,,105
FOSAMPRENAVIR,NEVIRAPINE,fosamprenavir,nevirapine,moderate,PE,Risque de baisse de l'efficacité de l'amprénavir.,"Surveillance clinique et biologique régulière, notamment en début d'association.",105
FOSCARNET,PENTAMIDINE,foscarnet,pentamidine,moderate,PE,Risque d'hypocalcémie sévère.,Surveillance de la calcémie et supplémentation si nécessaire.,105
FOSTAMATINIB,ROSUVASTATINE,fostamatinib,rosuvastatine,moderate,PE,Doublement moyen des concentrations plasmatiques de la rosuvastatine.,"Surveillance clinique et biologique, avec adaptation de la posologie de rosuvastatine si nécessaire.",105
FOSTEMSAVIR,INDUCTEURS ENZYMATIQUES,fostemsavir,inducteurs enzymatiques,critical,CI;APEC,"Diminution significative des concentrations de fotemsavir avec la rifampicine, avec risque de réduction de la réponse virologique.","Contre-indication : - avec la rifampicine, la carbamazépine, la phénytoïne, l’enzalutamide A prendre en compte : - avec les autres inducteurs",105
FOSTEMSAVIR,MILLEPERTUIS,fostemsavir,millepertuis,critical,CI,"Risque de diminution significative des concentrations de fostemsavir avec le millepertuis, avec réduction de la réponse virologique.",,105
FOSTEMSAVIR,MITOTANE,fostemsavir,mitotane,critical,CI,"Diminution significative des concentrations de fostemsavir avec la rifampicine, avec risque de réduction de la réponse virologique. Éventualité non exclue avec le mitotane.",,106
FOSTEMSAVIR,ROSUVASTATINE,fostemsavir,rosuvastatine,moderate,PE,Augmentation modérée des concentrations de rosuvastatine.,Débuter par la dose minimale de rosuvastatine. Surveillance clinique régulière.,106
FOTEMUSTINE,DACARBAZINE,fotemustine,dacarbazine,moderate,PE,Avec la dacarbazine à doses élevées : risque de toxicité pulmonaire (syndrome de détresse respiratoire aiguë de l'adulte).,Ne pas utiliser simultanément mais respecter un délai d'une semaine entre la dernière administration de fotémustine et le premier jour de la cure de dacarbazine.,106
FUROSEMIDE,"PHÉNYTOÏNE (ET, PAR EXTRAPOLATION, FOSPHÉNYTOÏNE)",furosemide,"phenytoine (et, par extrapolation, fosphenytoine)",moderate,PE,Diminution de l'effet diurétique pouvant atteindre 50 %.,Utiliser éventuellement des doses plus élevées de furosémide.,106
GANCICLOVIR,DIDANOSINE,ganciclovir,didanosine,high,ASDEC,"Risque d'augmentation des effets indésirables de la didanosine, et notamment la toxicité mitochondriale, par augmentation importante de ses concentrations. De plus risque de diminution de l'efficacité du ganciclovir par diminution de ses concentrations, si les deux médicaments sont ingérés à moins de 2 heures d'intervalle.",,106
GANCICLOVIR,FLUCYTOSINE,ganciclovir,flucytosine,low,APEC,Risque de majoration de la toxicité hématologique.,,106
GANCICLOVIR,MARIBAVIR,ganciclovir,maribavir,critical,CI,Antagonisme de la phosporylation et donc de l'effet pharmacologique du ganciclovir par le maribavir.,,106
GANCICLOVIR,ZIDOVUDINE,ganciclovir,zidovudine,moderate,PE,Augmentation de la toxicité hématologique (addition d'effets de toxicité médullaire).,"Arrêter de façon transitoire la zidovudine ; contrôler la NFS et réintroduire, si possible, la zidovudine à doses faibles.",106
GEMFIBROZIL,DASABUVIR,gemfibrozil,dasabuvir,critical,CI,Risque d’augmentation des concentrations plasmatiques du dasabuvir par le gemfibrozil.,,106
GEMFIBROZIL,ENZALUTAMIDE,gemfibrozil,enzalutamide,moderate,PE,Majoration de la fraction active de l’enzalutamide.,Réduire la dose d’enzalutamide de moitié en cas d’association au gemfibrozil.,106
GEMFIBROZIL,OZANIMOD,gemfibrozil,ozanimod,low,APEC,Augmentation des concentrations des métabolites actifs de l’onazimod.,,106
GEMFIBROZIL,PACLITAXEL,gemfibrozil,paclitaxel,moderate,PE,Risque d’augmentation des concentrations plasmatiques du paclitaxel par inhibition de son métabolisme hépatique par le gemfibrozil.,Surveillance clinique et biologique étroite et adaptation de la posologie du paclitaxel pendant l’association.,106
GEMFIBROZIL,REPAGLINIDE,gemfibrozil,repaglinide,critical,CI,"Risque d'hypoglycémie sévère voire de coma, par augmentation importante des concentrations plasmatiques de repaglinide par le gemfibrozil.",,107
GEMFIBROZIL,ROXADUSTAT,gemfibrozil,roxadustat,moderate,PE,"Augmentation de l’exposition du roxadustat, par diminution de son métabolisme par le gemfibrozil.",Surveillance clinique et biologique (hémoglobine).,107
GEMFIBROZIL,SELEXIPAG,gemfibrozil,selexipag,critical,CI,Risque d’augmentation des effets indésirables du sélexipag par diminution de son métabolisme.,,107
GEMFIBROZIL,TUCATINIB,gemfibrozil,tucatinib,high,ASDEC,Augmentation importante des concentrations de tucatinib par diminution de son métabolisme par le gemfibrozil.,,107
GILTÉRITINIB,MILLEPERTUIS,gilteritinib,millepertuis,critical,CI,Diminution des concentrations plasmatiques de gilteritinib avec risque de perte d’efficacité.,,107
GINKGO,EFAVIRENZ,ginkgo,efavirenz,high,ASDEC,Risque de moindre efficacité de l'éfavirenz.,,107
GIVOSIRAN,THEOPHYLLINE,givosiran,theophylline,moderate,PE,Risque d’augmentation de la théophyllinémie avec signes de surdosage par diminution de son métabolisme hépatique.,Surveillance clinique et éventuellement de la théophyllinémie.,107
GLASDÉGIB,INDUCTEURS ENZYMATIQUES,glasdegib,inducteurs enzymatiques,high,ASDEC;PE,"Diminution, éventuellement importante selon l'inducteur, des concentrations de glasdégib par augmentation de son métabolisme, avec risque d'inefficacité.","Association déconseillée - avec la rifampicine - avec les anticonvulsivants inducteurs enzymatiques (carbamazépine, phénytoïne, phénobarbital…) Précaution d'emploi - avec les autres inducteurs - si l’association ne peut être évitée, augmenter la dose de glasdégib.",107
GLASDÉGIB,INHIBITEURS PUISSANTS DU CYP3A4,glasdegib,inhibiteurs puissants du cyp3a4,high,ASDEC,Risque de majoration des effets indésirables du glasdégib par diminution de son métabolisme.,"Si l’association ne peut être évitée, surveillance clinique étroite.",107
GLASDÉGIB,SUBSTANCES SUSCEPTIBLES DE DONNER DES TORSADES DE POINTES,glasdegib,substances susceptibles de donner des torsades de pointes,moderate,PE,"Risque majoré de troubles du rythme ventriculaire, notamment de torsades de pointes.",Surveillance clinique et électrocardiographique pendant l'association.,107
GLÉCAPRÉVIR + PIBRENTASVIR,ATAZANAVIR,glecaprevir + pibrentasvir,atazanavir,critical,CI,Augmentation de l’hépatotoxicité avec la bithérapie.,,107
GLÉCAPRÉVIR + PIBRENTASVIR,ATORVASTATINE,glecaprevir + pibrentasvir,atorvastatine,critical,CI,"Augmentation importante des concentrations plasmatiques d’atorvastatine par la bithérapie, avec risque majoré d’effets indésirables (concentration-dépendants) à type de rhabdomyolyses.",,107
GLÉCAPRÉVIR + PIBRENTASVIR,DABIGATRAN,glecaprevir + pibrentasvir,dabigatran,critical,CI,"Doublement des concentrations plasmatiques de dabigatran, avec majoration du risque de saignements.",,108
GLÉCAPRÉVIR + PIBRENTASVIR,DIGOXINE,glecaprevir + pibrentasvir,digoxine,moderate,PE,Augmentation des concentrations plasmatiques de la digoxine par la bithérapie.,Surveillance clinique et éventuellement de la digoxinémie pendant le traitement par glécaprévir/ pibrentasvir.,108
GLÉCAPRÉVIR + PIBRENTASVIR,ETHINYLESTRADIOL,glecaprevir + pibrentasvir,ethinylestradiol,critical,CI,Augmentation de l’hépatotoxicité avec la bithérapie.,,108
GLÉCAPRÉVIR + PIBRENTASVIR,MILLEPERTUIS,glecaprevir + pibrentasvir,millepertuis,critical,CI,Diminution des concentrations plasmatiques de la bithérapie par augmentation de son métabolisme par le millepertuis.,,108
GLÉCAPRÉVIR + PIBRENTASVIR,SIMVASTATINE,glecaprevir + pibrentasvir,simvastatine,critical,CI,"Augmentation importante des concentrations plasmatiques de simvastatine par la bithérapie, avec risque majoré d’effets indésirables (concentration-dépendants) à type de rhabdomyolyses",.,108
GLIBENCLAMIDE,BOSENTAN,glibenclamide,bosentan,moderate,PE,"Risque de moindre efficacité du glibenclamide par diminution de ses concentrations plasmatiques, en raison de l'effet inducteur du bosentan. Par ailleurs, des cas d'hépatotoxicité ont été rapportés lors de l'association.","Surveillance de la glycémie, adaptation du traitement si besoin, et surveillance des constantes biologiques hépatiques.",108
GLIBENCLAMIDE,ERYTHROMYCINE,glibenclamide,erythromycine,moderate,PE,Risque d'hypoglycémie par augmentation de l’absorption et des concentrations plasmatiques de l’antidiabétique.,"Prévenir le patient, renforcer l'autosurveillance glycémique et adapter éventuellement la posologie du sulfamide hypoglycémiant pendant le traitement par l’érythromycine.",108
GLIMEPIRIDE,ERYTHROMYCINE,glimepiride,erythromycine,moderate,PE,Risque d'hypoglycémie par augmentation de l’absorption et des concentrations plasmatiques de l’antidiabétique.,"Prévenir le patient, renforcer l'autosurveillance glycémique et adapter éventuellement la posologie du sulfamide hypoglycémiant pendant le traitement par l’érythromycine.",108
GLINIDES,BÊTA-BLOQUANTS (SAUF ESMOLOL) (Y COMPRIS COLLYRES),glinides,beta-bloquants (sauf esmolol) (y compris collyres),moderate,PE,Tous les bêta-bloquants peuvent masquer certains symptômes de l'hypoglycémie : palpitations et tachycardie.,"Prévenir le patient et renforcer, surtout en début de traitement, l'autosurveillance glycémique.",108
GLINIDES,BÊTA-BLOQUANTS DANS L'INSUFFISANCE CARDIAQUE,glinides,beta-bloquants dans l'insuffisance cardiaque,moderate,PE,Tous les bêtabloquants peuvent masquer certains symptômes de l'hypoglycémie : palpitations et tachycardie.,"Prévenir le patient et renforcer, surtout en début de traitement, l'autosurveillance glycémique.",108
GLIPIZIDE,VORICONAZOLE,glipizide,voriconazole,moderate,PE,Risque d’augmentation des concentrations plasmatiques du glipizide à l’origine d’hypoglycémies potentiellement sévères.,"Prévenir le patient, renforcer l'autosurveillance glycémique et adapter éventuellement la posologie du sulfamide pendant et après le traitement par voriconazole.",108
GLIPTINES,BÊTA-BLOQUANTS (SAUF ESMOLOL) (Y COMPRIS COLLYRES),gliptines,beta-bloquants (sauf esmolol) (y compris collyres),moderate,PE,Tous les bêtabloquants peuvent masquer certains symptômes de l'hypoglycémie : palpitations et tachycardie.,"Prévenir le patient et renforcer, surtout en début de traitement, l'autosurveillance glycémique.",108
GLIPTINES,INHIBITEURS DE L'ENZYME DE CONVERSION,gliptines,inhibiteurs de l'enzyme de conversion,low,APEC,Risque de majoration de la survenue d'un angio-œdème d'origine bradykinique pouvant être fatal.,,109
GLIPTINES,INHIBITEURS DE L'HMG-COA RÉDUCTASE (STATINES),gliptines,inhibiteurs de l'hmg-coa reductase (statines),moderate,PE,"Possibilité de survenue d’effets indésirables musculaires à l’introduction d’une gliptine, malgré le traitement antérieur par statine bien toléré.",Le contrôle régulier de la fonction rénale et le strict respect des doses sont impératifs.,109
GLOBULINES ANTILYMPHOCYTAIRES,IMMUNOSUPPRESSEURS,globulines antilymphocytaires,immunosuppresseurs,low,APEC,Immunodépression excessive avec risque de lymphoprolifération.,,109
GLOBULINES ANTILYMPHOCYTAIRES,VACCINS VIVANTS ATTÉNUÉS,globulines antilymphocytaires,vaccins vivants attenues,low,APEC,Risque de maladie généralisée éventuellement mortelle. Ce risque est majoré chez les sujets âgés déjà immunodéprimés par la maladie sous-jacente.,"En particulier, utiliser un vaccin inactivé lorsqu'il existe (poliomyélite).",109
GLUCOCORTICOÏDES (SAUF HYDROCORTISONE),ACIDE ACETYLSALICYLIQUE,glucocorticoides (sauf hydrocortisone),acide acetylsalicylique,high,ASDEC;APEC,Majoration du risque hémorragique.,Association déconseillée avec : - des doses anti-inflammatoires d'acide acétylsalicylique (>=1g par prise et/ou >=3g par jour) A prendre en compte avec : - des doses antalgiques ou antipyrétiques (>=500 mg par prise et/ou <3g par jour).,109
GLUCOCORTICOÏDES (SAUF HYDROCORTISONE),ANTICOAGULANTS ORAUX,glucocorticoides (sauf hydrocortisone),anticoagulants oraux,moderate,PE,"Glucocorticoïdes (voies générale et rectale) : impact éventuel de la corticothérapie sur le métabolisme de l'antivitamine K et sur celui des facteurs de la coagulation. Risque hémorragique propre à la corticothérapie (muqueuse digestive, fragilité vasculaire) à fortes doses ou en traitement prolongé supérieur à 10 jours.","Lorsque l'association est justifiée, renforcer la surveillance : le cas échéant, avec les antivitamines K, contrôle biologique au 8e jour, puis tous les 15 jours pendant la corticothérapie et après son arrêt.",109
GLUCOCORTICOÏDES (SAUF HYDROCORTISONE),ANTI-INFLAMMATOIRES NON STÉROÏDIENS,glucocorticoides (sauf hydrocortisone),anti-inflammatoires non steroidiens,low,APEC,Augmentation du risque d’ulcération et d’hémorragie gastro- intestinale.,,109
GLUCOCORTICOÏDES (SAUF HYDROCORTISONE),COBIMÉTINIB,glucocorticoides (sauf hydrocortisone),cobimetinib,moderate,PE,Augmentation du risque hémorragique.,Surveillance clinique.,109
GLUCOCORTICOÏDES (SAUF HYDROCORTISONE),CURARES NON DÉPOLARISANTS,glucocorticoides (sauf hydrocortisone),curares non depolarisants,low,APEC,"Avec les glucocorticoïdes par voie IV : risque de myopathie sévère, réversible après un délai éventuellement long (plusieurs mois).",,109
GLUCOCORTICOÏDES (SAUF HYDROCORTISONE),FLUOROQUINOLONES,glucocorticoides (sauf hydrocortisone),fluoroquinolones,low,APEC,"Possible majoration du risque de tendinopathie, voire de rupture tendineuse (exceptionnelle), particulièrement chez les patients recevant une corticothérapie prolongée.",,109
GLUCOCORTICOÏDES (SAUF HYDROCORTISONE),HÉPARINES,glucocorticoides (sauf hydrocortisone),heparines,low,APEC,Augmentation du risque hémorragique.,,109
GLUCOCORTICOÏDES (SAUF HYDROCORTISONE),INDUCTEURS ENZYMATIQUES,glucocorticoides (sauf hydrocortisone),inducteurs enzymatiques,moderate,PE,Diminution des concentrations plasmatiques et de l'efficacité des corticoïdes par augmentation de leur métabolisme hépatique par l'inducteur ; les conséquences sont particulièrement importantes chez les addisoniens traités par l'hydrocortisone et en cas de transplantation.,Surveillance clinique et biologique ; adaptation de la posologie des corticoïdes pendant le traitement par l'inducteur et après son arrêt.,109
GLUCOCORTICOÏDES (SAUF HYDROCORTISONE),ISONIAZIDE,glucocorticoides (sauf hydrocortisone),isoniazide,moderate,PE,Décrit pour la prednisolone. Diminution des concentrations plasmatiques de l'isoniazide. Mécanisme invoqué : augmentation du métabolisme hépatique de l'isoniazide et diminution de celui des glucocorticoïdes.,Surveillance clinique et biologique.,110
GLUCOCORTICOÏDES (SAUF HYDROCORTISONE),VACCINS VIVANTS ATTÉNUÉS,glucocorticoides (sauf hydrocortisone),vaccins vivants attenues,critical,CI,"A l'exception des voies inhalées et locales, et pour des posologies supérieures à 10 mg/j d’équivalent-prednisone (ou > 2 mg/kg/j chez l’enfant ou > 20 mg/j chez l’enfant de plus de 10 kg) pendant plus de deux semaines et pour les « bolus » de corticoïdes: risque de maladie vaccinale généralisée éventuellement mortelle.",Et pendant les 3 mois suivant l'arrêt de la corticothérapie.,110
GLUCOCORTICOÏDES PAR VOIE INTRA-ARTICULAIRE ET MÉTABOLISÉS,COBICISTAT,glucocorticoides par voie intra-articulaire et metabolises,cobicistat,moderate,PE,"Décrit chez des patients HIV. Risque d’insuffisance surrénale aiguë, même en cas d’injection unique. L’articulation peut constituer un réservoir relarguant de façon continue le corticoïde CYP3A4-dépendant dans la circulation générale, avec augmentation possiblement très importante des concentrations du corticoïde, à l’origine d’une freination de la réponse hypothalamo- hypophysaire.",Préférer un corticoïde non CYP3A4-dépendant (hydrocortisone).,110
GLUCOCORTICOÏDES PAR VOIE INTRA-ARTICULAIRE ET MÉTABOLISÉS,RITONAVIR,glucocorticoides par voie intra-articulaire et metabolises,ritonavir,moderate,PE,"Décrit chez des patients HIV. Risque d’insuffisance surrénale aiguë, même en cas d’injection unique. L’articulation peut constituer un réservoir relarguant de façon continue le corticoïde CYP3A4-dépendant dans la circulation générale, avec augmentation possiblement très importante des concentrations du corticoïde, à l’origine d’une freination de la réponse hypothalamo-hypophysaire.",Préférer un corticoïde non CYP3A4-dépendant (hydrocortisone).,110
GLUCOSAMINE,ANTIVITAMINES K,glucosamine,antivitamines k,moderate,PE,Augmentation du risque hémorragique.,Contrôle plus fréquent de l’INR. Adapation éventuelle de la posologie de l’antivitamine K.,110
GLYCEROL,LITHIUM,glycerol,lithium,moderate,PE,Diminution de la lithémie avec risque de baisse de l’efficacité thérapeutique.,Surveillance stricte de la lithémie et adaptation éventuelle de la posologie du lithium.,110
GRAZOPREVIR + ELBASVIR,CICLOSPORINE,grazoprevir + elbasvir,ciclosporine,critical,CI,Augmentation des concentrations de grazoprévir et d’elbasvir.,,110
GRAZOPREVIR + ELBASVIR,ETRAVIRINE,grazoprevir + elbasvir,etravirine,critical,CI,Risque de diminution des concentrations plasmatiques de grazoprevir/elbasvir par l’étravirine.,,110
GRAZOPREVIR + ELBASVIR,INDUCTEURS ENZYMATIQUES,grazoprevir + elbasvir,inducteurs enzymatiques,critical,CI,"Risque de diminution des concentrations de grazoprévir et d’elbasvir par l’inducteur, avec possible retentissement sur l’efficacité.",,110
GRAZOPREVIR + ELBASVIR,INHIBITEURS DE L'HMG-COA RÉDUCTASE (STATINES),grazoprevir + elbasvir,inhibiteurs de l'hmg-coa reductase (statines),moderate,PE,Augmentation des concentrations plasmatiques de l’hypochlestérolémiant par augmentation de son absorption intestinale.,Surveillance clinique et biologique pendant l’association. La dose de statine ne doit pas dépasser 20 mg par jour (10 mg avec la rosuvastatine).,110
GRAZOPREVIR + ELBASVIR,INHIBITEURS PUISSANTS DU CYP3A4,grazoprevir + elbasvir,inhibiteurs puissants du cyp3a4,critical,CI;ASDEC,Augmentation des concentrations plasmatiques de grazoprévir et d’elbasvir.,Contre-indication - avec le ritonavir et le cobicistat Association déconseillée - avec les autres inhibiteurs du CYP3A4,110
GRAZOPREVIR + ELBASVIR,SUNITINIB,grazoprevir + elbasvir,sunitinib,high,ASDEC,Risque d’augmentation des effets indésirables du sunitinib par le grazoprévir/elbasvir.,"Si l’association ne peut être évitée, surveillance clinique étroite.",111
GRAZOPREVIR + ELBASVIR,TACROLIMUS,grazoprevir + elbasvir,tacrolimus,moderate,PE,Augmentation des concentrations plasmatiques de tacrolimus par inhibition de son métabolisme hépatique.,Surveillance clinique et biologique étroite.,111
GRISEOFULVINE,ESTROPROGESTATIFS CONTRACEPTIFS,griseofulvine,estroprogestatifs contraceptifs,moderate,PE,Diminution de l’efficacité contraceptive par augmentation du métabolisme hépatique du contraceptif hormonal par la griséofulvine.,"Utiliser une méthode additionnelle de type mécanique (préservatif) pendant la durée de l’association, et un cycle suivant l’arrêt de de la griséofulvine.",111
GRISEOFULVINE,PROGESTATIFS CONTRACEPTIFS,griseofulvine,progestatifs contraceptifs,moderate,PE,Risque de diminution de l'efficacité du contraceptif hormonal par augmentation de son métabolisme hépatique.,"Utiliser une méthode contraceptive fiable, additionnelle ou alternative, pendant la durée de l'association et un cycle suivant.",111
GUANETHIDINE,IMAO IRRÉVERSIBLES,guanethidine,imao irreversibles,critical,CI,"Avec la guanéthidine utilisée par voie IV : risque de réactions vasculaires imprévisibles, notamment d'hypotension.",Interrompre le traitement par IMAO 15 jours avant le traitement par guanéthidine.,111
CYP3A4,FLUCONAZOLE,cyp3a4,fluconazole,high,ASDEC,"Risque majoré de troubles du rythme ventriculaires, notamment de torsades de pointes.","Si cela est possible, interrompre le fluconazole. Si l'association ne peut être évitée, contrôle préalable du QT et surveillance ECG monitorée.",111
CYP3A4,INHIBITEURS PUISSANTS DU CYP3A4,cyp3a4,inhibiteurs puissants du cyp3a4,high,ASDEC,"Risque majoré de troubles du rythme ventriculaires, notamment de torsades de pointes.","Si cela est possible, interrompre l'inhibiteur. Si l'association ne peut être évitée, contrôle préalable du QT et surveillance ECG monitorée.",111
CYP3A4,JOSAMYCINE,cyp3a4,josamycine,high,ASDEC,"Risque majoré de troubles du rythme ventriculaire, notamment de torsades de pointes.","Si cela est possible, interrompre le macrolide. Si l’association ne peut être évitée, contrôle préalable du QT et surveillance ECG monitorée.",111
CYP3A4,PAMPLEMOUSSE (JUS ET FRUIT),cyp3a4,pamplemousse (jus et fruit),high,ASDEC,"Risque majoré de troubles du rythme ventriculaire, notamment de torsades de pointes.",,111
CYP3A4,STIRIPENTOL,cyp3a4,stiripentol,high,ASDEC,"Risque majoré de troubles du rythme ventriculaire, notamment de torsades de pointes.",,111
HALOPERIDOL,INDUCTEURS ENZYMATIQUES PUISSANTS,haloperidol,inducteurs enzymatiques puissants,moderate,PE,Risque de moindre efficacité de l'halopéridol par augmentation de son métabolisme hépatique par l'inducteur.,"Surveillance clinique et, si besoin, adaptation posologique pendant le traitement par l'halopéridol et après son arrêt.",111
HALOPERIDOL,RIFAMPICINE,haloperidol,rifampicine,moderate,PE,"Risque de diminution des concentrations plasmatiques de l'halopéridol et de son efficacité thérapeutique, par augmentation de son métabolisme hépatique par la rifampicine.","Surveillance clinique et, si besoin, adaptation posologique pendant le traitement par la rifampicine et après son arrêt.",111
HALOTHANE,BÊTA-2 MIMÉTIQUES,halothane,beta-2 mimetiques,high,ASDEC,"En cas d'intervention obstétricale, majoration de l'inertie utérine avec risque hémorragique ; par ailleurs, troubles du rythme ventriculaires graves, par augmentation de la réactivité cardiaque.",Interrompre le traitement par bêta-2 mimétiques si l'anesthésie doit se faire sous halothane.,112
HALOTHANE,"THÉOPHYLLINE (ET, PAR EXTRAPOLATION, AMINOPHYLLINE)",halothane,"theophylline (et, par extrapolation, aminophylline)",high,ASDEC,Troubles du rythme ventriculaire graves par augmentation de l'excitabilité cardiaque.,,112
HÉPARINES,ANTIAGRÉGANTS PLAQUETTAIRES,heparines,antiagregants plaquettaires,low,APEC,Augmentation du risque hémorragique.,,112
HÉPARINES,ANTICOAGULANTS ORAUX,heparines,anticoagulants oraux,critical,CI;PE,Augmentation du risque hémorragique.,"Les anticoagulants oraux d'action directe ne doivent pas être administrés conjointement à l'héparine. Lors du relais de l'un par l'autre, respecter l'intervalle entre les prises. Lors du relais héparine/antivitamine K (nécessitant plusieurs jours), renforcer la surveillance clinique et biologique.",112
HÉPARINES,COBIMÉTINIB,heparines,cobimetinib,moderate,PE,Augmentation du risque hémorragique.,Surveillance clinique.,112
HÉPARINES,DÉFIBROTIDE,heparines,defibrotide,high,ASDEC,Risque hémorragique accru.,,112
HÉPARINES,GLUCOCORTICOÏDES (SAUF HYDROCORTISONE),heparines,glucocorticoides (sauf hydrocortisone),low,APEC,Augmentation du risque hémorragique.,,112
HÉPARINES (DOSES CURATIVES ET/OU SUJET ÂGÉ),ACIDE ACETYLSALICYLIQUE,heparines (doses curatives et/ou sujet age),acide acetylsalicylique,high,ASDEC;APEC,Augmentation du risque hémorragique (inhibition de la fonction plaquettaire et agression de la muqueuse gastroduodénale par l’acide acétylsalicylique.,Association déconseillée avec : - des doses anti-inflammatoires d'acide acétylsalicylique (>=1g par prise et/ou >=3g par jour) - des doses antalgiques ou antipyrétiques (>=500 mg par prise et/ou <3g par jour) Utiliser un autre anti-inflammatoire ou un autre antalgique ou antipyrétique. A prendre en compte avec : - des doses antiagrégantes (de 50 mg à 375 mg par jour).,112
HÉPARINES (DOSES CURATIVES ET/OU SUJET ÂGÉ),ANTI-INFLAMMATOIRES NON STÉROÏDIENS,heparines (doses curatives et/ou sujet age),anti-inflammatoires non steroidiens,high,ASDEC,Augmentation du risque hémorragique (agression de la muqueuse gastroduodénale par les anti-inflammatoires non stéroïdiens).,"Si l'association ne peut être évitée, surveillance clinique étroite.",112
HÉPARINES (DOSES CURATIVES ET/OU SUJET ÂGÉ),DEXTRAN,heparines (doses curatives et/ou sujet age),dextran,high,ASDEC,Augmentation du risque hémorragique (inhibition de la fonction plaquettaire par le dextran 40).,,112
HÉPARINES (DOSES CURATIVES ET/OU SUJET ÂGÉ),THROMBOLYTIQUES,heparines (doses curatives et/ou sujet age),thrombolytiques,low,APEC,Augmentation du risque hémorragique.,,112
HÉPARINES (DOSES PRÉVENTIVES),ACIDE ACETYLSALICYLIQUE,heparines (doses preventives),acide acetylsalicylique,low,APEC,"L’utilisation conjointe de médicaments agissant à divers niveaux de l’hémostase majore le risque de saignement. Ainsi, chez le sujet de moins de 65 ans, l’association de l'héparine à doses préventives, ou de substances apparentées, à l’acide acétylsalicylique, quelle que soit la dose, doit être prise en compte en maintenant une surveillance clinique et éventuellement biologique.",,113
HÉPARINES (DOSES PRÉVENTIVES),ANTI-INFLAMMATOIRES NON STÉROÏDIENS,heparines (doses preventives),anti-inflammatoires non steroidiens,low,APEC,Augmentation du risque hémorragique.,,113
HORMONES THYROÏDIENNES,ANTISÉCRÉTOIRES INHIBITEURS DE LA POMPE À PROTONS,hormones thyroidiennes,antisecretoires inhibiteurs de la pompe a protons,moderate,PE,"Diminution probable de l'absorption des hormones thyroïdiennes, par augmentation du pH intra-gastrique par l'antisécrétoire.","Contrôle clinique et biologique régulier, avec augmentation éventuelle de la posologie des hormones thyroïdiennes.",113
HORMONES THYROÏDIENNES,CALCIUM,hormones thyroidiennes,calcium,moderate,PE,Diminution de l’absorption digestive des hormones thyroïdiennes.,"Prendre les sels de calcium à distance des hormones thyroïdiennes (plus de 2 heures, si possible).",113
HORMONES THYROÏDIENNES,CHLOROQUINE,hormones thyroidiennes,chloroquine,moderate,PE,Risque d’hypothyroïdie clinique chez les patients substitués par hormones thyroïdiennes.,"Surveillance clinique et biologique. Adaptation, si besoin, de la posologie des hormones thyroïdiennes pendant le traitement par chloroquine et après son arrêt.",113
HORMONES THYROÏDIENNES,EFAVIRENZ,hormones thyroidiennes,efavirenz,moderate,PE,"Risque d'hypothyroïdie clinique chez les patients hypothyroïdiens, par augmentation du métabolisme de la T3 et de la T4.","Surveillance clinique et biologique. Adaptation, si besoin, de la posologie des hormones thyroïdiennes pendant le traitement par l'inducteur et après son arrêt.",113
HORMONES THYROÏDIENNES,ESTROGÈNES NON CONTRACEPTIFS,hormones thyroidiennes,estrogenes non contraceptifs,moderate,PE,Risque d'hypothyroïdie clinique en cas d'estrogénothérapie substitutive.,Surveillance clinique et biologique ; adaptation éventuelle des doses de l'hormone thyroïdienne chez les femmes ménopausées prenant des estrogènes.,113
HORMONES THYROÏDIENNES,FER,hormones thyroidiennes,fer,moderate,PE,Diminution de l'absorption digestive des hormones thyroïdiennes.,"Prendre les hormones thyroïdiennes à distance du fer (plus de 2 heures, si possible).",113
HORMONES THYROÏDIENNES,INDUCTEURS ENZYMATIQUES PUISSANTS,hormones thyroidiennes,inducteurs enzymatiques puissants,moderate,PE,"Risque d'hypothyroïdie clinique chez les patients hypothyroïdiens, par augmentation du métabolisme de la T3 et de la T4.","Surveillance clinique et biologique. Adaptation, si besoin, de la posologie des hormones thyroïdiennes pendant le traitement par l'inducteur et après son arrêt.",113
HORMONES THYROÏDIENNES,INHIBITEURS DE PROTÉASES BOOSTÉS PAR RITONAVIR,hormones thyroidiennes,inhibiteurs de proteases boostes par ritonavir,moderate,PE,Risque de baisse de l’efficacité des hormones thyroïdiennes par augmentation de leur métabolisme hépatique par le ritonavir.,Surveillance clinique et biologique et adaptation éventuelle de la posologie des hormones thyroïdiennes.,113
HORMONES THYROÏDIENNES,MILLEPERTUIS,hormones thyroidiennes,millepertuis,high,ASDEC,Risque de baisse de l’efficacité des hormones thyroïdiennes.,,113
HORMONES THYROÏDIENNES,ORLISTAT,hormones thyroidiennes,orlistat,low,APEC,Risque de déséquilibre du traitement thyroïdien substitutif en cas de traitement par orlistat.,,113
HORMONES THYROÏDIENNES,PROGUANIL,hormones thyroidiennes,proguanil,moderate,PE,Risque d’hypothyroïdie clinique chez les patients substitués par hormones thyroïdiennes.,"Surveillance clinique et biologique. Adaptation, si besoin, de la posologie des hormones thyroïdiennes pendant le traitement par l’antipaludique et après son arrêt.",113
HORMONES THYROÏDIENNES,RÉSINES CHÉLATRICES,hormones thyroidiennes,resines chelatrices,moderate,PE,Diminution de l'absorption digestive des hormones thyroïdiennes.,"Prendre les hormones thyroïdiennes à distance de la résine (plus de 2 heures, si possible).",114
HORMONES THYROÏDIENNES,RIFABUTINE,hormones thyroidiennes,rifabutine,moderate,PE,"Décrit pour la phénytoïne, la rifampicine, la carbamazépine. Risque d'hypothyroïdie clinique chez les patients hypothyroïdiens, par augmentation du métabolisme de la T3 et de la T4.","Surveillance clinique et biologique. Adaptation, si besoin, de la posologie des hormones thyroïdiennes pendant le traitement par la rifabutine et après son arrêt.",114
HORMONES THYROÏDIENNES,RIFAMPICINE,hormones thyroidiennes,rifampicine,moderate,PE,"Risque d'hypothyroïdie clinique chez les patients hypothyroïdiens, par augmentation du métabolisme de la T3 et de la T4.","Surveillance clinique et biologique. Adaptation, si besoin, de la posologie des hormones thyroïdiennes pendant le traitement par la rifampicine et après son arrêt.",114
HORMONES THYROÏDIENNES,SELPERCATINIB,hormones thyroidiennes,selpercatinib,moderate,PE,Risque de moindre efficacité de la supplémentation en lévothyroxine par baisse de la conversion de T4 en T3 en cas de traitement par selpercatinib.,"Surveillance clinique et biologique, et adjonction éventuelle de liothyronine au traitement par la lévothyroxine.",114
HORMONES THYROÏDIENNES,SUCRALFATE,hormones thyroidiennes,sucralfate,moderate,PE,Diminution de l'absorption digestive des hormones thyroïdiennes.,"Prendre les hormones thyroïdiennes à distance du sucralfate (plus de 2 heures, si possible).",114
HUILES MINÉRALES,PRÉSERVATIFS EN LATEX,huiles minerales,preservatifs en latex,critical,CI,"Risque de rupture du préservatif lors de l'utilisation avec des corps gras ou des lubrifiants contenant des huiles minérales (huile de paraffine, huile de silicone, etc...).","Utiliser un lubrifiant hydrosoluble (glycérine, polyacrylamide...).",114
HYDROCORTISONE,INDUCTEURS ENZYMATIQUES,hydrocortisone,inducteurs enzymatiques,moderate,PE,Risque de diminution de l'efficacité de l'hydrocortisone (augmentation de son métabolisme) ; les conséquences sont graves lorsque l'hydrocortisone est administrée en traitement substitutif ou en cas de transplantation.,Surveillance clinique et biologique ; adaptation de la posologie de l'hydrocortisone pendant l'association et après l'arrêt de l'inducteur enzymatique.,114
HYDROQUINIDINE,ALCALINISANTS URINAIRES,hydroquinidine,alcalinisants urinaires,moderate,PE,Augmentation des concentrations plasmatiques de l'hydroquinidine et risque de surdosage (diminution de l'excrétion rénale de l'hydroquinidine par alcalinisation des urines).,"Surveillance clinique, ECG et éventuellement contrôle des concentrations de l'hydroquinidine ; si besoin, adaptation de la posologie pendant le traitement alcalinisant et après son arrêt.",114
HYDROQUINIDINE,DIGOXINE,hydroquinidine,digoxine,moderate,PE,"Augmentation de la digoxinémie par diminution de la clairance rénale de la digoxine. De plus, troubles de l'automatisme (bradycardie excessive et troubles de la conduction auriculo- ventriculaire).","Surveillance clinique et ECG. En cas de réponse inattendue, contrôler la digoxinémie et adapter la posologie.",114
HYDROQUINIDINE,ITRACONAZOLE,hydroquinidine,itraconazole,moderate,PE,Risque d'acouphènes et/ou de diminution de l'acuité auditive : cinchonisme lié à une diminution du métabolisme hépatique de l'antiarythmique par l'itraconazole.,Surveillance des concentrations plasmatiques de l'antiarythmique et diminution éventuelle de sa posologie si nécessaire.,114
HYDROXYCARBAMIDE,VACCINS VIVANTS ATTÉNUÉS,hydroxycarbamide,vaccins vivants attenues,high,ASDEC,"Dans son indication chez le patient drépanocytaire, risque théorique de maladie vaccinale généralisée.","L'association ne devra être envisagée que si les bénéfices sont estimés comme étant supérieurs à ce risque. S'il est décidé d’interrompre le traitement par hydroxycarbamide pour effectuer la vaccination, un délai de 3 mois après l’arrêt est recommandé.",114
HYDROXYCHLOROQUINE,SUBSTANCES SUSCEPTIBLES DE DONNER DES TORSADES DE POINTES,hydroxychloroquine,substances susceptibles de donner des torsades de pointes,critical,CI;ASDEC,"Risque majoré de troubles du rythme ventriculaire, notamment de torsades de pointes.","Contre-indication : - avec le citalopram, la dompéridone, l'escitalopram, l'hydroxyzine et la pipéraquine. Association déconseillée: - avec les autres médicaments susceptibles de donner des torsades de pointes. Si l’association ne peut être évitée, contrôle clinique et électrocardiographique régulier.",115
HYPERKALIÉMIANTS,AUTRES HYPERKALIÉMIANTS,hyperkaliemiants,autres hyperkaliemiants,low,APEC,"Risque de majoration de l’hyperkaliémie, potentiellement létale.",,115
HYPNOTIQUES,AUTRES HYPNOTIQUES,hypnotiques,autres hypnotiques,low,APEC,Majoration de la dépression centrale.,,115
HYPOKALIÉMIANTS,AUTRES HYPOKALIÉMIANTS,hypokaliemiants,autres hypokaliemiants,moderate,PE,Risque majoré d'hypokaliémie.,Surveillance de la kaliémie avec si besoin correction.,115
HYPOKALIÉMIANTS,DIGOXINE,hypokaliemiants,digoxine,moderate,PE,Hypokaliémie favorisant les effets toxiques des digitaliques.,"Corriger auparavant toute hypokaliémie et réaliser une surveillance clinique, électrolytique et électrocardiographique.",115
HYPOKALIÉMIANTS,SUBSTANCES SUSCEPTIBLES DE DONNER DES TORSADES DE POINTES,hypokaliemiants,substances susceptibles de donner des torsades de pointes,moderate,PE,"Risque majoré de troubles du rythme ventriculaire, notamment de torsades de pointes.","Corriger toute hypokaliémie avant d’administrer le produit et réaliser une surveillance clinique, électrolytique et électrocardiographique.",115
HYPONATRÉMIANTS,AUTRES MÉDICAMENTS HYPONATRÉMIANTS,hyponatremiants,autres medicaments hyponatremiants,low,APEC,Majoration du risque d’hyponatrémie.,,116
IBRUTINIB,AMIODARONE,ibrutinib,amiodarone,high,ASDEC,Risque d'augmentation des concentrations plasmatiques d’ibrutinib par diminution de son métabolisme hépatique par l’amiodarone.,"Si l’association ne peut être évitée, surveillance clinique étroite et réduction de la dose d’ibrutinib à 280 mg par jour pendant la durée de l’association.",116
IBRUTINIB,ANTIAGRÉGANTS PLAQUETTAIRES,ibrutinib,antiagregants plaquettaires,moderate,PE,Augmentation du risque hémorragique.,Surveillance clinique.,116
IBRUTINIB,ANTICOAGULANTS ORAUX,ibrutinib,anticoagulants oraux,high,ASDEC,Augmentation du risque hémorragique.,"Si l’association ne peut être évitée, surveillance clinique et biologique étroite (pour les antivitamines K, contrôle plus fréquent de l’INR).",116
IBRUTINIB,CRIZOTINIB,ibrutinib,crizotinib,high,ASDEC,Risque d’augmentation des concentrations plasmatiques d’ibrutinib par diminution de son métabolisme hépatique par le crizotinib.,"Si l’association ne peut être évitée, surveillance clinique étroite et réduction de la dose d’ibrutinib à 280 mg par jour pendant la durée de l’association.",116
IBRUTINIB,DILTIAZEM,ibrutinib,diltiazem,high,ASDEC,Risque d'augmentation des concentrations plasmatiques d’ibrutinib par diminution de son métabolisme hépatique par le diltiazem.,"Si l’association ne peut être évitée, surveillance clinique étroite et réduction de la dose d’ibrutinib à 280 mg par jour pendant la durée de l’association.",116
IBRUTINIB,DRONEDARONE,ibrutinib,dronedarone,high,ASDEC,Risque d’augmentation des concentrations plasmatiques d’ibrutinib par diminution de son métabolisme hépatique par la dronédarone.,"Si l’association ne peut être évitée, surveillance clinique étroite et réduction de la dose d’ibrutinib à 280 mg par jour pendant la durée de l’association.",116
IBRUTINIB,FLUCONAZOLE,ibrutinib,fluconazole,high,ASDEC,Risque d’augmentation des concentrations plasmatiques d’ibrutinib par diminution de son métabolisme hépatique par le fluconazole.,"Si l’association ne peut être évitée, surveillance clinique étroite et réduction de la dose d’ibrutinib à 280 mg par jour pendant la durée de l’association.",116
IBRUTINIB,IMATINIB,ibrutinib,imatinib,high,ASDEC,Risque d’augmentation des concentrations plasmatiques d’ibrutinib par diminution de son métabolisme hépatique par l'imatinib.,"Si l’association ne peut être évitée, surveillance clinique étroite et réduction de la dose d’ibrutinib à 280 mg par jour pendant la durée de l’association.",116
IBRUTINIB,VERAPAMIL,ibrutinib,verapamil,high,ASDEC,Risque d’augmentation des concentrations plasmatiques d’ibrutinib par diminution de son métabolisme hépatique par le vérapamil.,"Si l’association ne peut être évitée, surveillance clinique étroite et réduction de la dose d’ibrutinib à 280 mg par jour pendant la durée de l’association.",116
IDÉLALISIB,ANTAGONISTES DES CANAUX CALCIQUES,idelalisib,antagonistes des canaux calciques,moderate,PE,"Majoration des effets indésirables de l’antagoniste des canaux calciques, à type d’hypotension orthostatique, notamment chez le sujet âgé.",Surveillance clinique et adaptation de la posologie de l’antagoniste calcique pendant le traitement par l’idélalisib et après son arrêt.,116
IDÉLALISIB,INDUCTEURS ENZYMATIQUES PUISSANTS,idelalisib,inducteurs enzymatiques puissants,high,ASDEC,Diminution des concentrations plasmatiques d’idélalisib par augmentation de son métabolisme hépatique par l'inducteur enzymatique.,,116
IDÉLALISIB,INHIBITEURS PUISSANTS DU CYP3A4,idelalisib,inhibiteurs puissants du cyp3a4,low,APEC,Augmentation des concentrations plasmatiques d’idélalisib par diminution de son métabolisme hépatique par l’inhibiteur.,,117
IDÉLALISIB,MILLEPERTUIS,idelalisib,millepertuis,high,ASDEC,Risque de diminution importante des concentrations plasmatiques d’idélalisib par augmentation de son métabolisme hépatique par le millepertuis.,,117
IDÉLALISIB,RIFAMPICINE,idelalisib,rifampicine,high,ASDEC,Diminution des concentrations plasmatiques d’idélalisib par augmentation de son métabolisme hépatique par l’inducteur.,,117
IDÉLALISIB,SUBSTRATS À RISQUE DU CYP3A4,idelalisib,substrats a risque du cyp3a4,high,ASDEC,Augmentation des concentrations plasmatiques du substrat par diminution de son métabolisme hépatique par l’idelalisib.,,117
IFOSFAMIDE,APREPITANT,ifosfamide,aprepitant,low,APEC,Risque d’augmentation de la neurotoxicité de l’ifosfamide.,,117
IFOSFAMIDE,"PHÉNOBARBITAL (ET, PAR EXTRAPOLATION, PRIMIDONE)",ifosfamide,"phenobarbital (et, par extrapolation, primidone)",high,ASDEC,Risque de majoration de la neurotoxicité de l'ifosfamide par augmentation de son métabolisme hépatique par le phénobarbital.,,117
IFOSFAMIDE,VÉMURAFÉNIB,ifosfamide,vemurafenib,low,APEC,"Risque de diminution des concentrations de l'ifosfamide, avec augmentation de son métabolite actif et toxicité majorée.",,117
IMAO IRRÉVERSIBLES,ADRÉNALINE (VOIE BUCCO-DENTAIRE OU SOUS-CUTANÉE),imao irreversibles,adrenaline (voie bucco-dentaire ou sous-cutanee),moderate,PE,Troubles du rythme ventriculaire graves par augmentation de l'excitabilité cardiaque.,"Limiter l'apport, par exemple : moins de 0,1 mg d'adrénaline en 10 minutes ou 0,3 mg en 1 heure chez l'adulte.",117
IMAO IRRÉVERSIBLES,ALCOOL (BOISSON OU EXCIPIENT),imao irreversibles,alcool (boisson ou excipient),high,ASDEC,"Majoration des effets hypertenseurs et/ou hyperthermiques de la tyramine présente dans certaines boissons alcoolisées (chianti, certaines bières, etc).",Eviter la prise de boissons alcoolisées et de médicaments contenant de l'alcool.,117
IMAO IRRÉVERSIBLES,DEXTROMETHORPHANE,imao irreversibles,dextromethorphane,critical,CI,"Risque d'apparition d'un syndrome sérotoninergique : diarrhée, tachycardie, sueurs, tremblements, confusion voire coma.",,117
IMAO IRRÉVERSIBLES,GUANETHIDINE,imao irreversibles,guanethidine,critical,CI,"Avec la guanéthidine utilisée par voie IV : risque de réactions vasculaires imprévisibles, notamment d'hypotension.",Interrompre le traitement par IMAO 15 jours avant le traitement par guanéthidine.,117
IMAO IRRÉVERSIBLES,INHIBITEURS DE LA CATÉCHOL-O-MÉTHYLTRANSFÉRASE (COMT),imao irreversibles,inhibiteurs de la catechol-o-methyltransferase (comt),critical,CI,"Potentialisation des effets pharmacologiques, et notamment vasopresseurs, des catécholamines par inhibition conjuguée de leur métabolisme.",,117
IMAO IRRÉVERSIBLES,INHIBITEURS SÉLECTIFS DE LA RECAPTURE DE LA SÉROTONINE,imao irreversibles,inhibiteurs selectifs de la recapture de la serotonine,critical,CI,"Risque d'apparition d'un syndrome sérotoninergique : diarrhée, tachycardie, sueurs, tremblements, confusion voire coma.","Respecter un délai de deux semaines entre l'arrêt de l'IMAO et le début du traitement par l'antidépresseur sérotoninergique, et d'au moins une semaine entre l'arrêt de l'antidépresseur sérotoninergique (sauf pour la fluoxétine : cinq semaines) et le début.",117
IMAO IRRÉVERSIBLES,MÉDICAMENTS MIXTES ADRÉNERGIQUES-SÉROTONINERGIQUES,imao irreversibles,medicaments mixtes adrenergiques-serotoninergiques,critical,CI,"Risque d'apparition d'un syndrome sérotoninergique : diarrhée, tachycardie, sueurs, tremblements, confusion voire coma.","Respecter un délai de deux semaines entre l'arrêt de l'IMAO et le début de l'autre traitement, et d'au moins une semaine entre l'arrêt de l'autre traitement et le début de l'IMAO.",118
IMAO IRRÉVERSIBLES,MIDODRINE,imao irreversibles,midodrine,critical,CI,"Crises hypertensives (inhibition du métabolisme des amines pressives). Du fait de la durée d'action des IMAO, cette interaction est encore possible 15 jours après l'arrêt de l'IMAO.",,118
IMAO IRRÉVERSIBLES,MILLEPERTUIS,imao irreversibles,millepertuis,moderate,PE,Risque d'apparition d'un syndrome sérotoninergique.,"Surveillance clinique et biologique régulière, notamment en début d'association.",118
IMAO IRRÉVERSIBLES,PETHIDINE,imao irreversibles,pethidine,critical,CI,"Risque d'apparition d'un syndrome sérotoninergique : diarrhée, tachycardie, sueurs, tremblements, confusion voire coma.",,118
IMAO IRRÉVERSIBLES,RESERPINE,imao irreversibles,reserpine,critical,CI,"Agitation psychomotrice, convulsions, hypertension.",,118
IMAO IRRÉVERSIBLES,SYMPATHOMIMÉTIQUES ALPHA (VOIES ORALE ET/OU NASALE),imao irreversibles,sympathomimetiques alpha (voies orale et/ou nasale),high,ASDEC,"Crises hypertensives (inhibition du métabolisme des amines pressives). Du fait de la durée d'action de l'IMAO, cette interaction est encore possible 15 jours après l'arrêt de l'IMAO.",,118
IMAO IRRÉVERSIBLES,SYMPATHOMIMÉTIQUES ALPHA ET BÊTA (VOIE IM ET IV),imao irreversibles,sympathomimetiques alpha et beta (voie im et iv),moderate,PE,"Augmentation de l'action pressive du sympathomimétique, le plus souvent modérée.",A n'utiliser que sous contrôle médical strict.,118
IMAO IRRÉVERSIBLES,SYMPATHOMIMÉTIQUES INDIRECTS,imao irreversibles,sympathomimetiques indirects,critical,CI,"Hypertension paroxystique, hyperthermie pouvant être fatale. Du fait de la durée d'action de l'IMAO, cette interaction est encore possible 15 jours après l'arrêt de l'IMAO.",,118
IMAO IRRÉVERSIBLES,TETRABENAZINE,imao irreversibles,tetrabenazine,critical,CI,"Risque de crises hypertensives. Du fait de la durée d'action de l'IMAO, cette interaction est encore théoriquement possible 15 jours après son arrêt.",,118
IMAO IRRÉVERSIBLES,TIANEPTINE,imao irreversibles,tianeptine,high,ASDEC,"Risque de collapsus, hypertension paroxystique, hyperthermie, convulsions, décès.",,118
IMAO IRRÉVERSIBLES,TRAMADOL,imao irreversibles,tramadol,critical,CI,"Risque d'apparition d'un syndrome sérotoninergique : diarrhée, sueurs, tremblements, confusion, voire coma.",,118
IMAO IRRÉVERSIBLES,TRIPTANS MÉTABOLISÉS PAR LA MAO,imao irreversibles,triptans metabolises par la mao,critical,CI,"Risque d'hypertension artérielle, de vasoconstriction artérielle coronaire.",,118
IMAO IRRÉVERSIBLES,TRIPTANS NON MÉTABOLISÉS PAR LA MAO,imao irreversibles,triptans non metabolises par la mao,high,ASDEC,"Risque d'hypertension artérielle, de vasoconstriction artérielle coronaire.",,118
"IMAO-A RÉVERSIBLES, Y COMPRIS OXAZOLIDINONES ET BLEU DE MÉTHYLÈNE",DEXTROMETHORPHANE,"imao-a reversibles, y compris oxazolidinones et bleu de methylene",dextromethorphane,high,ASDEC,"Risque d'apparition d'un syndrome sérotoninergique : diarrhée, tachycardie, sueurs, tremblements, confusion voire coma.",,118
"IMAO-A RÉVERSIBLES, Y COMPRIS OXAZOLIDINONES ET BLEU DE MÉTHYLÈNE",IMAO-B,"imao-a reversibles, y compris oxazolidinones et bleu de methylene",imao-b,critical,CI,"Risque de poussée hypertensive, par absence de sélectivité sur la monoamine oxydase, notamment en cas d’alimentation riche en tyramine (fromage, bière,…).",,119
"IMAO-A RÉVERSIBLES, Y COMPRIS OXAZOLIDINONES ET BLEU DE MÉTHYLÈNE",INHIBITEURS SÉLECTIFS DE LA RECAPTURE DE LA SÉROTONINE,"imao-a reversibles, y compris oxazolidinones et bleu de methylene",inhibiteurs selectifs de la recapture de la serotonine,high,ASDEC,"Risque d'apparition d'un syndrome sérotoninergique : diarrhée, tachycardie, sueurs, tremblements, confusion voire coma.","Si l'association ne peut être évitée, surveillance clinique très étroite. Débuter l'association aux posologies minimales recommandées.",119
"IMAO-A RÉVERSIBLES, Y COMPRIS OXAZOLIDINONES ET BLEU DE MÉTHYLÈNE",MÉDICAMENTS MIXTES ADRÉNERGIQUES-SÉROTONINERGIQUES,"imao-a reversibles, y compris oxazolidinones et bleu de methylene",medicaments mixtes adrenergiques-serotoninergiques,high,ASDEC,"Risque d'apparition d'un syndrome sérotoninergique : diarrhée, tachycardie, sueur, confusion voire coma.","Si l'association ne peut être évitée, surveillance clinique très étroite. Débuter l'association aux posologies minimales recommandées.",119
"IMAO-A RÉVERSIBLES, Y COMPRIS OXAZOLIDINONES ET BLEU DE MÉTHYLÈNE",MILLEPERTUIS,"imao-a reversibles, y compris oxazolidinones et bleu de methylene",millepertuis,moderate,PE,Risque d'apparition d'un syndrome sérotoninergique.,"Surveillance clinique et biologique régulière, notamment en début d'association.",119
"IMAO-A RÉVERSIBLES, Y COMPRIS OXAZOLIDINONES ET BLEU DE MÉTHYLÈNE",PETHIDINE,"imao-a reversibles, y compris oxazolidinones et bleu de methylene",pethidine,critical,CI,"Risque d'apparition d'un syndrome sérotoninergique : diarrhée, tachycardie, sueurs, tremblements, confusion voire coma.",,119
"IMAO-A RÉVERSIBLES, Y COMPRIS OXAZOLIDINONES ET BLEU DE MÉTHYLÈNE",SYMPATHOMIMÉTIQUES ALPHA ET BÊTA (VOIE IM ET IV),"imao-a reversibles, y compris oxazolidinones et bleu de methylene",sympathomimetiques alpha et beta (voie im et iv),moderate,PE,Par extrapolation à partir des IMAO non sélectifs : risque d'augmentation de l'action pressive.,A n'utiliser que sous contrôle médical strict.,119
"IMAO-A RÉVERSIBLES, Y COMPRIS OXAZOLIDINONES ET BLEU DE MÉTHYLÈNE",SYMPATHOMIMÉTIQUES INDIRECTS,"imao-a reversibles, y compris oxazolidinones et bleu de methylene",sympathomimetiques indirects,critical,CI;ASDEC,Risque de vasoconstriction et/ou de poussées hypertensives.,Contre-indication : avec le bupropion Association déconseillée : avec les autres sympathomimétiques indirects,119
"IMAO-A RÉVERSIBLES, Y COMPRIS OXAZOLIDINONES ET BLEU DE MÉTHYLÈNE",TRAMADOL,"imao-a reversibles, y compris oxazolidinones et bleu de methylene",tramadol,high,ASDEC,"Risque d'apparition d'un syndrome sérotoninergique : diarrhée, tachycardie, sueurs, tremblements, confusion voire coma.",,119
"IMAO-A RÉVERSIBLES, Y COMPRIS OXAZOLIDINONES ET BLEU DE MÉTHYLÈNE",TRIPTANS MÉTABOLISÉS PAR LA MAO,"imao-a reversibles, y compris oxazolidinones et bleu de methylene",triptans metabolises par la mao,critical,CI,"Risque d'hypertension artérielle, de vasoconstriction artérielle coronaire.",,119
"IMAO-A RÉVERSIBLES, Y COMPRIS OXAZOLIDINONES ET BLEU DE MÉTHYLÈNE",TRIPTANS NON MÉTABOLISÉS PAR LA MAO,"imao-a reversibles, y compris oxazolidinones et bleu de methylene",triptans non metabolises par la mao,high,ASDEC,"Risque d'hypertension artérielle, de vasoconstriction artérielle coronaire.",,119
IMAO-B,BUPROPION,imao-b,bupropion,critical,CI,Risque de crises hypertensives.,,119
IMAO-B,"IMAO-A RÉVERSIBLES, Y COMPRIS OXAZOLIDINONES ET BLEU DE MÉTHYLÈNE",imao-b,"imao-a reversibles, y compris oxazolidinones et bleu de methylene",critical,CI,"Risque de poussée hypertensive, par absence de sélectivité sur la monoamine oxydase, notamment en cas d’alimentation riche en tyramine (fromage, bière,…).",,119
IMAO-B,INHIBITEURS SÉLECTIFS DE LA RECAPTURE DE LA SÉROTONINE,imao-b,inhibiteurs selectifs de la recapture de la serotonine,low,APEC,Risque d'apparition d'un syndrome sérotoninergique.,,119
IMAO-B,LEVODOPA,imao-b,levodopa,low,APEC,Augmentation du risque d'hypotension orthostatique.,,119
IMAO-B,PETHIDINE,imao-b,pethidine,critical,CI,"Manifestations d'excitation centrale évoquant un syndrome sérotoninergique : diarrhée, tachycardie, sueurs, tremblements, confusion voire coma.",,120
IMAO-B,TRAMADOL,imao-b,tramadol,low,APEC,Risque d’apparition d’un syndrome sérotoninergique.,,120
IMAO-B,TRIPTANS MÉTABOLISÉS PAR LA MAO,imao-b,triptans metabolises par la mao,critical,CI,"Risque d'hypertension artérielle, de vasoconstriction artérielle coronaire.",,120
IMAO-B,TRIPTANS NON MÉTABOLISÉS PAR LA MAO,imao-b,triptans non metabolises par la mao,high,ASDEC,"Risque d'hypertension artérielle, de vasoconstriction artérielle coronaire.",,120
IMATINIB,ANTICOAGULANTS ORAUX,imatinib,anticoagulants oraux,high,ASDEC,"Augmentation du risque hémorragique. Pour l’apixaban et le rivaroxaban, risque de diminution de leur métabolisme par l’imatinib, se surajoutant au risque pharmacodynamique.","Si l’association ne peut être évitée, surveillance clinique et biologique étroite (pour les antivitamines K, contrôle plus fréquent de l’INR).",120
IMATINIB,IBRUTINIB,imatinib,ibrutinib,high,ASDEC,Risque d’augmentation des concentrations plasmatiques d’ibrutinib par diminution de son métabolisme hépatique par l'imatinib.,"Si l’association ne peut être évitée, surveillance clinique étroite et réduction de la dose d’ibrutinib à 280 mg par jour pendant la durée de l’association.",120
IMATINIB,TÉDIZOLIDE,imatinib,tedizolide,high,ASDEC,"Risque d’augmentation des concentrations plasmatiques de l'imatinib, par augmentation de son absorption avec le tédizolide administré par voie orale.",,120
IMMUNOSUPPRESSEURS,APALUTAMIDE,immunosuppresseurs,apalutamide,high,ASDEC,"Risque de diminution très importante des concentrations des immunosuppresseurs, et perte d‘efficacité, par augmentation de leur métabolisme hépatique par l’apalutamide.",,120
IMMUNOSUPPRESSEURS,CLARITHROMYCINE,immunosuppresseurs,clarithromycine,high,ASDEC,Augmentation très importante des concentrations sanguines de l'immunosuppresseur par inhibition de son métabolisme hépatique.,"En cas d’association, contrôle strict de la fonction rénale, dosage des concentrations sanguines de l'immunosuppresseur et adaptation éventuelle de la posologie.",120
IMMUNOSUPPRESSEURS,CYTOTOXIQUES,immunosuppresseurs,cytotoxiques,low,APEC,Immunodépression excessive avec risque de syndrome lympho- prolifératif.,,120
IMMUNOSUPPRESSEURS,DALFOPRISTINE,immunosuppresseurs,dalfopristine,moderate,PE,Augmentation des concentrations sanguines de l'immunosuppresseur par inhibition de son métabolisme hépatique.,"Dosage des concentrations sanguines de l'immunosuppresseur, contrôle de la fonction rénale et adaptation de la posologie pendant l'association et après son arrêt.",120
IMMUNOSUPPRESSEURS,DILTIAZEM,immunosuppresseurs,diltiazem,moderate,PE,Augmentation des concentrations sanguines de l'immunosuppresseur par diminution de son métabolisme.,"Dosage des concentrations sanguines de l'immunosuppresseur, contrôle de la fonction rénale et adaptation de la posologie pendant l'association et après son arrêt.",120
IMMUNOSUPPRESSEURS,DRONEDARONE,immunosuppresseurs,dronedarone,high,ASDEC,Augmentation importante des concentrations sanguines de l’immunosuppresseur par diminution de son métabolisme.,,120
IMMUNOSUPPRESSEURS,ERYTHROMYCINE,immunosuppresseurs,erythromycine,high,ASDEC,Augmentation très importante des concentrations sanguines de l'immunosuppresseur par inhibition de son métabolisme hépatique.,"En cas d’association, contrôle strict de la fonction rénale, dosage des concentrations sanguines de l'immunosuppresseur et adaptation éventuelle de la posologie.",121
IMMUNOSUPPRESSEURS,FLUCONAZOLE,immunosuppresseurs,fluconazole,moderate,PE,Risque d'augmentation des concentrations sanguines de l'immunosuppresseur par inhibition de son métabolisme et de la créatininémie.,"Dosage des concentrations sanguines de l'immunosuppresseur, contrôle de la fonction rénale et adaptation de sa posologie pendant l'association et après son arrêt.",121
IMMUNOSUPPRESSEURS,FLUCYTOSINE,immunosuppresseurs,flucytosine,low,APEC,Risque de majoration de la toxicité hématologique.,,121
IMMUNOSUPPRESSEURS,GLOBULINES ANTILYMPHOCYTAIRES,immunosuppresseurs,globulines antilymphocytaires,low,APEC,Immunodépression excessive avec risque de lymphoprolifération.,,121
IMMUNOSUPPRESSEURS,INDUCTEURS ENZYMATIQUES,immunosuppresseurs,inducteurs enzymatiques,moderate,PE,"Diminution des concentrations sanguines et de l'efficacité de l'immunosuppresseur, par augmentation de son métabolisme hépatique par l'inducteur.",Augmentation de la posologie de l'immunosuppresseur sous contrôle des concentrations sanguines. Réduction de la posologie après l'arrêt de l'inducteur.,121
IMMUNOSUPPRESSEURS,INHIBITEURS DE PROTÉASES BOOSTÉS PAR RITONAVIR,immunosuppresseurs,inhibiteurs de proteases boostes par ritonavir,high,ASDEC,Augmentation très importante des concentrations sanguines de l'immunosuppresseur par inhibition de son métabolisme hépatique.,"En cas d’association, contrôle strict de la fonction rénale, dosage des concentrations sanguines de l'immunosuppresseur et adaptation de sa posologie.",121
IMMUNOSUPPRESSEURS,ITRACONAZOLE,immunosuppresseurs,itraconazole,high,ASDEC,Augmentation très importante des concentrations sanguines de l'immunosuppresseur par inhibition de son métabolisme hépatique.,"En cas d’association, contrôle strict de la fonction rénale, dosage des concentrations sanguines de l'immunosuppresseur et adaptation éventuelle de la posologie.",121
IMMUNOSUPPRESSEURS,KETOCONAZOLE,immunosuppresseurs,ketoconazole,high,ASDEC,Augmentation très importante des concentrations sanguines de l'immunosuppresseur par inhibition de son métabolisme hépatique.,"En cas d’association, contrôle strict de la fonction rénale, dosage des concentrations sanguines de l'immunosuppresseur et adaptation éventuelle de la posologie.",121
IMMUNOSUPPRESSEURS,LÉTERMOVIR,immunosuppresseurs,letermovir,moderate,PE,"Augmentation, éventuellement très importante, des concentrations sanguines de l'immunosuppresseur par inhibition de son métabolisme et de la créatininémie.",Surveillance clinique et biologique renforcée.,121
IMMUNOSUPPRESSEURS,MARIBAVIR,immunosuppresseurs,maribavir,moderate,PE,Possible augmentation des concentrations de l’immunosuppresseur.,"Dosage des concentrations sanguines de l'immunosuppresseur, contrôle de la fonction rénale et adaptation éventuelle de la posologie pendant l'association et après son arrêt.",121
IMMUNOSUPPRESSEURS,MILLEPERTUIS,immunosuppresseurs,millepertuis,critical,CI,"Diminution des concentrations sanguines de l'immunosuppresseur, en raison de l'effet inducteur enzymatique du millepertuis, avec risque de baisse d'efficacité voire d'annulation de l'effet dont les conséquences peuvent être éventuellement graves (rejet de greffe).",,121
IMMUNOSUPPRESSEURS,NICARDIPINE,immunosuppresseurs,nicardipine,moderate,PE,"Augmentation des concentrations sanguines de l'immunodépresseur, par inhibition de son métabolisme.","Dosage des concentrations sanguines de l'immunosuppresseur, contrôle de la fonction rénale et adaptation de sa posologie pendant le traitement et après l'arrêt.",121
IMMUNOSUPPRESSEURS,PAMPLEMOUSSE (JUS ET FRUIT),immunosuppresseurs,pamplemousse (jus et fruit),high,ASDEC,Augmentation de la biodisponibilité de l’immunosuppresseur et par conséquent de ses effets indésirables.,,121
IMMUNOSUPPRESSEURS,POSACONAZOLE,immunosuppresseurs,posaconazole,high,ASDEC,Augmentation très importante des concentrations sanguines de l'immunosuppresseur par inhibition de son métabolisme hépatique.,"En cas d’association, contrôle strict de la fonction rénale, dosage des concentrations sanguines de l'immunosuppresseur et adaptation éventuelle de la posologie.",121
IMMUNOSUPPRESSEURS,PRISTINAMYCINE,immunosuppresseurs,pristinamycine,moderate,PE,Augmentation des concentrations sanguines de l'immunosuppresseur par inhibition de son métabolisme hépatique.,"Dosage des concentrations sanguines de l'immunosuppresseur, contrôle de la fonction rénale et adaptation de sa posologie pendant l'association et après son arrêt.",122
IMMUNOSUPPRESSEURS,QUINUPRISTINE,immunosuppresseurs,quinupristine,moderate,PE,Augmentation des concentrations sanguines de l'immunosuppresseur par inhibition de son métabolisme hépatique.,"Dosage des concentrations sanguines de l'immunosuppresseur, contrôle de la fonction rénale et adaptation de la posologie pendant l'association et après son arrêt.",122
IMMUNOSUPPRESSEURS,RANOLAZINE,immunosuppresseurs,ranolazine,moderate,PE,Augmentation des concentrations sanguines de l'immunosuppresseur par inhibition de son métabolisme par la ranolazine.,"Surveillance clinique et biologique, et adaptation éventuelle de la posologie de l’immunosuppresseur.",122
IMMUNOSUPPRESSEURS,STIRIPENTOL,immunosuppresseurs,stiripentol,critical,CI,Augmentation des concentrations sanguines de l’immunosuppresseur (diminution de son métabolisme hépatique).,,122
IMMUNOSUPPRESSEURS,TELITHROMYCINE,immunosuppresseurs,telithromycine,high,ASDEC,Augmentation très importante des concentrations sanguines de l'immunosuppresseur par inhibition de son métabolisme hépatique.,"En cas d’association, contrôle strict de la fonction rénale, dosage des concentrations sanguines de l'immunosuppresseur et adaptation éventuelle de la posologie.",122
IMMUNOSUPPRESSEURS,VACCINS VIVANTS ATTÉNUÉS,immunosuppresseurs,vaccins vivants attenues,critical,CI,Risque de maladie vaccinale généralisée éventuellement mortelle.,Et pendant les 3 mois suivant l'arrêt du traitement.,122
IMMUNOSUPPRESSEURS,VÉMURAFÉNIB,immunosuppresseurs,vemurafenib,high,ASDEC,"Risque de diminution des concentrations des immunosuppresseurs, avec pour conséquence un risque d’inefficacité.",,122
IMMUNOSUPPRESSEURS,VORICONAZOLE,immunosuppresseurs,voriconazole,high,ASDEC;PE,Augmentation des concentrations sanguines de l'immunosuppresseur par inhibition de son métabolisme hépatique par le voriconazole.,"Association déconseillée - avec l'évérolimus, le sirolimus, et le temsirolimus. Précaution d'emploi - avec la ciclosporine et le tacrolimus : dosage des concentrations sanguines de l'immunosuppresseur, contrôle de la fonction rénale et adaptation de la posologie pendant l'association et après son arrêt.",122
INDUCTEURS ENZYMATIQUES,ANDROGÈNES,inducteurs enzymatiques,androgenes,moderate,PE,"Risque de diminution des concentrations plasmatiques de l'androgène et par conséquent de son efficacité, par augmentation de son métabolisme hépatique par l’inducteur.",Surveillance clinique et biologique pendant l’association et 1 à 2 semaines après l’arrêt de l’inducteur.,122
INDUCTEURS ENZYMATIQUES,APRÉMILAST,inducteurs enzymatiques,apremilast,high,ASDEC,Diminution des concentrations plasmatiques d’aprémilast par augmentatiion de son métabolisme par l’inducteur.,,122
INDUCTEURS ENZYMATIQUES,ARIPIPRAZOLE,inducteurs enzymatiques,aripiprazole,moderate,PE,Diminution des concentrations plasmatiques de l’aripiprazole.,Surveillance clinique et adaptation éventuelle de la posologie de l’aripiprazole pendant l’association et 1 à 2 semaines après l’arrêt de l’inducteur.,122
INDUCTEURS ENZYMATIQUES,BAZÉDOXIFÈNE,inducteurs enzymatiques,bazedoxifene,moderate,PE,Diminution des concentrations plasmatiques de bazédoxifène par l’inducteur.,Surveillance d'éventuels signes évocateurs d’une perte d’efficacité (saignements).,123
INDUCTEURS ENZYMATIQUES,BÉDAQUILINE,inducteurs enzymatiques,bedaquiline,high,ASDEC,Diminution des concentrations plasmatiques de bédaquiline par augmentation de son métabolisme par l’inducteur.,,123
INDUCTEURS ENZYMATIQUES,BICTÉGRAVIR,inducteurs enzymatiques,bictegravir,critical,CI;ASDEC,"Risque de perte d’efficacité par diminution, éventuellement importante, des concentrations de bictégravir.",Contre-indication : - avec la rifampicine Association déconseillée : - avec les autres inducteurs enzymatiques,123
INDUCTEURS ENZYMATIQUES,BORTEZOMIB,inducteurs enzymatiques,bortezomib,low,APEC,"Diminution des concentrations du cytotoxique par augmentation de son métabolisme par l’inducteur, avec risque de moindre efficacité.",,123
INDUCTEURS ENZYMATIQUES,CABAZITAXEL,inducteurs enzymatiques,cabazitaxel,low,APEC,"Diminution des concentrations du cytotoxique par augmentation de son métabolisme par l’inducteur, avec risque de moindre efficacité.",,123
INDUCTEURS ENZYMATIQUES,CABOTEGRAVIR,inducteurs enzymatiques,cabotegravir,critical,CI;APEC,"Diminution importante des concentrations de cabotégravir avec la rifampicine, avec risque de réduction de la réponse virologique.","Contre-indication : - avec la rifampicine, la carbamazépine, l'oxcarbazépine, la phénytoïne, le phénobarbital A prendre en compte : - avec les autres inducteurs",123
INDUCTEURS ENZYMATIQUES,CASPOFUNGINE,inducteurs enzymatiques,caspofungine,moderate,PE,Diminution des concentrations plasmatiques de caspofungine.,"En cas de traitement par inducteur, maintenir la posologie à 70 mg par jour dès le 2e jour.",123
INDUCTEURS ENZYMATIQUES,CYCLOPHOSPHAMIDE,inducteurs enzymatiques,cyclophosphamide,high,ASDEC,"Risque d’augmentation des concentrations plasmatiques du métabolite actif du cyclophosphamide par l'inducteur, et donc de sa toxicité.",,123
INDUCTEURS ENZYMATIQUES,CYPROTERONE,inducteurs enzymatiques,cyproterone,high,ASDEC;PE,Risque de diminution de l'efficacité de la cyprotérone.,"Association déconseillée: - dans son utilisation comme contraceptif hormonal: utiliser de préférence une autre méthode de contraception en particulier de type mécanique, pendant la durée de l'association et un cycle suivant. Précaution d'emploi - dans ses indications comme anti-androgène: surveillance clinique et adaptation éventuelle de la posologie de la cyprotérone pendant l'association et après son arrêt.",123
INDUCTEURS ENZYMATIQUES,DASABUVIR,inducteurs enzymatiques,dasabuvir,critical,CI,Risque de diminution des concentrations plasmatiques du dasabuvir par l’inducteur.,,123
INDUCTEURS ENZYMATIQUES,DISOPYRAMIDE,inducteurs enzymatiques,disopyramide,moderate,PE,Risque de diminution des concentrations du disopyramide par l’inducteur.,Surveillance clinique et éventuellement adaptation de la posologie du disopyramide pendant l’association et 1 à 2 semaines après l’arrêt de l’inducteur.,123
INDUCTEURS ENZYMATIQUES,DOCETAXEL,inducteurs enzymatiques,docetaxel,high,ASDEC,"Diminution des concentrations du cytotoxique par augmentation de son métabolisme par l’inducteur, avec risque de moindre efficacité.",,123
INDUCTEURS ENZYMATIQUES,DOLUTÉGRAVIR,inducteurs enzymatiques,dolutegravir,high,ASDEC;PE,Diminution des concentrations plasmatiques de dolutégravir par augmentation de son métabolisme par l’inducteur.,Association déconseillée : - en cas de résistance à la classe des inhibiteurs d'intégrase Précaution d'emploi : - en l'absence de résistance à la classe des inhibiteurs d'intégrase Adaptation de la posologie de dolutégravir à 50 mg 2 fois par jour pendant l’association et une semaine après son arrêt.,124
INDUCTEURS ENZYMATIQUES,ESTROPROGESTATIFS CONTRACEPTIFS,inducteurs enzymatiques,estroprogestatifs contraceptifs,high,ASDEC,"Diminution de l'efficacité contraceptive, par augmentation du métabolisme hépatique du contraceptif hormonal par l'inducteur.","Utiliser une méthode additionnelle de type mécanique (préservatif) pendant la durée de l’association, et un cycle suivant l’arrêt de l’inducteur.",124
INDUCTEURS ENZYMATIQUES,ETOPOSIDE,inducteurs enzymatiques,etoposide,high,ASDEC,Diminution des concentrations plasmatiques d’étoposide par l’inducteur.,"Si l'association s'avère nécessaire, surveillance clinique et adaptation éventuelle de la posologie d’étoposide pendant l’association, et 1 à 2 semaines après l’arrêt de l’inducteur.",124
INDUCTEURS ENZYMATIQUES,FOSTEMSAVIR,inducteurs enzymatiques,fostemsavir,critical,CI;APEC,"Diminution significative des concentrations de fotemsavir avec la rifampicine, avec risque de réduction de la réponse virologique.","Contre-indication : - avec la rifampicine, la carbamazépine, la phénytoïne, l’enzalutamide A prendre en compte : - avec les autres inducteurs",124
INDUCTEURS ENZYMATIQUES,GLASDÉGIB,inducteurs enzymatiques,glasdegib,high,ASDEC;PE,"Diminution, éventuellement importante selon l'inducteur, des concentrations de glasdégib par augmentation de son métabolisme, avec risque d'inefficacité.","Association déconseillée - avec la rifampicine - avec les anticonvulsivants inducteurs enzymatiques (carbamazépine, phénytoïne, phénobarbital…) Précaution d'emploi - avec les autres inducteurs - si l’association ne peut être évitée, augmenter la dose de glasdégib.",124
INDUCTEURS ENZYMATIQUES,GLUCOCORTICOÏDES (SAUF HYDROCORTISONE),inducteurs enzymatiques,glucocorticoides (sauf hydrocortisone),moderate,PE,Diminution des concentrations plasmatiques et de l'efficacité des corticoïdes par augmentation de leur métabolisme hépatique par l'inducteur ; les conséquences sont particulièrement importantes chez les addisoniens traités par l'hydrocortisone et en cas de transplantation.,Surveillance clinique et biologique ; adaptation de la posologie des corticoïdes pendant le traitement par l'inducteur et après son arrêt.,124
INDUCTEURS ENZYMATIQUES,GRAZOPREVIR + ELBASVIR,inducteurs enzymatiques,grazoprevir + elbasvir,critical,CI,"Risque de diminution des concentrations de grazoprévir et d’elbasvir par l’inducteur, avec possible retentissement sur l’efficacité.",,124
INDUCTEURS ENZYMATIQUES,HYDROCORTISONE,inducteurs enzymatiques,hydrocortisone,moderate,PE,Risque de diminution de l'efficacité de l'hydrocortisone (augmentation de son métabolisme) ; les conséquences sont graves lorsque l'hydrocortisone est administrée en traitement substitutif ou en cas de transplantation.,Surveillance clinique et biologique ; adaptation de la posologie de l'hydrocortisone pendant l'association et après l'arrêt de l'inducteur enzymatique.,124
INDUCTEURS ENZYMATIQUES,IMMUNOSUPPRESSEURS,inducteurs enzymatiques,immunosuppresseurs,moderate,PE,"Diminution des concentrations sanguines et de l'efficacité de l'immunosuppresseur, par augmentation de son métabolisme hépatique par l'inducteur.",Augmentation de la posologie de l'immunosuppresseur sous contrôle des concentrations sanguines. Réduction de la posologie après l'arrêt de l'inducteur.,124
INDUCTEURS ENZYMATIQUES,IRINOTECAN,inducteurs enzymatiques,irinotecan,high,ASDEC,"Diminution probable des concentrations plasmatiques du métabolite actif de l'irinotécan, avec risque d'échec du traitement cytotoxique.",,124
INDUCTEURS ENZYMATIQUES,ISAVUCONAZOLE,inducteurs enzymatiques,isavuconazole,critical,CI,Diminution des concentrations plasmatiques d’isavuconazole par augmentation de son métabolisme hépatique par l’inducteur.,,124
INDUCTEURS ENZYMATIQUES,ITRACONAZOLE,inducteurs enzymatiques,itraconazole,high,ASDEC,"Diminution des concentrations plasmatiques d’itraconazole, avec risque de perte d’efficacité, par augmentation de son métabolisme hépatique par l’inducteur.",,124
INDUCTEURS ENZYMATIQUES,IVACAFTOR (SEUL OU ASSOCIÉ),inducteurs enzymatiques,ivacaftor (seul ou associe),high,ASDEC,"Diminution importante des concentrations de l’ivacaftor, avec risque de perte d’efficacité.",,125
INDUCTEURS ENZYMATIQUES,LEVONORGESTREL,inducteurs enzymatiques,levonorgestrel,moderate,PE,"Avec le lévonorgestrel utilisé dans l’indication contraception d’urgence, diminution importante des concentrations plasmatiques de lévonorgestrel, avec risque d’inefficacité.","En cas de prise d’un médicament inducteur dans les 4 dernières semaines, l’utilisation d’une contraception d’urgence non hormonale (DIU au cuivre) devrait s’envisager. Si ce n’est pas possible, le doublement de la dose de lévonorgestrel est une autre option.",125
INDUCTEURS ENZYMATIQUES,LURASIDONE,inducteurs enzymatiques,lurasidone,critical,CI,Diminution des concentrations plasmatiques de la lurasidone par augmentation de son métabolisme hépatique par l’inducteur.,,125
INDUCTEURS ENZYMATIQUES,MACITENTAN,inducteurs enzymatiques,macitentan,high,ASDEC,Diminution des concentrations plasmatiques de macitentan par augmentation de son métabolisme par l’inducteur.,,125
INDUCTEURS ENZYMATIQUES,MARAVIROC,inducteurs enzymatiques,maraviroc,moderate,PE,"En l’absence de co-administration avec un inhibiteur puissant du CYP3A4, diminution des concentrations de maraviroc par l’inducteur (sauf la névirapine).",La dose de maraviroc doit être augmentée à 600 mg deux fois par jour dans cette situation.,125
INDUCTEURS ENZYMATIQUES,MARIBAVIR,inducteurs enzymatiques,maribavir,high,ASDEC,"Diminution possiblement importante des concentrations de maribavir avec la rifampicine, avec risque de réduction de la réponse virologique.","Si l’association ne peut être évitée, augmentation éventuelle de la posologie de maribavir.",125
INDUCTEURS ENZYMATIQUES,METHADONE,inducteurs enzymatiques,methadone,moderate,PE,"Diminution des concentrations plasmatiques de méthadone avec risque d'apparition d'un syndrome de sevrage, par augmentation de son métabolisme hépatique.",Augmenter la fréquence des prises de méthadone (2 à 3 fois par jour au lieu d'une fois par jour).,125
INDUCTEURS ENZYMATIQUES,MIANSERINE,inducteurs enzymatiques,mianserine,high,ASDEC,Risque d’inefficacité de la miansérine.,,125
INDUCTEURS ENZYMATIQUES,MIDOSTAURINE,inducteurs enzymatiques,midostaurine,critical,CI,Diminution des concentrations de midostaurine par l’inducteur enzymatique.,,125
INDUCTEURS ENZYMATIQUES,NALOXEGOL,inducteurs enzymatiques,naloxegol,high,ASDEC,Diminution des concentrations de naloxegol par l’inducteur.,,125
INDUCTEURS ENZYMATIQUES,NÉTUPITANT,inducteurs enzymatiques,netupitant,high,ASDEC,Diminution très importante des concentrations de nétupitant avec risque de perte d'efficacité.,,125
INDUCTEURS ENZYMATIQUES,OLAPARIB,inducteurs enzymatiques,olaparib,high,ASDEC,"Diminution, éventuellement très importante selon l’inducteur, des concentrations plasmatiques de l’olaparib par augmentation de son métabolisme hépatique par l’inducteur.",,125
INDUCTEURS ENZYMATIQUES,OMBITASVIR + PARITAPRÉVIR,inducteurs enzymatiques,ombitasvir + paritaprevir,critical,CI,Diminution des concentrations plasmatiques de la bithérapie par augmentation de son métabolisme hépatique par l’inducteur.,,125
INDUCTEURS ENZYMATIQUES,OXYCODONE,inducteurs enzymatiques,oxycodone,high,ASDEC,Diminution des concentrations plasmatiques de l’oxycodone par augmentation de son métabolisme par l’inducteur.,Adaptation éventuelle de la posologie d’oxycodone .,125
INDUCTEURS ENZYMATIQUES,PACLITAXEL,inducteurs enzymatiques,paclitaxel,high,ASDEC,"Diminution des concentrations du cytotoxique par augmentation de son métabolisme par l’inducteur, avec risque de moindre efficacité.",,126
INDUCTEURS ENZYMATIQUES,PROGESTATIFS CONTRACEPTIFS,inducteurs enzymatiques,progestatifs contraceptifs,high,ASDEC,"Diminution de l'efficacité contraceptive du contraceptif hormonal, par augmentation de son métabolisme hépatique par l'inducteur.","Utiliser de préférence une autre méthode contraceptive, en particulier de type mécanique, pendant la durée de l'association et un cycle suivant.",126
INDUCTEURS ENZYMATIQUES,"PROGESTATIFS NON CONTRACEPTIFS, ASSOCIÉS OU NON À UN ESTROGÈNE",inducteurs enzymatiques,"progestatifs non contraceptifs, associes ou non a un estrogene",moderate,PE,Diminution de l'efficacité du progestatif.,Surveillance clinique et adaptation éventuelle de la posologie du traitement hormonal pendant l'administration de l'inducteur et après son arrêt.,126
INDUCTEURS ENZYMATIQUES,RÉGORAFÉNIB,inducteurs enzymatiques,regorafenib,high,ASDEC,Diminution des concentrations plasmatiques de régorafenib par augmentation de son métabolisme par l’inducteur.,,126
INDUCTEURS ENZYMATIQUES,RILPIVIRINE,inducteurs enzymatiques,rilpivirine,critical,CI,Diminution significative des concentrations plasmatiques de rilpivirine par augmentation de son métabolisme hépatique par l’inducteur.,,126
INDUCTEURS ENZYMATIQUES,ROLAPITANT,inducteurs enzymatiques,rolapitant,high,ASDEC,Diminution très importante des concentrations de rolapitant avec risque de perte d’efficacité.,,126
INDUCTEURS ENZYMATIQUES,SERTRALINE,inducteurs enzymatiques,sertraline,high,ASDEC,Risque d’inefficacité du traitement antidépresseur.,,126
INDUCTEURS ENZYMATIQUES,SOFOSBUVIR,inducteurs enzymatiques,sofosbuvir,critical,CI;ASDEC,Risque de diminution des concentrations plasmatiques de sofosbuvir par diminution de son absorption intestinale par l’inducteur.,Contre-indication : - avec la rifampicine - avec les anticonvulsivants inducteurs enzymatiques Association déconseillée: - avec les autres inducteurs.,126
INDUCTEURS ENZYMATIQUES,TAMOXIFENE,inducteurs enzymatiques,tamoxifene,low,APEC,Risque d’inefficacité du tamoxifène par augmentation de son métabolisme par l’inducteur.,,126
INDUCTEURS ENZYMATIQUES,TÉNOFOVIR ALAFÉNAMIDE,inducteurs enzymatiques,tenofovir alafenamide,high,ASDEC,Diminution des concentrations plasmatiques du ténofovir alafénamide par diminution de son absorption par l’inducteur.,"Si l'association ne peut être évitée, surveillance clinique pendant l’association et 1 à 2 semaines après l’arrêt de l’inducteur.",126
INDUCTEURS ENZYMATIQUES,VÉMURAFÉNIB,inducteurs enzymatiques,vemurafenib,high,ASDEC,"Risque de diminution des concentrations du vémurafénib, avec moindre efficacité.",,126
INDUCTEURS ENZYMATIQUES,VÉNÉTOCLAX,inducteurs enzymatiques,venetoclax,high,ASDEC,"Diminution importante des concentrations de vénétoclax, avec risque de perte d’efficacité.",,126
INDUCTEURS ENZYMATIQUES,VINCA-ALCALOÏDES CYTOTOXIQUES,inducteurs enzymatiques,vinca-alcaloides cytotoxiques,high,ASDEC,"Diminution des concentrations plasmatiques du vinca-alcaloïde par l’inducteur, avec possible retentissement sur l’efficacité..",,126
INDUCTEURS ENZYMATIQUES,VISMODÉGIB,inducteurs enzymatiques,vismodegib,high,ASDEC,Risque de diminution des concentrations plasmatiques de vismodegib par augmentation de son métabolisme hépatique par l’inducteur.,,126
INDUCTEURS ENZYMATIQUES PUISSANTS,ABIRATERONE,inducteurs enzymatiques puissants,abiraterone,high,ASDEC,"Diminution notable des concentrations plasmatiques de l’abiratérone, avec risque de moindre efficacité.",,127
INDUCTEURS ENZYMATIQUES PUISSANTS,AFATINIB,inducteurs enzymatiques puissants,afatinib,moderate,PE,Diminution des concentrations plasmatiques de l’afatinib par augmentation de son métabolisme par ces substances.,Surveillance clinique pendant l’association et 1 à 2 semaines après leur arrêt.,127
INDUCTEURS ENZYMATIQUES PUISSANTS,ALBENDAZOLE,inducteurs enzymatiques puissants,albendazole,moderate,PE,"Diminution importante des concentrations plasmatiques de l’albendazole et de son métabolite actif par l’inducteur, avec risque de baisse de son efficacité.",Surveillance clinique de la réponse thérapeutique et adaptation éventuelle de la posologie de l’albendazole pendant le traitement avec l’inducteur enzymatique et après son arrêt.,127
INDUCTEURS ENZYMATIQUES PUISSANTS,ANTAGONISTES DES CANAUX CALCIQUES,inducteurs enzymatiques puissants,antagonistes des canaux calciques,high,ASDEC;PE,Diminution des concentrations plasmatiques de l'antagoniste du calcium par augmentation de son métabolisme hépatique.,Association déconseillée avec la nimodipine Précaution d'emploi : Surveillance clinique et adaptation éventuelle de la posologie de l'antagoniste du calcium pendant le traitement par l'inducteur et après son arrêt.,127
INDUCTEURS ENZYMATIQUES PUISSANTS,ANTIARYTHMIQUES CLASSE IA,inducteurs enzymatiques puissants,antiarythmiques classe ia,moderate,PE,"Diminution des concentrations plasmatiques et de l'efficacité de l'antiarythmique, par augmentation de son métabolisme hépatique par l'inducteur.","Surveillance clinique, ECG et contrôle des concentrations plasmatiques ; si besoin, adaptation de la posologie de l'antiarythmique pendant le traitement par l'inducteur et après son arrêt.",127
INDUCTEURS ENZYMATIQUES PUISSANTS,ANTIVITAMINES K,inducteurs enzymatiques puissants,antivitamines k,moderate,PE,"Diminution (ou, rarement, augmentation avec la phénytoïne) de l'effet de l'antivitamine K par augmentation de son métabolisme hépatique par l'anticonvulsivant inducteur.",Contrôle plus fréquent de l'INR. Adaptation éventuelle de la posologie de l'antivitamine K pendant le traitement par l'anticonvulsivant inducteur et 8 jours après son arrêt.,127
INDUCTEURS ENZYMATIQUES PUISSANTS,APIXABAN,inducteurs enzymatiques puissants,apixaban,high,ASDEC,"Diminution des concentrations plasmatiques de l’apixaban par l'inducteur enzymatique, avec risque de réduction de l’effet thérapeutique.",,127
INDUCTEURS ENZYMATIQUES PUISSANTS,APREPITANT,inducteurs enzymatiques puissants,aprepitant,high,ASDEC,Risque de diminution très importante des concentrations d'aprépitant.,,127
INDUCTEURS ENZYMATIQUES PUISSANTS,BOSENTAN,inducteurs enzymatiques puissants,bosentan,high,ASDEC,Risque de diminution des concentrations plasmatiques de,,127
INDUCTEURS ENZYMATIQUES PUISSANTS,CANNABIDIOL,inducteurs enzymatiques puissants,cannabidiol,high,ASDEC,Diminution des concentrations plasmatiques de cannabidiol avec risque de perte d’efficacité.,,127
INDUCTEURS ENZYMATIQUES PUISSANTS,CLOZAPINE,inducteurs enzymatiques puissants,clozapine,high,ASDEC;PE,"Diminution des concentrations plasmatiques de clozapine avec risque de perte d’efficacité. De plus, avec la carbamazépine, risque de majoration des effets hématologiques graves.","Association déconseillée: - avec la carbamazépine, l'apalutamide, l'enzalutamide Précaution d'emploi: - Avec la phénytoïne, la fosphénytoïne, la primidone, le phénobarbital. Surveillance clinique et adaptation posologique de la clozapine pendant l’association et après l’arrêt de l’inducteur - Avec l'apalutamide, l'enzalutamide : risque vraisemblablement modéré",127
INDUCTEURS ENZYMATIQUES PUISSANTS,COBICISTAT,inducteurs enzymatiques puissants,cobicistat,critical,CI,Risque de diminution de l’efficacité du cobicistat par augmentation de son métabolisme par l’inducteur.,,127
INDUCTEURS ENZYMATIQUES PUISSANTS,DABIGATRAN,inducteurs enzymatiques puissants,dabigatran,high,ASDEC,"Diminution des concentrations plasmatiques de dabigatran, avec risque de diminution de l'effet thérapeutique.",,128
INDUCTEURS ENZYMATIQUES PUISSANTS,DAROLUTAMIDE,inducteurs enzymatiques puissants,darolutamide,high,ASDEC,Diminution des concentrations plasmatiques de dalorutamide avec risque de perte d’efficacité.,,128
INDUCTEURS ENZYMATIQUES PUISSANTS,DEFERASIROX,inducteurs enzymatiques puissants,deferasirox,moderate,PE,Risque de diminution des concentrations plasmatiques de déférasirox.,"Surveiller la ferritinémie pendant et après le traitement par l’inducteur enzymatique. Si besoin, adaptation de la posologie de déférasirox.",128
INDUCTEURS ENZYMATIQUES PUISSANTS,DÉLAMANID,inducteurs enzymatiques puissants,delamanid,critical,CI,Diminution des concentrations plasmatiques de delamanid par augmentation de son métabolisme hépatique par l’inducteur.,,128
INDUCTEURS ENZYMATIQUES PUISSANTS,DOXYCYCLINE,inducteurs enzymatiques puissants,doxycycline,low,APEC,Risque de diminution importante des concentrations de doxycycline.,,128
INDUCTEURS ENZYMATIQUES PUISSANTS,DRONEDARONE,inducteurs enzymatiques puissants,dronedarone,high,ASDEC,"Diminution importante des concentrations de dronédarone par augmentation de son métabolisme, sans modification notable du métabolite actif.",,128
INDUCTEURS ENZYMATIQUES PUISSANTS,ESTROGÈNES NON CONTRACEPTIFS,inducteurs enzymatiques puissants,estrogenes non contraceptifs,moderate,PE,Diminution de l'efficacité de l'estrogène.,Surveillance clinique et adaptation éventuelle de la posologie du traitement hormonal pendant l'administration de l'inducteur et après son arrêt.,128
INDUCTEURS ENZYMATIQUES PUISSANTS,FENTANYL,inducteurs enzymatiques puissants,fentanyl,high,ASDEC,Diminution des concentrations plasmatiques de fentanyl par augmentation de son métabolisme hépatique par l'inducteur.,Préférer un autre morphinique.,128
INDUCTEURS ENZYMATIQUES PUISSANTS,HALOPERIDOL,inducteurs enzymatiques puissants,haloperidol,moderate,PE,Risque de moindre efficacité de l'halopéridol par augmentation de son métabolisme hépatique par l'inducteur.,"Surveillance clinique et, si besoin, adaptation posologique pendant le traitement par l'halopéridol et après son arrêt.",128
INDUCTEURS ENZYMATIQUES PUISSANTS,HORMONES THYROÏDIENNES,inducteurs enzymatiques puissants,hormones thyroidiennes,moderate,PE,"Risque d'hypothyroïdie clinique chez les patients hypothyroïdiens, par augmentation du métabolisme de la T3 et de la T4.","Surveillance clinique et biologique. Adaptation, si besoin, de la posologie des hormones thyroïdiennes pendant le traitement par l'inducteur et après son arrêt.",128
INDUCTEURS ENZYMATIQUES PUISSANTS,IDÉLALISIB,inducteurs enzymatiques puissants,idelalisib,high,ASDEC,Diminution des concentrations plasmatiques d’idélalisib par augmentation de son métabolisme hépatique par l'inducteur enzymatique.,,128
INDUCTEURS ENZYMATIQUES PUISSANTS,INHIBITEURS DE LA 5-ALPHA REDUCTASE,inducteurs enzymatiques puissants,inhibiteurs de la 5-alpha reductase,high,ASDEC,Diminution des concentrations plasmatiques de l’inhibiteur de la 5- alpha réductase par l’inducteur enzymatique.,"Si l’association ne peut être évitée, surveillance clinique étroite.",128
INDUCTEURS ENZYMATIQUES PUISSANTS,INHIBITEURS DE PROTÉASES BOOSTÉS PAR RITONAVIR,inducteurs enzymatiques puissants,inhibiteurs de proteases boostes par ritonavir,moderate,PE,Risque de baisse de l'efficacité de l'inhibiteur de protéases par augmentation de son métabolisme hépatique par l'inducteur.,"Surveillance clinique et biologique régulière, notamment en début d'association.",128
INDUCTEURS ENZYMATIQUES PUISSANTS,INHIBITEURS DE TYROSINE KINASES MÉTABOLISÉS,inducteurs enzymatiques puissants,inhibiteurs de tyrosine kinases metabolises,high,ASDEC,"Diminution des concentrations plasmatiques et de l’efficacité de l’inhibiteur de tyrosine kinase, par augmentation de son métabolisme par l’inducteur.",,128
INDUCTEURS ENZYMATIQUES PUISSANTS,IVABRADINE,inducteurs enzymatiques puissants,ivabradine,moderate,PE,"Risque de diminution de l'efficacité de l’ivabradine, par augmentation de son métabolisme par l’inducteur.",Surveillance clinique et adaptation de la posologie de l’ivabradine pendant l’association et après l’arrêt de l’inducteur.,128
INDUCTEURS ENZYMATIQUES PUISSANTS,LÉDIPASVIR,inducteurs enzymatiques puissants,ledipasvir,critical,CI,Diminution importante des concentrations plasmatiques du lédipasvir par augmentation de son métabolisme hépatique par l'inducteur enzymatique.,Sauf pour enzalutamide,129
INDUCTEURS ENZYMATIQUES PUISSANTS,LÉNACAPAVIR,inducteurs enzymatiques puissants,lenacapavir,critical,CI,"Diminution, éventuellement considérable, des concentrations de lénacapavir, avec risque de réduction de la réponse virologique.",,129
INDUCTEURS ENZYMATIQUES PUISSANTS,METRONIDAZOLE,inducteurs enzymatiques puissants,metronidazole,moderate,PE,Diminution des concentrations plasmatiques du métronidazole par augmentation de son métabolisme hépatique par l’inducteur.,Surveillance clinique et adaptation éventuelle de la posologie de métronidazole pendant le traitement par l’inducteur et après son arrêt.,129
INDUCTEURS ENZYMATIQUES PUISSANTS,MIDAZOLAM,inducteurs enzymatiques puissants,midazolam,low,APEC,Risque de diminution des concentrations plasmatiques du midazolam par l'anticonvulsivant.,,129
INDUCTEURS ENZYMATIQUES PUISSANTS,MINÉRALOCORTICOÏDES,inducteurs enzymatiques puissants,mineralocorticoides,moderate,PE,Diminution des concentrations plasmatiques et de l'efficacité des corticoïdes par augmentation de leur métabolisme hépatique par l'inducteur : les conséquences sont particulièrement importantes chez les addisoniens traités par l'hydrocortisone et en cas de transplantation.,Surveillance clinique et biologique ; adaptation de la posologie des corticoïdes pendant le traitement par l'inducteur et après son arrêt.,129
INDUCTEURS ENZYMATIQUES PUISSANTS,MONTELUKAST,inducteurs enzymatiques puissants,montelukast,moderate,PE,Risque de baisse de l'efficacité du montélukast par augmentation de son métabolisme hépatique par l'inducteur.,Surveillance clinique et adaptation éventuelle de la posologie de l'anti- asthmatique pendant le traitement par l'inducteur et après son arrêt.,129
INDUCTEURS ENZYMATIQUES PUISSANTS,NIMODIPINE,inducteurs enzymatiques puissants,nimodipine,high,ASDEC,Diminution des concentrations plasmatiques de l'antagoniste du calcium par augmentation de son métabolisme hépatique par l'inducteur.,Surveillance clinique et adaptation éventuelle de la posologie de l'antagoniste du calcium pendant le traitement par l'inducteur et après son arrêt.,129
INDUCTEURS ENZYMATIQUES PUISSANTS,OZANIMOD,inducteurs enzymatiques puissants,ozanimod,high,ASDEC,Diminution des concentrations des métabolites actifs de l’ozanimod d’environ 60%.,,129
INDUCTEURS ENZYMATIQUES PUISSANTS,PÉRAMPANEL,inducteurs enzymatiques puissants,perampanel,low,APEC,Diminution importante (jusqu’aux deux-tiers) des concentrations de pérampanel.,,129
INDUCTEURS ENZYMATIQUES PUISSANTS,POSACONAZOLE,inducteurs enzymatiques puissants,posaconazole,moderate,PE,Diminution des concentrations plasmatiques et de l'efficacité du posaconazole.,"Surveillance clinique. Si possible, dosages plasmatiques du posaconazole et adaptation éventuelle de sa posologie.",129
INDUCTEURS ENZYMATIQUES PUISSANTS,PRAZIQUANTEL,inducteurs enzymatiques puissants,praziquantel,high,ASDEC,"Diminution très importante des concentrations plasmatiques du praziquantel, avec risque d'échec du traitement, par augmentation de son métabolisme hépatique par l'inducteur.",,129
INDUCTEURS ENZYMATIQUES PUISSANTS,PROCARBAZINE,inducteurs enzymatiques puissants,procarbazine,low,APEC,"Augmentation des réactions d'hypersensibilité (hyperéosinophilie, rash), par augmentation du métabolisme de la procarbazine par l'inducteur.",,129
INDUCTEURS ENZYMATIQUES PUISSANTS,PROPAFENONE,inducteurs enzymatiques puissants,propafenone,moderate,PE,Diminution des concentrations plasmatiques de la propafénone par augmentation de son métabolisme hépatique par l'inducteur.,"Surveillance clinique et ECG. S'il y a lieu, adaptation de la posologie de la propafénone pendant l'association et après l'arrêt de l'inducteur.",129
INDUCTEURS ENZYMATIQUES PUISSANTS,QUETIAPINE,inducteurs enzymatiques puissants,quetiapine,high,ASDEC,"Diminution très importante des concentrations plasmatiques de quétiapine par augmentation de son métabolisme hépatique par l'inducteur, avec risque d’inefficacité.",,129
INDUCTEURS ENZYMATIQUES PUISSANTS,QUININE,inducteurs enzymatiques puissants,quinine,moderate,PE,Risque de perte de l’efficacité de la quinine par augmentation de son métabolisme hépatique par l’inducteur.,Surveillance clinique et adaptation de la posologie de la quinine pendant le traitement par l’inducteur et après son arrêt.,130
INDUCTEURS ENZYMATIQUES PUISSANTS,RANOLAZINE,inducteurs enzymatiques puissants,ranolazine,high,ASDEC,Risque de diminution importante des concentrations de ranolazine.,,130
INDUCTEURS ENZYMATIQUES PUISSANTS,RIVAROXABAN,inducteurs enzymatiques puissants,rivaroxaban,high,ASDEC,"Diminution des concentrations plasmatiques de rivaroxaban, avec risque de diminution de l'effet thérapeutique.",,130
INDUCTEURS ENZYMATIQUES PUISSANTS,SACITUZUMAB,inducteurs enzymatiques puissants,sacituzumab,low,APEC,"Pour le SN38 lié au sacizutumab (govitécan) : risque de diminution de son exposition, par augmentation de son métabolisme.",,130
INDUCTEURS ENZYMATIQUES PUISSANTS,SOTORASIB,inducteurs enzymatiques puissants,sotorasib,high,ASDEC,"Diminution notable des concentrations plasmatiques du sotorasib, avec risque de moindre efficacité.",,130
INDUCTEURS ENZYMATIQUES PUISSANTS,STIRIPENTOL,inducteurs enzymatiques puissants,stiripentol,moderate,PE,"Augmentation des concentrations plasmatiques de l'inducteur, avec risque de surdosage, par inhibition de son métabolisme hépatique par le stiripentol.","Surveillance clinique et dosage plasmatique, lorsque cela est possible, de l'inducteur associé au stiripentol et adaptation éventuelle de sa posologie.",130
INDUCTEURS ENZYMATIQUES PUISSANTS,TELITHROMYCINE,inducteurs enzymatiques puissants,telithromycine,high,ASDEC,"Diminution des concentrations plasmatiques de la télithromycine, avec risque d'échec du traitement anti-infectieux, par augmentation de son métabolisme hépatique par l'inducteur.",,130
INDUCTEURS ENZYMATIQUES PUISSANTS,"THÉOPHYLLINE (ET, PAR EXTRAPOLATION, AMINOPHYLLINE)",inducteurs enzymatiques puissants,"theophylline (et, par extrapolation, aminophylline)",moderate,PE,Diminution des concentrations plasmatiques et de l'efficacité de la théophylline par augmentation de son métabolisme hépatique par l'inducteur.,"Surveillance clinique et, si besoin, de la théophyllinémie. Adaptation éventuelle de la posologie de la théophylline pendant le traitement par l'inducteur et après son arrêt.",130
INDUCTEURS ENZYMATIQUES PUISSANTS,TIAGABINE,inducteurs enzymatiques puissants,tiagabine,moderate,PE,Diminution des concentrations plasmatiques de la tiagabine par augmentation de son métabolisme hépatique par l'inducteur.,Une augmentation de la posologie de tiagabine peut s'avérer nécessaire en cas d'association à un anticonvulsivant inducteur enzymatique.,130
INDUCTEURS ENZYMATIQUES PUISSANTS,TICAGRELOR,inducteurs enzymatiques puissants,ticagrelor,high,ASDEC,"Diminution importante des concentrations plasmatiques de ticagrelor par augmentation de son métabolisme hépatique par l'inducteur enzymatique, avec risque de diminution de l’effet thérapeutique.",,130
INDUCTEURS ENZYMATIQUES PUISSANTS,ULIPRISTAL,inducteurs enzymatiques puissants,ulipristal,high,ASDEC,"Risque de diminution de l’effet de l’ulipristal, par augmentation de son métabolisme hépatique par l’inducteur.",Préférer une alternative thérapeutique peu ou pas métabolisée.,130
INDUCTEURS ENZYMATIQUES PUISSANTS,VELPATASVIR,inducteurs enzymatiques puissants,velpatasvir,critical,CI,"Diminution des concentrations plasmatiques de velpatasvir par l’inducteur, avec possible retentissement sur l’efficacité.",,130
INDUCTEURS ENZYMATIQUES PUISSANTS,VITAMINE D,inducteurs enzymatiques puissants,vitamine d,moderate,PE,Diminution des concentrations de vitamine D plus marquée qu’en l’absence d'inducteur.,Dosage des concentrations de vitamine D et supplémentation si nécessaire.,130
INDUCTEURS ENZYMATIQUES PUISSANTS,VORICONAZOLE,inducteurs enzymatiques puissants,voriconazole,critical,CI;ASDEC,"- pour carbamazépine, phénobarbital, primidone : Risque de baisse de l'efficacité du voriconazole par augmentation de son métabolisme hépatique par l'inducteur. - pour phénytoïne, fosphénytoïne : Diminution importante des concentrations plasmatiques du voriconazole avec risque de perte d'efficacité, par augmentation de son métabolisme hépatique par la phénytoïne, d'une part, et augmentation des concentrations plasmatiques de la phénytoïne par diminution de son métabolisme hépatique par le voriconazole, d'autre part.","Contre-indication : - pour carbamazépine, phénobarbital, primidone Association déconseillée : - pour apalutamide, enzalutamide - pour phénytoïne, fosphénytoïne Si l'association ne peut être évitée, surveillance clinique étroite, dosage des concentrations plasmatiques de phénytoïne et adaptation éventuelle des posologies pendant l'association et après l'arrêt du voriconazole.",131
INDUCTEURS ENZYMATIQUES PUISSANTS,VOXELOTOR,inducteurs enzymatiques puissants,voxelotor,high,ASDEC,"Diminution notable des concentrations plasmatiques du voxelotor, avec risque de moindre efficacité.",,131
INHIBITEURS DE LA 5-ALPHA REDUCTASE,INDUCTEURS ENZYMATIQUES PUISSANTS,inhibiteurs de la 5-alpha reductase,inducteurs enzymatiques puissants,high,ASDEC,Diminution des concentrations plasmatiques de l’inhibiteur de la 5- alpha réductase par l’inducteur enzymatique.,"Si l’association ne peut être évitée, surveillance clinique étroite.",131
INHIBITEURS DE LA 5-ALPHA REDUCTASE,MILLEPERTUIS,inhibiteurs de la 5-alpha reductase,millepertuis,critical,CI,Diminution des concentrations plasmatiques de l’inhibiteur de la 5- alpha réductase par le millepertuis.,,131
INHIBITEURS DE LA 5-ALPHA REDUCTASE,RIFAMPICINE,inhibiteurs de la 5-alpha reductase,rifampicine,high,ASDEC,Diminution des concentrations plasmatiques de l’inhibiteur de la 5- alpha réductase par l’inducteur enzymatique.,"Si l’association ne peut être évitée, surveillance clinique étroite.",131
INHIBITEURS DE LA CATÉCHOL-O-MÉTHYLTRANSFÉRASE (COMT),IMAO IRRÉVERSIBLES,inhibiteurs de la catechol-o-methyltransferase (comt),imao irreversibles,critical,CI,"Potentialisation des effets pharmacologiques, et notamment vasopresseurs, des catécholamines par inhibition conjuguée de leur métabolisme.",,131
INHIBITEURS DE LA PHOSPHODIESTERASE DE TYPE 5,ALPHABLOQUANTS À VISÉE UROLOGIQUE,inhibiteurs de la phosphodiesterase de type 5,alphabloquants a visee urologique,high,ASDEC;PE,"Risque d’hypotension orthostatique, notamment chez le sujet âgé.",Association déconseillée : - avec la doxazosine Précaution d'emploi : - avec les autres alpha-bloquants Débuter le traitement aux posologies minimales recommandées et adapter progressivement les doses si besoin.,131
INHIBITEURS DE LA PHOSPHODIESTERASE DE TYPE 5,ANTIHYPERTENSEURS ALPHA-BLOQUANTS,inhibiteurs de la phosphodiesterase de type 5,antihypertenseurs alpha-bloquants,high,ASDEC;PE,"Risque d’hypotension orthostatique, notamment chez le sujet âgé.",Association déconseillée : - avec la doxazosine Précaution d'emploi : - avec les autres alpha-bloquants Débuter le traitement aux posologies minimales recommandées et adapter progressivement les doses si besoin.,131
INHIBITEURS DE LA PHOSPHODIESTERASE DE TYPE 5,DÉRIVÉS NITRÉS ET APPARENTÉS,inhibiteurs de la phosphodiesterase de type 5,derives nitres et apparentes,critical,CI,Risque d'hypotension importante (effet synergique) pouvant aggraver l'état d'ischémie myocardique et provoquer notamment un accident coronarien aigu.,,131
INHIBITEURS DE LA PHOSPHODIESTERASE DE TYPE 5,INHIBITEURS PUISSANTS DU CYP3A4,inhibiteurs de la phosphodiesterase de type 5,inhibiteurs puissants du cyp3a4,critical,CI;ASDEC;PE,"Augmentation (très importante pour l'avanafil et le vardénafil) des concentrations plasmatiques de l'IPDE5, avec risque d'hypotension (sévère avec le vardénafil).","Pour connaître les risques et les niveaux de contrainte de chaque IPDE5 avec les inhibiteurs puissants du CYP3A4, il convient de se reporter aux AMM specifiques à chacun d'eux.",131
INHIBITEURS DE LA PHOSPHODIESTERASE DE TYPE 5,RIOCIGUAT,inhibiteurs de la phosphodiesterase de type 5,riociguat,critical,CI,Risque d'hypotension importante (effet synergique).,,132
INHIBITEURS DE LA XANTHINE OXYDASE,ANTIPURINES,inhibiteurs de la xanthine oxydase,antipurines,critical,CI,Insuffisance médullaire éventuellement grave.,,132
INHIBITEURS DE LA XANTHINE OXYDASE,"THÉOPHYLLINE (ET, PAR EXTRAPOLATION, AMINOPHYLLINE)",inhibiteurs de la xanthine oxydase,"theophylline (et, par extrapolation, aminophylline)",moderate,PE,"En cas de posologies élevées de l'inhibiteur, augmentation des concentrations plasmatiques de théophylline par inhibition de son métabolisme.","Surveillance clinique et contrôle de la théophyllinémie jusqu'à deux à trois semaines après la mise en route du traitement par l'inhibiteur ; s'il y a lieu, adaptation de la posologie pendant le traitement par l'association.",132
INHIBITEURS DE L'ENZYME DE CONVERSION,ACIDE ACETYLSALICYLIQUE,inhibiteurs de l'enzyme de conversion,acide acetylsalicylique,moderate,PE,"Pour des doses anti-inflammatoires d'acide acétylsalicylique (>= 1g par prise et/ou >= 3g par jour) ou pour des doses antalgiques ou antipyrétiques (>= 500 mg par prise et/ou < 3g par jour) : Insuffisance rénale aiguë chez le patient à risque (âgé, déshydraté, sous diurétiques, avec une fonction rénale altérée), par diminution de la filtration glomérulaire secondaire à une diminution de la synthèse des prostaglandines rénales. Par ailleurs, réduction de l'effet antihypertenseur.",Hydrater le malade et surveiller la fonction rénale en début de traitement et régulièrement pendant l’association.,132
INHIBITEURS DE L'ENZYME DE CONVERSION,ANTAGONISTES DES RÉCEPTEURS DE L'ANGIOTENSINE II,inhibiteurs de l'enzyme de conversion,antagonistes des recepteurs de l'angiotensine ii,low,APEC,"Dans les indications où cette association est possible, risque accru de dégradation de la fonction rénale, voire insuffisance rénale aiguë, et majoration de l'hyperkaliémie, ainsi que de l'hypotension et des syncopes.",,132
INHIBITEURS DE L'ENZYME DE CONVERSION,ANTI-INFLAMMATOIRES NON STÉROÏDIENS,inhibiteurs de l'enzyme de conversion,anti-inflammatoires non steroidiens,moderate,PE,"Insuffisance rénale aiguë chez le patient à risque (âgé, déshydraté, sous diurétiques, avec une fonction rénale altérée), par diminution de la filtration glomérulaire secondaire à une diminution de la synthèse des prostaglandines rénales. Ces effets sont généralement réversibles. Par ailleurs, réduction de l’effet antihypertenseur.",Hydrater le malade et surveiller la fonction rénale en début de traitement et régulièrement pendant l’association.,132
INHIBITEURS DE L'ENZYME DE CONVERSION,DIURÉTIQUES ÉPARGNEURS DE POTASSIUM (SEULS OU ASSOCIÉS),inhibiteurs de l'enzyme de conversion,diuretiques epargneurs de potassium (seuls ou associes),high,ASDEC;PE,Risque d'hyperkaliémie (potentiellement létale) surtout en cas d'insuffisance rénale (addition des effets hyperkaliémiants).,"Association déconseillée : - si l'association est justifiée, contrôle strict de la kaliémie et de la fonction rénale. Précaution d'emploi : - pour la spironolactone à des doses comprises entre 12,5 mg et 50 mg/jour, et pour l’éplérénone utilisées dans le traitement de l'insuffisance cardiaque, ainsi qu'en cas d'hypokaliémie : contrôle strict de la kaliémie et de la fonction rénale.",132
INHIBITEURS DE L'ENZYME DE CONVERSION,DIURÉTIQUES HYPOKALIÉMIANTS,inhibiteurs de l'enzyme de conversion,diuretiques hypokaliemiants,moderate,PE,Risque d'hypotension artérielle brutale et/ou d'insuffisance rénale aiguë lors de l'instauration ou de l'augmentation de la posologie d'un traitement par un inhibiteur de l'enzyme de conversion en cas de déplétion hydrosodée préexistante.,"Dans l'hypertension artérielle, lorsqu'un traitement diurétique préalable a pu entraîner une déplétion hydrosodée, il faut : - soit arrêter le diurétique avant de débuter le traitement par l'IEC, et réintroduire un diurétique hypokaliémiant si nécessaire ultérieurement ; - soit administrer des doses initiales réduites d'IEC et augmenter progressivement la posologie. Dans l'insuffisance cardiaque congestive traitée par diurétiques, commencer par une dose très faible d'IEC, éventuellement après réduction de la dose du diurétique hypokaliémient associé. Dans tous les cas : surveiller la fonction rénale (créatininémie) dans les premières semaines du traitement par l'IEC.",132
INHIBITEURS DE L'ENZYME DE CONVERSION,EPLERENONE,inhibiteurs de l'enzyme de conversion,eplerenone,moderate,PE,"Majoration du risque d’hyperkaliémie, notamment chez le sujet âgé.",Contrôle strict de la kaliémie et de la fonction rénale pendant l’association.,132
INHIBITEURS DE L'ENZYME DE CONVERSION,ESTRAMUSTINE,inhibiteurs de l'enzyme de conversion,estramustine,high,ASDEC,Risque de majoration des effets indésirables à type d'oedème angio-neurotique (angio-oedème).,,132
INHIBITEURS DE L'ENZYME DE CONVERSION,GLIPTINES,inhibiteurs de l'enzyme de conversion,gliptines,low,APEC,Risque de majoration de la survenue d'un angio-œdème d'origine bradykinique pouvant être fatal.,,133
INHIBITEURS DE L'ENZYME DE CONVERSION,INSULINE,inhibiteurs de l'enzyme de conversion,insuline,moderate,PE,L'utilisation des IEC peut entraîner une majoration de l'effet hypoglycémiant chez le diabétique traité par insuline. La survenue de malaises hypoglycémiques semble exceptionnelle (amélioration de la tolérance au glucose qui aurait pour conséquence une réduction des besoins en insuline).,Renforcer l'autosurveillance glycémique.,133
INHIBITEURS DE L'ENZYME DE CONVERSION,LITHIUM,inhibiteurs de l'enzyme de conversion,lithium,high,ASDEC,Augmentation de la lithémie pouvant atteindre des valeurs toxiques (diminution de l'excrétion rénale du lithium).,"Si l'usage d'un IEC est indispensable, surveillance stricte de la lithémie et adaptation de la posologie du lithium.",133
INHIBITEURS DE L'ENZYME DE CONVERSION,OR,inhibiteurs de l'enzyme de conversion,or,low,APEC,"Avec les sels d'or administrés par voie IV : risque de réaction «nitritoïde» à l’introduction de l’IEC (nausées, vomissements, effets vasomoteurs à type de flush, hypotension, éventuellement collapsus).",,133
INHIBITEURS DE L'ENZYME DE CONVERSION,POTASSIUM,inhibiteurs de l'enzyme de conversion,potassium,high,ASDEC,"Pour une quantité de potassium > à 1 mmol/prise, hyperkaliémie potentiellement létale, notamment chez l'insuffisant rénale ( addition des effets hyperkaliémiants).",Sauf s'il existe une hypokaliémie.,133
INHIBITEURS DE L'ENZYME DE CONVERSION,SACUBITRIL,inhibiteurs de l'enzyme de conversion,sacubitril,critical,CI,Augmentation du risque d'angioedème.,,133
INHIBITEURS DE L'ENZYME DE CONVERSION,SIROLIMUS,inhibiteurs de l'enzyme de conversion,sirolimus,low,APEC,Majoration du risque d’angio-oedème.,,133
INHIBITEURS DE L'ENZYME DE CONVERSION,SPIRONOLACTONE,inhibiteurs de l'enzyme de conversion,spironolactone,moderate,PE,"Avec la spironolactone à la posologie de 12,5 à 50 mg par jour, et avec des doses faibles d’IEC. Dans le traitement de l’insuffisance cardiaque de classe III ou IV (NYHA) avec fraction d’éjection <35 % et préalablement traitée par l’association inhibiteur de conversion + diurétique de l’anse : risque d’hyperkaliémie, potentiellement létale, en cas de non-respect des conditions de prescription de cette association.","Vérifier au préalable l’absence d’hyperkaliémie et d’insuffisance rénale. Surveillance biologique étroite de la kaliémie et de la créatininémie (1 fois par semaine pendant le premier mois, puis une fois par mois ensuite).",133
INHIBITEURS DE L'ENZYME DE CONVERSION,SULFAMIDES HYPOGLYCÉMIANTS,inhibiteurs de l'enzyme de conversion,sulfamides hypoglycemiants,moderate,PE,L'utilisation des IEC peut entraîner une majoration de l'effet hypoglycémiant chez le diabétique traité par sulfamides hypoglycémiants. La survenue de malaises hypoglycémiques semble exceptionnelle (amélioration de la tolérance au glucose qui aurait pour conséquence une réduction des besoins en sulfamides hypoglycémiants).,Renforcer l'autosurveillance glycémique.,133
INHIBITEURS DE L'ENZYME DE CONVERSION,TEMSIROLIMUS,inhibiteurs de l'enzyme de conversion,temsirolimus,low,APEC,Majoration du risque d’angio-oedème.,,133
INHIBITEURS DE L'HMG-COA RÉDUCTASE (STATINES),ACIDE FUSIDIQUE,inhibiteurs de l'hmg-coa reductase (statines),acide fusidique,critical,CI,Risque majoré d'effets indésirables (concentration-dépendants) à type de rhabdomyolyse.,Arrêter le traitement par l'inhibiteur de l'HMG Co-A réductase avant d'initier un traitement par acide fusidique ou utiliser un autre antibiotique.,133
INHIBITEURS DE L'HMG-COA RÉDUCTASE (STATINES),ANTIVITAMINES K,inhibiteurs de l'hmg-coa reductase (statines),antivitamines k,moderate,PE,Augmentation de l'effet de l'antivitamine K et du risque hémorragique.,Contrôle plus fréquent de l'INR. Adaptation éventuelle de la posologie de l'antivitamine K.,133
INHIBITEURS DE L'HMG-COA RÉDUCTASE (STATINES),COBIMÉTINIB,inhibiteurs de l'hmg-coa reductase (statines),cobimetinib,low,APEC,Risque majoré de rhabdomyolyse.,,133
INHIBITEURS DE L'HMG-COA RÉDUCTASE (STATINES),COLCHICINE,inhibiteurs de l'hmg-coa reductase (statines),colchicine,moderate,PE,"Risque de majoration des effets indésirables musculaires de ces substances, et notamment de rhabdomyolyse.","Surveillance clinique et biologique, notamment au début de l'association.",134
INHIBITEURS DE L'HMG-COA RÉDUCTASE (STATINES),DAPTOMYCINE,inhibiteurs de l'hmg-coa reductase (statines),daptomycine,high,ASDEC,Risque d’addition des effets indésirables (dose-dépendant) à type de rhabdomyolyse.,"Si l’association ne peut être évitée, renforcer la surveillance biologique (dosage des CPK plus d’une fois par semaine) et surveillance clinique étroite.",134
INHIBITEURS DE L'HMG-COA RÉDUCTASE (STATINES),ELTROMBOPAG,inhibiteurs de l'hmg-coa reductase (statines),eltrombopag,moderate,PE,"Risque de majoration de la toxicité des statines, par inhibition de leur recapture hépatique.",Surveillance clinique et adaptation éventuelle de la posologie de la statine.,134
INHIBITEURS DE L'HMG-COA RÉDUCTASE (STATINES),FIBRATES,inhibiteurs de l'hmg-coa reductase (statines),fibrates,critical,CI;ASDEC,"Risque d'addition d'effets indésirables (dose-dépendants) à type de rhabdomyolyse. En outre, avec le gemfibrozil, diminution du métabolisme de la simvastatine et de la rosuvastatine, ce qui majore le risque musculaire, ainsi que la néphrotoxicité de la rosuvastatine.","L'association d'un fibrate et d'une statine est au minmum déconseillée. Avec la simvastatine, ne pas dépasser 10 mg ( cette restriction de doses ne concerne pas le fénofibrate). La contre-indication s'applique : - entre le gemfibrozil et la simvastatine - pour des doses de rosuvastatine de 40 mg",134
INHIBITEURS DE L'HMG-COA RÉDUCTASE (STATINES),GLIPTINES,inhibiteurs de l'hmg-coa reductase (statines),gliptines,moderate,PE,"Possibilité de survenue d’effets indésirables musculaires à l’introduction d’une gliptine, malgré le traitement antérieur par statine bien toléré.",Le contrôle régulier de la fonction rénale et le strict respect des doses sont impératifs.,134
INHIBITEURS DE L'HMG-COA RÉDUCTASE (STATINES),GRAZOPREVIR + ELBASVIR,inhibiteurs de l'hmg-coa reductase (statines),grazoprevir + elbasvir,moderate,PE,Augmentation des concentrations plasmatiques de l’hypochlestérolémiant par augmentation de son absorption intestinale.,Surveillance clinique et biologique pendant l’association. La dose de statine ne doit pas dépasser 20 mg par jour (10 mg avec la rosuvastatine).,134
INHIBITEURS DE L'HMG-COA RÉDUCTASE (STATINES),LÉDIPASVIR,inhibiteurs de l'hmg-coa reductase (statines),ledipasvir,critical,CI;PE,Risque d’augmentation des concentrations plasmatiques de la statine et de ses effets indésirables à type de rhabdomyolyse.,Contre-indication : - avec la rosuvastatine. Précaution d'emploi : - avec les autres inhibiteurs de l'HMG Co-A réductase. Surveillance clinique et biologique. Adaptation éventuelle de la posologie de la statine.,134
INHIBITEURS DE L'HMG-COA RÉDUCTASE (STATINES),LENALIDOMIDE,inhibiteurs de l'hmg-coa reductase (statines),lenalidomide,moderate,PE,Risque majoré de survenue de rhabdomyolyses.,"Renforcer le contrôle clinique et biologique, notamment durant les premières semaines de traitement.",134
INHIBITEURS DE L'HMG-COA RÉDUCTASE (STATINES),LÉTERMOVIR,inhibiteurs de l'hmg-coa reductase (statines),letermovir,high,ASDEC;PE,Risque d’augmentation des concentrations plasmatiques de la statine et de ses effets indésirables à type de rhabdomyolyse.,"Association déconseillée: - avec simvastatine, pitavastatine, rosuvastatine Précaution d'emploi (en cas d’utilisation du létermovir seul): - ne pas dépasser 20 mg/ jour d’atorvastatine - adaptation éventuelle de la posologie de fluvastatine et de pravastatine,",134
INHIBITEURS DE L'HMG-COA RÉDUCTASE (STATINES),ROXADUSTAT,inhibiteurs de l'hmg-coa reductase (statines),roxadustat,moderate,PE,"Augmentation d’un facteur 2 à 3 de l’exposition de la statine, par diminution de son métabolisme par le roxadustat.",Surveillance clinique et adaptation de la posologie de la statine pendant le traitement par roxadustat.,134
INHIBITEURS DE PROTÉASES BOOSTÉS PAR RITONAVIR,AFATINIB,inhibiteurs de proteases boostes par ritonavir,afatinib,moderate,PE,Augmentation des concentrations plasmatiques d’afatinib par augmentation de son absorption par l'inhibiteur de protéases.,"Il est recommandé d’administrer l'inhibiteur de protéases le plus à distance possible de l’afatinib, en respectant de préférence un intervalle de 6 heures ou de 12 heures par rapport à la prise d’afatinib.",135
INHIBITEURS DE PROTÉASES BOOSTÉS PAR RITONAVIR,ALBENDAZOLE,inhibiteurs de proteases boostes par ritonavir,albendazole,moderate,PE,"Diminution importante des concentrations plasmatiques de l’albendazole et de son métabolite actif par le ritonavir, avec risque de baisse de son efficacité.",Surveillance clinique de la réponse thérapeutique et adaptation éventuelle de la posologie de l’albendazole pendant le traitement avec l’inducteur enzymatique et après son arrêt.,135
INHIBITEURS DE PROTÉASES BOOSTÉS PAR RITONAVIR,ANTIVITAMINES K,inhibiteurs de proteases boostes par ritonavir,antivitamines k,moderate,PE,"Variation de l'effet de l'antivitamine K, le plus souvent dans le sens d'une diminution.",Contrôle plus fréquent de l'INR. Adaptation éventuelle de la posologie de l'antivitamine K pendant la durée du traitement.,135
INHIBITEURS DE PROTÉASES BOOSTÉS PAR RITONAVIR,ATORVASTATINE,inhibiteurs de proteases boostes par ritonavir,atorvastatine,high,ASDEC,Risque majoré d'effets indésirables (concentration-dépendants) à type de rhabdomyolyse (diminution du métabolisme hépatique de l'atorvastatine).,"Utiliser des doses plus faibles d'atorvastatine. Si l'objectif thérapeutique n'est pas atteint, utiliser une autre statine non concernée par ce type d'interaction.",135
INHIBITEURS DE PROTÉASES BOOSTÉS PAR RITONAVIR,ATOVAQUONE,inhibiteurs de proteases boostes par ritonavir,atovaquone,high,ASDEC,"Diminution, éventuellement très importante, des concentrations plasmatiques de l’atovaquone par augmentation de son métabolisme.",,135
INHIBITEURS DE PROTÉASES BOOSTÉS PAR RITONAVIR,BUPRENORPHINE,inhibiteurs de proteases boostes par ritonavir,buprenorphine,low,APEC,"Risque de majoration ou de diminution des effets de la buprénorphine, à la fois par inhibition et accélération de son métabolisme par l’inhibiteur de protéases.",,135
INHIBITEURS DE PROTÉASES BOOSTÉS PAR RITONAVIR,CLARITHROMYCINE,inhibiteurs de proteases boostes par ritonavir,clarithromycine,moderate,PE,Augmentation des concentrations de la clarithromycine et de son métabolite actif par diminution de son métabolisme hépatique par l'inhibiteur de protéases.,"Surveillance clinique et biologique régulière, notamment en début d'association.",135
INHIBITEURS DE PROTÉASES BOOSTÉS PAR RITONAVIR,CYPROTERONE,inhibiteurs de proteases boostes par ritonavir,cyproterone,high,ASDEC;PE,Risque de diminution de l'efficacité de la cyprotérone.,"Association déconseillée - dans son utilisation comme contraceptif hormonal: utiliser de préférence une autre méthode de contraception en particulier de type mécanique, pendant la durée de l'association et un cycle suivant. Précaution d'emploi - dans ses indications comme anti-androgène: surveillance clinique et adaptation éventuelle de la posologie de la cyprotérone pendant l'association et après son arrêt.",135
INHIBITEURS DE PROTÉASES BOOSTÉS PAR RITONAVIR,DIGOXINE,inhibiteurs de proteases boostes par ritonavir,digoxine,moderate,PE,"Augmentation de la digoxinémie, plus marquée pour la voie intraveineuse, par augmentation de l’absorption de la digoxine ou diminution de sa clairance rénale.","Surveillance clinique et, s’il y a lieu, de l’ECG et de la digoxinémie, avec adaptation éventuelle de la posologie de digoxine.",135
INHIBITEURS DE PROTÉASES BOOSTÉS PAR RITONAVIR,ESTROPROGESTATIFS CONTRACEPTIFS,inhibiteurs de proteases boostes par ritonavir,estroprogestatifs contraceptifs,high,ASDEC,"Risque de diminution de l'efficacité contraceptive par diminution des concentrations en contraceptif hormonal, dûe à l'augmentation de son métabolisme hépatique par le ritonavir.","Utiliser une méthode additionnelle de type mécanique (préservatif) pendant la durée de l’association, et un cycle suivant l’arrêt du ritonavir.",135
INHIBITEURS DE PROTÉASES BOOSTÉS PAR RITONAVIR,HORMONES THYROÏDIENNES,inhibiteurs de proteases boostes par ritonavir,hormones thyroidiennes,moderate,PE,Risque de baisse de l’efficacité des hormones thyroïdiennes par augmentation de leur métabolisme hépatique par le ritonavir.,Surveillance clinique et biologique et adaptation éventuelle de la posologie des hormones thyroïdiennes.,135
INHIBITEURS DE PROTÉASES BOOSTÉS PAR RITONAVIR,IMMUNOSUPPRESSEURS,inhibiteurs de proteases boostes par ritonavir,immunosuppresseurs,high,ASDEC,Augmentation très importante des concentrations sanguines de l'immunosuppresseur par inhibition de son métabolisme hépatique.,"En cas d’association, contrôle strict de la fonction rénale, dosage des concentrations sanguines de l'immunosuppresseur et adaptation de sa posologie.",135
INHIBITEURS DE PROTÉASES BOOSTÉS PAR RITONAVIR,INDUCTEURS ENZYMATIQUES PUISSANTS,inhibiteurs de proteases boostes par ritonavir,inducteurs enzymatiques puissants,moderate,PE,Risque de baisse de l'efficacité de l'inhibiteur de protéases par augmentation de son métabolisme hépatique par l'inducteur.,"Surveillance clinique et biologique régulière, notamment en début d'association.",136
INHIBITEURS DE PROTÉASES BOOSTÉS PAR RITONAVIR,INHIBITEURS PUISSANTS DU CYP3A4,inhibiteurs de proteases boostes par ritonavir,inhibiteurs puissants du cyp3a4,low,APEC,Risque d’augmentation des concentrations plasmatiques de l’inhibiteur de protéase boosté par le ritonavir ou de l’inhibiteur du CYP3A4.,"Pour connaître les risques et les niveaux de contrainte de chaque inhibiteur de protéase boosté par le ritonavir avec les inhibiteurs puissants du CYP3A4, il convient de se reporter aux AMM spécifiques à chacun d'eux.",136
INHIBITEURS DE PROTÉASES BOOSTÉS PAR RITONAVIR,ITRACONAZOLE,inhibiteurs de proteases boostes par ritonavir,itraconazole,moderate,PE,Risque d’augmentation des concentrations d’itraconazole par l’inhibiteur de protéases.,Surveillance clinique lors de l’association. L’administration de doses élevées d’itraconazole (>200 mg par jour) n’est pas recommandée.,136
INHIBITEURS DE PROTÉASES BOOSTÉS PAR RITONAVIR,LAMOTRIGINE,inhibiteurs de proteases boostes par ritonavir,lamotrigine,high,ASDEC;PE,Risque de diminution des concentrations et de l’efficacité de la lamotrigine par augmentation de son métabolisme hépatique par le ritonavir.,Association déconseillée - Eviter de mettre en route le traitement par ritonavir pendant la période d’ajustement posologique de la lamotrigine. Précaution d'emploi - Surveillance clinique et adaptation de la posologie de la lamotrigine lors de la mise en route du traitement par ritonavir.,136
INHIBITEURS DE PROTÉASES BOOSTÉS PAR RITONAVIR,METHADONE,inhibiteurs de proteases boostes par ritonavir,methadone,moderate,PE,Diminution des concentrations plasmatiques de méthadone avec risque d'apparition d'un syndrome de sevrage par augmentation de son métabolisme hépatique par le ritonavir.,Surveillance clinique régulière et adaptation éventuelle de la posologie de méthadone.,136
INHIBITEURS DE PROTÉASES BOOSTÉS PAR RITONAVIR,MILLEPERTUIS,inhibiteurs de proteases boostes par ritonavir,millepertuis,critical,CI,"Diminution des concentrations plasmatiques de l'inhibiteur de protéases, en raison de l'effet inducteur enzymatique du millepertuis, avec risque de baisse d'efficacité voire d'annulation de l'effet dont les conséquences peuvent être éventuellement graves (baisse de l'efficacité antirétrovirale).","En cas d'association fortuite, ne pas interrompre brutalement la prise de millepertuis mais contrôler les concentrations plasmatiques (ou l'efficacité) de l'inhibiteur de protéases avant puis après l'arrêt du millepertuis.",136
INHIBITEURS DE PROTÉASES BOOSTÉS PAR RITONAVIR,NINTÉDANIB,inhibiteurs de proteases boostes par ritonavir,nintedanib,moderate,PE,Augmentation des concentrations plasmatiques du nintédanib par augmentation de son absorption par l'inhibiteur de protéases boosté par ritonavir.,Surveillance clinique pendant l’association.,136
INHIBITEURS DE PROTÉASES BOOSTÉS PAR RITONAVIR,PROGESTATIFS CONTRACEPTIFS,inhibiteurs de proteases boostes par ritonavir,progestatifs contraceptifs,high,ASDEC,"Risque de diminution de l'efficacité contraceptive par diminution des concentrations en contraceptif hormonal, dûe à l'augmentation de son métabolisme hépatique par le ritonavir.","Utiliser de préférence une autre méthode contraceptive, en particulier de type mécanique (préservatif ou stérilet), pendant la durée de l'association et un cycle suivant.",136
INHIBITEURS DE PROTÉASES BOOSTÉS PAR RITONAVIR,QUINIDINE,inhibiteurs de proteases boostes par ritonavir,quinidine,critical,CI,"Risque majoré de troubles du rythme ventriculaire, notamment de torsades de pointes.",,136
INHIBITEURS DE PROTÉASES BOOSTÉS PAR RITONAVIR,RIFABUTINE,inhibiteurs de proteases boostes par ritonavir,rifabutine,moderate,PE,"Risque de baisse de l'efficacité de l'inhibiteur de protéases (ce d'autant que la posologie de la rifabutine est élevée) d'une part, et risque d'augmentation des effets indésirables (uvéites) de la rifabutine, d'autre part.","Réduction de la dose de rifabutine (150 mg 1 jour sur deux). Surveillance clinique et biologique régulière, notamment en début d'association.",136
INHIBITEURS DE PROTÉASES BOOSTÉS PAR RITONAVIR,RIFAMPICINE,inhibiteurs de proteases boostes par ritonavir,rifampicine,critical,CI,"Diminution très importante des concentrations plasmatiques de l'inhibiteur de protéases, par augmentation de son métabolisme hépatique par la rifampicine. Pour l'association (saquinavir + ritonavir) : risque de toxicité hépatocellulaire sévère.","Dans l'attente de données complémentaires avec les inhibiteurs de protéases ""boostés"".",136
INHIBITEURS DE PROTÉASES BOOSTÉS PAR RITONAVIR,ROSUVASTATINE,inhibiteurs de proteases boostes par ritonavir,rosuvastatine,moderate,PE,Augmentation des concentrations plasmatiques de la rosuvastatine par augmentation de son absorption.,Surveillance clinique et biologique.,136
INHIBITEURS DE PROTÉASES BOOSTÉS PAR RITONAVIR,TALAZOPARIB,inhibiteurs de proteases boostes par ritonavir,talazoparib,moderate,PE,Augmentation des concentrations de talazoparib avec risque de majoration de la toxicité.,Réduire la dose de talazoparib.,136
INHIBITEURS DE PROTÉASES BOOSTÉS PAR RITONAVIR,TÉNOFOVIR ALAFÉNAMIDE,inhibiteurs de proteases boostes par ritonavir,tenofovir alafenamide,moderate,PE,"Avec l'atazanavir, le darunavir ou le lopinavir, augmentation des concentrations plasmatiques du ténofovir alafénamide par augmentation de son absorption.","En cas de co-administration, la dose de ténofovir alafénamide doit être limitée à 10 mg par jour. L’association avec les autres inhibiteurs de protéases du VIH n’a pas été étudiée.",137
INHIBITEURS DE PROTÉASES BOOSTÉS PAR RITONAVIR,"THÉOPHYLLINE (ET, PAR EXTRAPOLATION, AMINOPHYLLINE)",inhibiteurs de proteases boostes par ritonavir,"theophylline (et, par extrapolation, aminophylline)",moderate,PE,"Diminution des concentrations plasmatiques de la théophylline, par augmentation de son métabolisme hépatique.","Surveillance clinique et éventuellement de la théophyllinémie ; s'il y a lieu, adaptation de la posologie de la théophylline pendant le traitement par l'inhibiteur de protéases et après son arrêt.",137
INHIBITEURS DE PROTÉASES BOOSTÉS PAR RITONAVIR,ULIPRISTAL,inhibiteurs de proteases boostes par ritonavir,ulipristal,high,ASDEC,"Risque de diminution de l’effet de l’ulipristal, par augmentation de son métabolisme hépatique par le ritonavir.",Préférer une alternative thérapeutique peu ou pas métabolisée.,137
INHIBITEURS DE PROTÉASES BOOSTÉS PAR RITONAVIR,VENLAFAXINE,inhibiteurs de proteases boostes par ritonavir,venlafaxine,low,APEC,Augmentation des concentrations de venlafaxine avec risque de surdosage.,,137
INHIBITEURS DE PROTÉASES BOOSTÉS PAR RITONAVIR,VORICONAZOLE,inhibiteurs de proteases boostes par ritonavir,voriconazole,high,ASDEC,"Baisse très importante des concentrations de l’antifongique par augmentation de son métabolisme par le ritonavir, avec risque d’échec du traitement.",,137
INHIBITEURS DE TYROSINE KINASES MÉTABOLISÉS,ANTISÉCRÉTOIRES ANTIHISTAMINIQUES H2,inhibiteurs de tyrosine kinases metabolises,antisecretoires antihistaminiques h2,low,APEC,"Risque de diminution de la biodisponibilité de l’inhibiteur de tyrosine kinases, en raison de son absorption pH-dépendante.",- sauf avec l'entrectinib et le vandétanib.,137
INHIBITEURS DE TYROSINE KINASES MÉTABOLISÉS,ANTISÉCRÉTOIRES INHIBITEURS DE LA POMPE À PROTONS,inhibiteurs de tyrosine kinases metabolises,antisecretoires inhibiteurs de la pompe a protons,low,APEC,"Risque de diminution de la biodisponibilité de l’inhibiteur de tyrosine kinases, en raison de son absorption pH-dépendante.","- sauf avec l'entrectinib, le fédratinib, l'imatinib, le tucatinib et le vandétanib",137
INHIBITEURS DE TYROSINE KINASES MÉTABOLISÉS,INDUCTEURS ENZYMATIQUES PUISSANTS,inhibiteurs de tyrosine kinases metabolises,inducteurs enzymatiques puissants,high,ASDEC,"Diminution des concentrations plasmatiques et de l’efficacité de l’inhibiteur de tyrosine kinase, par augmentation de son métabolisme par l’inducteur.",,137
INHIBITEURS DE TYROSINE KINASES MÉTABOLISÉS,INHIBITEURS PUISSANTS DU CYP3A4,inhibiteurs de tyrosine kinases metabolises,inhibiteurs puissants du cyp3a4,high,ASDEC;PE,Risque de majoration des effets indésirables de l’inhibiteur de tyrosine kinase par diminution de son métabolisme.,"Association déconseillée : - avec l'axitinib, le bosutinib, le cabozantinib, le céritinib, le cobimétinib, le dabrafenib, le dasatinib, l'entrectinib, le nilotinib, le sunitinib. - avec l'ibrutinib et le ribociclib: si l’association ne peut être évitée, surveillance clinique étroite et réduction de la dose pendant la durée de l’association voire interruption temporaire ou définitive. Précaution d'emploi avec les autres ITK (sauf abrocitinib, osimertinib, tucatinib et vandétanib): Surveillance clinique.",137
INHIBITEURS DE TYROSINE KINASES MÉTABOLISÉS,MILLEPERTUIS,inhibiteurs de tyrosine kinases metabolises,millepertuis,critical,CI,"Diminution des concentrations plasmatiques et de l’efficacité de l’inhibiteur de tyrosine kinase, par augmentation de son métabolisme par le millepertuis.",,137
INHIBITEURS DE TYROSINE KINASES MÉTABOLISÉS,RIFAMPICINE,inhibiteurs de tyrosine kinases metabolises,rifampicine,high,ASDEC,"Diminution des concentrations plasmatiques et de l’efficacité de l’inhibiteur de tyrosine kinase, par augmentation de son métabolisme par l’inducteur.",,137
INHIBITEURS D'INTÉGRASE,CALCIUM,inhibiteurs d'integrase,calcium,moderate,PE,Diminution de l'absorption digestive des inhibiteurs d’intégrase.,"Prendre les sels de calcium à distance de l’antirétroviral (plus de 2 heures, si possible).",137
INHIBITEURS D'INTÉGRASE,FER,inhibiteurs d'integrase,fer,moderate,PE,Diminution de l'absorption digestive des inhibiteurs d’intégrase.,"Prendre les sels de fer à distance de l’antirétroviral (plus de 2 heures, si possible).",138
INHIBITEURS D'INTÉGRASE,MAGNÉSIUM,inhibiteurs d'integrase,magnesium,moderate,PE,Diminution de l'absorption digestive des inhibiteurs d’intégrase.,"Prendre les sels de magnésium à distance de l’antirétroviral (plus de 2 heures, si possible).",138
INHIBITEURS D'INTÉGRASE,ZINC,inhibiteurs d'integrase,zinc,moderate,PE,"Risque de diminution de l'absorption digestive des inhibiteurs d’intégrase, par chélation par le cation divalent.","Prendre les sels de zinc à distance de l’antirétroviral (plus de 2 heures, si possible).",138
INHIBITEURS DIRECTS DE LA THROMBINE À INDICATION SPÉCIFIQUE,AUTRES MÉDICAMENTS AGISSANT SUR L'HÉMOSTASE,inhibiteurs directs de la thrombine a indication specifique,autres medicaments agissant sur l'hemostase,low,APEC,Majoration du risque hémorragique.,,138
INHIBITEURS PUISSANTS DU CYP3A4,ALCALOÏDES DE L'ERGOT DE SEIGLE VASOCONSTRICTEURS,inhibiteurs puissants du cyp3a4,alcaloides de l'ergot de seigle vasoconstricteurs,critical,CI,"Risque de vasoconstriction coronaire ou des extrémités (ergotisme), ou de poussées hypertensives.",,138
INHIBITEURS PUISSANTS DU CYP3A4,ALFENTANIL,inhibiteurs puissants du cyp3a4,alfentanil,moderate,PE,Augmentation de l'effet dépresseur respiratoire de l'analgésique opiacé par diminution de son métabolisme hépatique.,Surveillance clinique et adaptation de la posologie de l’analgésique opiacé en cas de traitement par un inhibiteur puissant du CYP3A4.,138
INHIBITEURS PUISSANTS DU CYP3A4,ALFUZOSINE,inhibiteurs puissants du cyp3a4,alfuzosine,high,ASDEC,Risque d’augmentation des concentrations plasmatiques de l’alfuzosine et de ses effets indésirables.,,138
INHIBITEURS PUISSANTS DU CYP3A4,ALPRAZOLAM,inhibiteurs puissants du cyp3a4,alprazolam,low,APEC,Possible augmentation de l'effet sédatif de l'alprazolam.,,138
INHIBITEURS PUISSANTS DU CYP3A4,ANTAGONISTES DES CANAUX CALCIQUES,inhibiteurs puissants du cyp3a4,antagonistes des canaux calciques,high,ASDEC;PE,"Majoration des effets indésirables de l’antagoniste des canaux calciques, le plus souvent à type d'hypotension et d'oedèmes, notamment chez le sujet âgé.",Association déconseillée: - avec la lercanidipine. Précaution d'emploi: - avec les autres antagonistes des canaux calciques. Surveillance clinique et adaptation posologique pendant le traitement par l’inhibiteur enzymatique et après son arrêt.,138
INHIBITEURS PUISSANTS DU CYP3A4,ANTISPASMODIQUES URINAIRES,inhibiteurs puissants du cyp3a4,antispasmodiques urinaires,critical,CI;ASDEC;PE,Risque de majoration des effets indésirables.,"Contre-indication : - avec la darifénacine - avec la fésotérodine et la solifénacine, en cas d'insuffisance rénale ou hépatique, modérée à sévère. Association déconseillée : - avec la toltérodine Précaution d'emploi: - avec la fésotérodine ou la solifénacine, chez le patient à fonction rénale et hépatique normales, réduire la dose à 4 mg ou 5 mg, respectivement, en cas d'association à un inhibiteur puissant du CYP3A4. A prendre en compte : - avec l'oxybutynine.",139
INHIBITEURS PUISSANTS DU CYP3A4,APIXABAN,inhibiteurs puissants du cyp3a4,apixaban,high,ASDEC,"Augmentation des concentrations plasmatiques de l’apixaban par l'inhibiteur, avec majoration du risque de saignement.",,139
INHIBITEURS PUISSANTS DU CYP3A4,BÉDAQUILINE,inhibiteurs puissants du cyp3a4,bedaquiline,high,ASDEC,Augmentation des concentrations plasmatiques de bédaquiline par diminution de son métabolisme hépatique par l’inhibiteur.,"Si l’association est nécessaire, une surveillance ECG plus fréquente et une surveillance des transaminases sont recommandées.",139
INHIBITEURS PUISSANTS DU CYP3A4,BORTEZOMIB,inhibiteurs puissants du cyp3a4,bortezomib,moderate,PE,"Risque de majoration des effets indésirables, notamment neurologiques, du bortezomib par diminution de son métabolisme.",Surveillance clinique et adaptation éventuelle de la posologie du bortezomib pendant la durée du traitement par l’inhibiteur enzymatique.,139
INHIBITEURS PUISSANTS DU CYP3A4,BOSENTAN,inhibiteurs puissants du cyp3a4,bosentan,moderate,PE,"Risque majoré des effets indésirables du bosentan, notamment d’atteintes hépatiques, par diminution de son métabolisme par l'inhibiteur.",Surveillance clinique et biologique pendant l’association.,139
INHIBITEURS PUISSANTS DU CYP3A4,BRENTUXIMAB,inhibiteurs puissants du cyp3a4,brentuximab,low,APEC,"Augmentation des concentrations du métabolite actif du brentuximab, avec risque de neutropénie.",,139
INHIBITEURS PUISSANTS DU CYP3A4,CABAZITAXEL,inhibiteurs puissants du cyp3a4,cabazitaxel,moderate,PE,Risque de majoration des effets indésirables dose-dépendants du cabazitaxel par inhibition de son métabolisme par l’inhibiteur enzymatique.,Surveillance clinique et adaptation éventuelle de la posologie du cabazitaxel pendant le traitement par l’inhibiteur enzymatique.,139
INHIBITEURS PUISSANTS DU CYP3A4,COBICISTAT,inhibiteurs puissants du cyp3a4,cobicistat,low,APEC,Risque d’augmentation des concentrations plasmatiques du cobicistat ou de l’inhibiteur du CYP3A4.,"Pour connaître les risques et les niveaux de contrainte de chaque interaction, il convient de se reporter aux AMM specifiques à chaque spécialité.",139
INHIBITEURS PUISSANTS DU CYP3A4,COLCHICINE,inhibiteurs puissants du cyp3a4,colchicine,critical,CI;ASDEC,"Augmentation des effets indésirables de la colchicine, aux conséquences potentiellement fatales.","Contre-indication : - avec les macrolides Association déconseillée : - avec les antifongiques azolés, les inhibiteurs de protéases boostés par ritonavir et le cobicistat",139
INHIBITEURS PUISSANTS DU CYP3A4,"CORTICOÏDES MÉTABOLISÉS, NOTAMMENT INHALÉS",inhibiteurs puissants du cyp3a4,"corticoides metabolises, notamment inhales",high,ASDEC,"En cas d’utilisation prolongée par voie orale ou inhalée : augmentation des concentrations plasmatiques du corticoïde par diminution de son métabolisme hépatique par l’inhibiteur, avec risque d’apparition d’un syndrome cushingoïde voire d’une insuffisance surrénalienne.",Préférer un corticoïde non métabolisé.,139
INHIBITEURS PUISSANTS DU CYP3A4,DAPOXÉTINE,inhibiteurs puissants du cyp3a4,dapoxetine,critical,CI,"Risque de majoration des effets indésirables, notamment à type de vertiges ou de syncopes.",,139
INHIBITEURS PUISSANTS DU CYP3A4,DÉLAMANID,inhibiteurs puissants du cyp3a4,delamanid,high,ASDEC,"Risque majoré de troubles du rythme ventriculaires, notamment de torsades de pointes.","Si l’association ne peut être évitée, contrôle clinique et électrocardiographique régulier.",139
INHIBITEURS PUISSANTS DU CYP3A4,DISOPYRAMIDE,inhibiteurs puissants du cyp3a4,disopyramide,moderate,PE,Risque d’augmentation des effets indésirables du disopyramide par diminution de son métabolisme.,Surveillance clinique et adaptation éventuelle de la posologie du disopyramide.,140
INHIBITEURS PUISSANTS DU CYP3A4,DOCETAXEL,inhibiteurs puissants du cyp3a4,docetaxel,moderate,PE,Risque de majoration des effets indésirables dose-dépendants du docétaxel par inhibition de son métabolisme par l’inhibiteur enzymatique.,Surveillance clinique et adaptation éventuelle de la posologie du docétaxel pendant le traitement par l’inhibiteur enzymatique.,140
INHIBITEURS PUISSANTS DU CYP3A4,DOMPERIDONE,inhibiteurs puissants du cyp3a4,domperidone,critical,CI,Augmentation des concentrations plasmatiques de dompéridone par diminution de son métabolisme hépatique par l’inhibiteur.,,140
INHIBITEURS PUISSANTS DU CYP3A4,DRONEDARONE,inhibiteurs puissants du cyp3a4,dronedarone,critical,CI,Augmentation importante des concentrations de dronédarone par diminution de son métabolisme.,,140
INHIBITEURS PUISSANTS DU CYP3A4,ÉLIGLUSTAT,inhibiteurs puissants du cyp3a4,eliglustat,critical,CI,"Chez les patients ayant un génotype de métaboliseurs lents du CYP2D6, risque de majoration des effets indésirables de l’éliglustat.",,140
INHIBITEURS PUISSANTS DU CYP3A4,EPLERENONE,inhibiteurs puissants du cyp3a4,eplerenone,critical,CI,"Risque d’augmentation des concentrations plasmatiques de l’éplérénone par l'inhibiteur et de ses effets indésirables, notamment l’hyperkaliémie.",,140
INHIBITEURS PUISSANTS DU CYP3A4,ESZOPICLONE,inhibiteurs puissants du cyp3a4,eszopiclone,critical,CI;PE,Augmentation de l'effet sédatif de l’eszopiclone.,"Contre-indication - chez les patients âgés Précaution d'emploi En cas d’association chez les sujets non âgés, une réduction de la dose d’eszopiclone peut être nécessaire.",140
INHIBITEURS PUISSANTS DU CYP3A4,FENTANYL,inhibiteurs puissants du cyp3a4,fentanyl,moderate,PE,Risque d'augmentation de l’effet dépresseur respiratoire de l’analgésique opiacé par légère diminution de son métabolisme hépatique.,Surveillance clinique et adaptation éventuelle de la posologie de l’analgésique opiacé en cas de traitement par un inhibiteur puissant du CYP3A4.,140
INHIBITEURS PUISSANTS DU CYP3A4,GLASDÉGIB,inhibiteurs puissants du cyp3a4,glasdegib,high,ASDEC,Risque de majoration des effets indésirables du glasdégib par diminution de son métabolisme.,"Si l’association ne peut être évitée, surveillance clinique étroite.",140
INHIBITEURS PUISSANTS DU CYP3A4,GRAZOPREVIR + ELBASVIR,inhibiteurs puissants du cyp3a4,grazoprevir + elbasvir,critical,CI;ASDEC,Augmentation des concentrations plasmatiques de grazoprévir et d’elbasvir.,Contre-indication - avec le ritonavir et le cobicistat Association déconseillée - avec les autres inhibiteurs du CYP3A4,140
INHIBITEURS PUISSANTS DU CYP3A4,HALOFANTRINE,inhibiteurs puissants du cyp3a4,halofantrine,high,ASDEC,"Risque majoré de troubles du rythme ventriculaires, notamment de torsades de pointes.","Si cela est possible, interrompre l'inhibiteur. Si l'association ne peut être évitée, contrôle préalable du QT et surveillance ECG monitorée.",140
INHIBITEURS PUISSANTS DU CYP3A4,IDÉLALISIB,inhibiteurs puissants du cyp3a4,idelalisib,low,APEC,Augmentation des concentrations plasmatiques d’idélalisib par diminution de son métabolisme hépatique par l’inhibiteur.,,140
INHIBITEURS PUISSANTS DU CYP3A4,INHIBITEURS DE LA PHOSPHODIESTERASE DE TYPE 5,inhibiteurs puissants du cyp3a4,inhibiteurs de la phosphodiesterase de type 5,critical,CI;ASDEC;PE,"Augmentation (très importante pour l'avanafil et le vardénafil) des concentrations plasmatiques de l'IPDE5, avec risque d'hypotension (sévère avec le vardénafil).","Pour connaître les risques et les niveaux de contrainte de chaque IPDE5 avec les inhibiteurs puissants du CYP3A4, il convient de se reporter aux AMM specifiques à chacun d'eux.",140
INHIBITEURS PUISSANTS DU CYP3A4,INHIBITEURS DE PROTÉASES BOOSTÉS PAR RITONAVIR,inhibiteurs puissants du cyp3a4,inhibiteurs de proteases boostes par ritonavir,low,APEC,Risque d’augmentation des concentrations plasmatiques de l’inhibiteur de protéase boosté par le ritonavir ou de l’inhibiteur du CYP3A4.,"Pour connaître les risques et les niveaux de contrainte de chaque inhibiteur de protéase boosté par le ritonavir avec les inhibiteurs puissants du CYP3A4, il convient de se reporter aux AMM spécifiques à chacun d'eux.",141
INHIBITEURS PUISSANTS DU CYP3A4,INHIBITEURS DE TYROSINE KINASES MÉTABOLISÉS,inhibiteurs puissants du cyp3a4,inhibiteurs de tyrosine kinases metabolises,high,ASDEC;PE,Risque de majoration des effets indésirables de l’inhibiteur de tyrosine kinase par diminution de son métabolisme.,"Association déconseillée : - avec l'axitinib, le bosutinib, le cabozantinib, le céritinib, le cobimétinib, le dabrafenib, le dasatinib, l'entrectinib, le nilotinib, le sunitinib. - avec l'ibrutinib et le ribociclib: si l’association ne peut être évitée, surveillance clinique étroite et réduction de la dose pendant la durée de l’association voire interruption temporaire ou définitive. Précaution d'emploi avec les autres ITK (sauf abrocitinib, osimertinib, tucatinib et vandétanib): Surveillance clinique.",141
INHIBITEURS PUISSANTS DU CYP3A4,IRINOTECAN,inhibiteurs puissants du cyp3a4,irinotecan,high,ASDEC,Risque de majoration des effets indésirables de l’irinotécan par augmentation des concentrations plasmatiques de son métabolite actif.,,141
INHIBITEURS PUISSANTS DU CYP3A4,ISAVUCONAZOLE,inhibiteurs puissants du cyp3a4,isavuconazole,critical,CI;PE,Augmentation des concentrations plasmatiques d’isavuconazole par diminution de son métabolisme hépatique par l’inhibiteur.,Contre-indication: - avec le kétoconazole Précaution d'emploi: - avec les autres inhibiteurs puissants du CYP3A4,141
INHIBITEURS PUISSANTS DU CYP3A4,IVABRADINE,inhibiteurs puissants du cyp3a4,ivabradine,critical,CI,Augmentation des concentrations plasmatiques de l’ivabradine et par conséquent de ses effets indésirables (inhibition de son métabolisme hépatique par l’inhibiteur).,,141
INHIBITEURS PUISSANTS DU CYP3A4,IVACAFTOR (SEUL OU ASSOCIÉ),inhibiteurs puissants du cyp3a4,ivacaftor (seul ou associe),moderate,PE,"Augmentation des concentrations d’ivacaftor, avec risque de majoration des effets indésirables.",Se référer à l'AMM pour les adaptations posologiques.,141
INHIBITEURS PUISSANTS DU CYP3A4,LOMITAPIDE,inhibiteurs puissants du cyp3a4,lomitapide,critical,CI,Augmentation des concentrations plasmatiques du lomitapide par diminution de son métabolisme hépatique par l’inhibiteur.,,141
INHIBITEURS PUISSANTS DU CYP3A4,LUMEFANTRINE,inhibiteurs puissants du cyp3a4,lumefantrine,high,ASDEC,"Risque majoré de troubles du rythme ventriculaire, notamment de torsades de pointes.","Si cela est possible, interrompre l’inhibiteur. Si l’association ne peut être évitée, contrôle préalable du QT et surveillance ECG monitorée.",141
INHIBITEURS PUISSANTS DU CYP3A4,LURASIDONE,inhibiteurs puissants du cyp3a4,lurasidone,critical,CI,Augmentation des concentrations plasmatiques de la lurasidone par diminution de son métabolisme hépatique par l’inhibiteur.,,141
INHIBITEURS PUISSANTS DU CYP3A4,MARAVIROC,inhibiteurs puissants du cyp3a4,maraviroc,moderate,PE,Augmentation des concentrations de maraviroc par l’inhibiteur.,La dose de maraviroc doit être diminuée à 150 mg deux fois par jour en cas de co-administration avec cet inhibiteur. A l'exception du tipranavir boosté par ritonavir où la dose de maraviroc doit être de 300 mg deux fois par jour.,141
INHIBITEURS PUISSANTS DU CYP3A4,MIDAZOLAM,inhibiteurs puissants du cyp3a4,midazolam,high,ASDEC;PE,"Augmentation des concentrations plasmatiques de midazolam par diminution de son métabolisme hépatique, avec majoration de la sédation.",Association déconseillée: - avec le midazolam per os Précaution d'emploi avec : - avec le midazolam IV et sublingual Surveillance clinique et réduction de la posologie de midazolam en cas de traitement par l'inhibiteur.,141
INHIBITEURS PUISSANTS DU CYP3A4,MIDOSTAURINE,inhibiteurs puissants du cyp3a4,midostaurine,high,ASDEC,Augmentation des effets indésirables de la midostaurine par l’inhibiteur.,"Si l’association ne peut être évitée, surveillance clinique étroite.",141
INHIBITEURS PUISSANTS DU CYP3A4,NALOXEGOL,inhibiteurs puissants du cyp3a4,naloxegol,critical,CI,Augmentation très importante des concentrations du naloxegol par l’inhibiteur.,,142
INHIBITEURS PUISSANTS DU CYP3A4,OLAPARIB,inhibiteurs puissants du cyp3a4,olaparib,high,ASDEC,Augmentation des concentrations plasmatiques d’olaparib par l’inhibiteur.,"Si l’association ne peut être évitée, limiter la dose d’olaparib à 150 mg deux fois par jour.",142
INHIBITEURS PUISSANTS DU CYP3A4,OMBITASVIR + PARITAPRÉVIR,inhibiteurs puissants du cyp3a4,ombitasvir + paritaprevir,critical,CI,Augmentation des concentrations plasmatiques de la bithérapie par diminution de son métabolisme hépatique par l’inhibiteur.,Contre-indication: - sauf avec le ritonavir.,142
INHIBITEURS PUISSANTS DU CYP3A4,OXYCODONE,inhibiteurs puissants du cyp3a4,oxycodone,high,ASDEC,"Majoration des effets indésirables, notamment respiratoires, de l’oxycodone par diminution de son métabolisme par l'inhibiteur.",Surveillance clinique et adaptation éventuelle de la posologie de l’oxycodone pendant le traitement par l'inhibiteur et après son arrêt.,142
INHIBITEURS PUISSANTS DU CYP3A4,PANOBINOSTAT,inhibiteurs puissants du cyp3a4,panobinostat,moderate,PE,"Risque de majoration des effets indésirables, notamment cardiaques, du panobinostat par diminution de son métabolisme par l’inhibiteur.",Surveillance clinique et ECG. Débuter le traitement à dose réduite de moitié (10 mg).,142
INHIBITEURS PUISSANTS DU CYP3A4,PIMOZIDE,inhibiteurs puissants du cyp3a4,pimozide,critical,CI,"Risque majoré de troubles du rythme ventriculaire, notamment de torsades de pointes.",,142
INHIBITEURS PUISSANTS DU CYP3A4,QUETIAPINE,inhibiteurs puissants du cyp3a4,quetiapine,critical,CI,"Augmentation importante des concentrations de quétiapine, avec risque de surdosage.",,142
INHIBITEURS PUISSANTS DU CYP3A4,QUININE,inhibiteurs puissants du cyp3a4,quinine,high,ASDEC;PE,"Risque de majoration des effets indésirables de la quinine, notamment troubles du rythme ventriculaire et troubles neurosensoriels (cinchonisme).","Association déconseillée : - avec les inhibiteurs de protéases Précaution d’emploi : - avec les azolés antifongiques, certains macrolides, le tucatinib. Surveillance clinique et ECG. Adaptation éventuelle de la posologie de la quinine pendant le traitement par l’inhibiteur enzymatique et après son arrêt.",142
INHIBITEURS PUISSANTS DU CYP3A4,RANOLAZINE,inhibiteurs puissants du cyp3a4,ranolazine,critical,CI,Augmentation des concentrations de ranolazine par diminution de son métabolisme par l'inhibiteur.,,142
INHIBITEURS PUISSANTS DU CYP3A4,RÉGORAFÉNIB,inhibiteurs puissants du cyp3a4,regorafenib,high,ASDEC,Augmentation des concentrations plasmatiques de régorafenib par diminution de son métabolisme hépatique par l’inhibiteur.,,142
INHIBITEURS PUISSANTS DU CYP3A4,RIOCIGUAT,inhibiteurs puissants du cyp3a4,riociguat,high,ASDEC,Augmentation des concentrations plasmatiques de riociguat par diminution de son métabolisme hépatique par l’inhibiteur.,,142
INHIBITEURS PUISSANTS DU CYP3A4,RIVAROXABAN,inhibiteurs puissants du cyp3a4,rivaroxaban,high,ASDEC,"Augmentation des concentrations plasmatiques de rivaroxaban, avec majoration du risque de saignement.",,142
INHIBITEURS PUISSANTS DU CYP3A4,SILODOSINE,inhibiteurs puissants du cyp3a4,silodosine,high,ASDEC,"Risque d’augmentation des effets indésirables de la silodosine par l’inhibiteur, notamment à type d’hypotension orthostatique.",,142
INHIBITEURS PUISSANTS DU CYP3A4,SIMVASTATINE,inhibiteurs puissants du cyp3a4,simvastatine,critical,CI,Risque majoré d'effets indésirables (concentration-dépendants) à type de rhabdomyolyse par diminution du métabolisme de la simvastatine.,,142
INHIBITEURS PUISSANTS DU CYP3A4,SUBSTRATS À RISQUE DU CYP3A4,inhibiteurs puissants du cyp3a4,substrats a risque du cyp3a4,low,APEC,"Majoration des effets indésirables propres à chaque substrat, avec conséquences souvent sévères.",,143
INHIBITEURS PUISSANTS DU CYP3A4,SUFENTANIL,inhibiteurs puissants du cyp3a4,sufentanil,moderate,PE,Augmentation de l’effet dépresseur respiratoire de l’analgésique opiacé par diminution de son métabolisme hépatique.,Surveillance clinique et adaptation de la posologie de l’analgésique opiacé en cas de traitement par un inhibiteur puissant du CYP3A4.,143
INHIBITEURS PUISSANTS DU CYP3A4,TAMSULOSINE,inhibiteurs puissants du cyp3a4,tamsulosine,high,ASDEC,"Risque de majoration des effets indésirables de la tamsulosine, par inhibition de son métabolisme hépatique.",,143
INHIBITEURS PUISSANTS DU CYP3A4,TELITHROMYCINE,inhibiteurs puissants du cyp3a4,telithromycine,critical,CI,"Risque de majoration des effets indésirables, notamment à type de troubles du rythme cardiaque.",chez le patient insuffisant rénal ou hépatique sévère.,143
INHIBITEURS PUISSANTS DU CYP3A4,TICAGRELOR,inhibiteurs puissants du cyp3a4,ticagrelor,critical,CI,Augmentation des concentrations plasmatiques de ticagrelor par diminution de son métabolisme hépatique par l’inhibiteur.,,143
INHIBITEURS PUISSANTS DU CYP3A4,TOLVAPTAN,inhibiteurs puissants du cyp3a4,tolvaptan,moderate,PE,"Augmentation importante (entre 2 à 5 fois en moyenne) des concentrations de tolvaptan, avec risque de majoration importante des effets indésirables, notamment diurèse importante, déshydratation, insuffisance rénale aiguë.","Réduire la posologie des deux tiers aux trois quarts, selon la dose prescrite.",143
INHIBITEURS PUISSANTS DU CYP3A4,TRASTUZUMAB EMTANSINE,inhibiteurs puissants du cyp3a4,trastuzumab emtansine,high,ASDEC,"Augmentation des concentrations plasmatiques du DM1, un composant du trastuzumab emtansine, par inhibition de son métabolisme par l’inhibiteur.",,143
INHIBITEURS PUISSANTS DU CYP3A4,TRÉTINOÏNE,inhibiteurs puissants du cyp3a4,tretinoine,moderate,PE,"Décrit pour les antifongiques azolés Augmentation des concentrations de trétinoïne par diminution de son métabolisme, avec risque de majoration de sa toxicité (pseudo- tumor cerebrii, hypercalcémie…)",Adaptation de la posologie de la trétinoïne pendant le traitement par l’inhibiteur et après son arrêt.,143
INHIBITEURS PUISSANTS DU CYP3A4,VÉNÉTOCLAX,inhibiteurs puissants du cyp3a4,venetoclax,critical,CI;PE,"Augmentation très importante des concentrations de vénétoclax par diminution de son métabolisme hépatique, avec risque de majoration de la toxicité, notamment hématologique.",Contre-indication : - pendant la phase de titration. Précaution d'emploi: - réduction de posologie de 75% en phase de stabilisation.,143
INHIBITEURS PUISSANTS DU CYP3A4,VERAPAMIL,inhibiteurs puissants du cyp3a4,verapamil,moderate,PE,"Bradycardie et/ou troubles de la conduction auriculo-ventriculaire, par diminution du métabolisme hépatique du vérapamil par l’inhibiteur.","Surveillance clinique et ECG. S’il y a lieu, adaptation de la posologie du vérapamil pendant le traitement par l’inhibiteur, et après son arrêt, le cas échéant.",143
INHIBITEURS PUISSANTS DU CYP3A4,VINCA-ALCALOÏDES CYTOTOXIQUES,inhibiteurs puissants du cyp3a4,vinca-alcaloides cytotoxiques,high,ASDEC,Risque de majoration de la toxicité de l'antimitotique par diminution de son métabolisme hépatique par l’inhibiteur.,"Si l’association ne peut être évitée, surveillance clinique et biologique étroite.",143
INHIBITEURS PUISSANTS DU CYP3A4,ZOLPIDEM,inhibiteurs puissants du cyp3a4,zolpidem,low,APEC,Légère augmentation de l'effet sédatif du zolpidem.,,143
INHIBITEURS PUISSANTS DU CYP3A4,ZOPICLONE,inhibiteurs puissants du cyp3a4,zopiclone,low,APEC,Légère augmentation de l'effet sédatif de la zopiclone.,,143
INHIBITEURS SÉLECTIFS DE LA RECAPTURE DE LA SÉROTONINE,ANTIAGRÉGANTS PLAQUETTAIRES,inhibiteurs selectifs de la recapture de la serotonine,antiagregants plaquettaires,low,APEC,Augmentation du risque hémorragique.,,143
INHIBITEURS SÉLECTIFS DE LA RECAPTURE DE LA SÉROTONINE,ANTICOAGULANTS ORAUX,inhibiteurs selectifs de la recapture de la serotonine,anticoagulants oraux,low,APEC,Augmentation du risque hémorragique.,,144
INHIBITEURS SÉLECTIFS DE LA RECAPTURE DE LA SÉROTONINE,ANTIDÉPRESSEURS IMIPRAMINIQUES,inhibiteurs selectifs de la recapture de la serotonine,antidepresseurs imipraminiques,moderate,PE,Augmentation des concentrations plasmatiques de l'antidépresseur imipraminique avec risque de convulsions et augmentation des effets indésirables.,"Surveillance clinique accrue et, si nécessaire, adaptation posologique.",144
INHIBITEURS SÉLECTIFS DE LA RECAPTURE DE LA SÉROTONINE,ANTI-INFLAMMATOIRES NON STÉROÏDIENS,inhibiteurs selectifs de la recapture de la serotonine,anti-inflammatoires non steroidiens,low,APEC,Majoration du risque hémorragique.,,144
INHIBITEURS SÉLECTIFS DE LA RECAPTURE DE LA SÉROTONINE,COBIMÉTINIB,inhibiteurs selectifs de la recapture de la serotonine,cobimetinib,moderate,PE,Augmentation du risque hémorragique.,Surveillance clinique.,144
INHIBITEURS SÉLECTIFS DE LA RECAPTURE DE LA SÉROTONINE,CYPROHEPTADINE,inhibiteurs selectifs de la recapture de la serotonine,cyproheptadine,low,APEC,Risque de diminution de l'efficacité de l'antidépresseur.,,144
INHIBITEURS SÉLECTIFS DE LA RECAPTURE DE LA SÉROTONINE,IMAO IRRÉVERSIBLES,inhibiteurs selectifs de la recapture de la serotonine,imao irreversibles,critical,CI,"Risque d'apparition d'un syndrome sérotoninergique : diarrhée, tachycardie, sueurs, tremblements, confusion voire coma.","Respecter un délai de deux semaines entre l'arrêt de l'IMAO et le début du traitement par l'antidépresseur sérotoninergique, et d'au moins une semaine entre l'arrêt de l'antidépresseur sérotoninergique (sauf pour la fluoxétine : cinq semaines) et le début.",144
INHIBITEURS SÉLECTIFS DE LA RECAPTURE DE LA SÉROTONINE,"IMAO-A RÉVERSIBLES, Y COMPRIS OXAZOLIDINONES ET BLEU DE MÉTHYLÈNE",inhibiteurs selectifs de la recapture de la serotonine,"imao-a reversibles, y compris oxazolidinones et bleu de methylene",high,ASDEC,"Risque d'apparition d'un syndrome sérotoninergique : diarrhée, tachycardie, sueurs, tremblements, confusion voire coma.","Si l'association ne peut être évitée, surveillance clinique très étroite. Débuter l'association aux posologies minimales recommandées.",144
INHIBITEURS SÉLECTIFS DE LA RECAPTURE DE LA SÉROTONINE,IMAO-B,inhibiteurs selectifs de la recapture de la serotonine,imao-b,low,APEC,Risque d'apparition d'un syndrome sérotoninergique.,,144
INHIBITEURS SÉLECTIFS DE LA RECAPTURE DE LA SÉROTONINE,LITHIUM,inhibiteurs selectifs de la recapture de la serotonine,lithium,moderate,PE,Risque d'apparition d'un syndrome sérotoninergique.,"Surveillance clinique et biologique régulière, notamment en début d'association.",144
INHIBITEURS SÉLECTIFS DE LA RECAPTURE DE LA SÉROTONINE,MILLEPERTUIS,inhibiteurs selectifs de la recapture de la serotonine,millepertuis,moderate,PE,Risque d'apparition d'un syndrome sérotoninergique.,"Surveillance clinique et biologique régulière, notamment en début d'association.",144
INHIBITEURS SÉLECTIFS DE LA RECAPTURE DE LA SÉROTONINE,ORLISTAT,inhibiteurs selectifs de la recapture de la serotonine,orlistat,low,APEC,Risque d'échec thérapeutique en cas de traitement concomitant par orlistat.,,144
INHIBITEURS SÉLECTIFS DE LA RECAPTURE DE LA SÉROTONINE,TRAMADOL,inhibiteurs selectifs de la recapture de la serotonine,tramadol,low,APEC,Risque d'apparition de convulsions et/ou d'un syndrome sérotoninergique.,,144
INHIBITEURS SÉLECTIFS DE LA RECAPTURE DE LA SÉROTONINE,TRIPTANS,inhibiteurs selectifs de la recapture de la serotonine,triptans,low,APEC,Risque d'apparition d'un syndrome sérotoninergique.,,144
INSULINE,ALCOOL (BOISSON OU EXCIPIENT),insuline,alcool (boisson ou excipient),high,ASDEC,Augmentation de la réaction hypoglycémique (inhibition des réactions de compensation pouvant faciliter la survenue de coma hypoglycémique).,Eviter la prise de boissons alcoolisées et de médicaments contenant de l'alcool.,144
INSULINE,ANALOGUES DE LA SOMATOSTATINE,insuline,analogues de la somatostatine,moderate,PE,"Risque d'hypoglycémie ou d'hyperglycémie : diminution ou augmentation des besoins en insuline, par diminution ou augmentation de la sécrétion de glucagon endogène.","Prévenir le patient du risque d'hypoglycémie ou d'hyperglycémie, renforcer l'autosurveillance glycémique et adapter si besoin la posologie de l'insuline pendant le traitement par l'analogue de la somatostatine.",145
INSULINE,BÊTA-2 MIMÉTIQUES,insuline,beta-2 mimetiques,moderate,PE,Elévation de la glycémie par le bêta-2 mimétique.,Renforcer la surveillance sanguine et urinaire.,145
INSULINE,BÊTA-BLOQUANTS (SAUF ESMOLOL) (Y COMPRIS COLLYRES),insuline,beta-bloquants (sauf esmolol) (y compris collyres),moderate,PE,Tous les bêtabloquants peuvent masquer certains symptômes de l'hypoglycémie : palpitations et tachycardie.,"Prévenir le patient et renforcer, surtout en début de traitement, l'autosurveillance glycémique.",145
INSULINE,BÊTA-BLOQUANTS DANS L'INSUFFISANCE CARDIAQUE,insuline,beta-bloquants dans l'insuffisance cardiaque,moderate,PE,Tous les bêtabloquants peuvent masquer certains symptômes de l'hypoglycémie : palpitations et tachycardie.,"Prévenir le patient et renforcer, surtout en début de traitement, l'autosurveillance glycémique.",145
INSULINE,CHLORPROMAZINE,insuline,chlorpromazine,moderate,PE,A fortes posologies (100 mg par jour de chlorpromazine) : élévation de la glycémie (diminution de la libération de l'insuline).,Prévenir le patient et renforcer l'autosurveillance glycémique. Adapter éventuellement la posologie de l'insuline pendant le traitement par le neuroleptique et après son arrêt.,145
INSULINE,DANAZOL,insuline,danazol,high,ASDEC,Effet diabétogène du danazol.,"Si l'association ne peut être évitée, prévenir le patient et renforcer l'autosurveillance glycémique. Adapter éventuellement la posologie de l'insuline pendant le traitement par le danazol et après son arrêt.",145
INSULINE,INHIBITEURS DE L'ENZYME DE CONVERSION,insuline,inhibiteurs de l'enzyme de conversion,moderate,PE,L'utilisation des IEC peut entraîner une majoration de l'effet hypoglycémiant chez le diabétique traité par insuline. La survenue de malaises hypoglycémiques semble exceptionnelle (amélioration de la tolérance au glucose qui aurait pour conséquence une réduction des besoins en insuline).,Renforcer l'autosurveillance glycémique.,145
INTERFERON ALFA,"FLUOROURACILE (ET, PAR EXTRAPOLATION, AUTRES FLUOROPYRIMIDINES)",interferon alfa,"fluorouracile (et, par extrapolation, autres fluoropyrimidines)",low,APEC,Augmentation de la toxicité gastro-intestinale du fluorouracile.,,145
IPILIMUMAB,ANTICOAGULANTS ORAUX,ipilimumab,anticoagulants oraux,moderate,PE,Augmentation du risque d'hémorragies digestives.,Surveillance clinique étroite.,145
IRINOTECAN,INDUCTEURS ENZYMATIQUES,irinotecan,inducteurs enzymatiques,high,ASDEC,"Diminution probable des concentrations plasmatiques du métabolite actif de l'irinotécan, avec risque d'échec du traitement cytotoxique.",,145
IRINOTECAN,INHIBITEURS PUISSANTS DU CYP3A4,irinotecan,inhibiteurs puissants du cyp3a4,high,ASDEC,Risque de majoration des effets indésirables de l’irinotécan par augmentation des concentrations plasmatiques de son métabolite actif.,,145
IRINOTECAN,MILLEPERTUIS,irinotecan,millepertuis,critical,CI,"Diminution des concentrations plasmatiques du métabolite actif de l'irinotécan, avec risque d'échec du traitement cytotoxique.",,145
ISAVUCONAZOLE,INDUCTEURS ENZYMATIQUES,isavuconazole,inducteurs enzymatiques,critical,CI,Diminution des concentrations plasmatiques d’isavuconazole par augmentation de son métabolisme hépatique par l’inducteur.,,146
ISAVUCONAZOLE,INHIBITEURS PUISSANTS DU CYP3A4,isavuconazole,inhibiteurs puissants du cyp3a4,critical,CI;PE,Augmentation des concentrations plasmatiques d’isavuconazole par diminution de son métabolisme hépatique par l’inhibiteur.,Contre-indication: - avec le kétoconazole Précaution d'emploi: - avec les autres inhibiteurs puissants du CYP3A4,146
ISAVUCONAZOLE,MILLEPERTUIS,isavuconazole,millepertuis,critical,CI,Diminution des concentrations plasmatiques d’isavuconazole par augmentation de son métabolisme hépatique par le millepertuis.,,146
ISONIAZIDE,ANESTHÉSIQUES VOLATILS HALOGÉNÉS,isoniazide,anesthesiques volatils halogenes,moderate,PE,"Potentialisation de l'effet hépatotoxique de l'isonazide, avec formation accrue de métabolites toxiques de l'isoniazide.","En cas d'intervention programmée, arrêter, par prudence, le traitement par l'isoniazide une semaine avant l'intervention et ne le reprendre que 15 jours après.",146
ISONIAZIDE,CARBAMAZEPINE,isoniazide,carbamazepine,high,ASDEC,Augmentation des concentrations plasmatiques de carbamazépine avec signes de surdosage par inhibition de son métabolisme hépatique.,,146
ISONIAZIDE,DISULFIRAME,isoniazide,disulfirame,high,ASDEC,Troubles du comportement et de la coordination.,,146
ISONIAZIDE,GLUCOCORTICOÏDES (SAUF HYDROCORTISONE),isoniazide,glucocorticoides (sauf hydrocortisone),moderate,PE,Décrit pour la prednisolone. Diminution des concentrations plasmatiques de l'isoniazide. Mécanisme invoqué : augmentation du métabolisme hépatique de l'isoniazide et diminution de celui des glucocorticoïdes.,Surveillance clinique et biologique.,146
ISONIAZIDE,KETOCONAZOLE,isoniazide,ketoconazole,moderate,PE,Diminution des concentrations plasmatiques de kétoconazole.,Espacer les prises des deux anti-infectieux d'au moins 12 heures. Surveiller les concentrations plasmatiques du kétoconazole et adapter éventuellement sa posologie.,146
ISONIAZIDE,"PHÉNYTOÏNE (ET, PAR EXTRAPOLATION, FOSPHÉNYTOÏNE)",isoniazide,"phenytoine (et, par extrapolation, fosphenytoine)",moderate,PE,Surdosage en phénytoïne (diminution de son métabolisme).,"Surveillance clinique étroite, dosage des concentrations plasmatiques de phénytoïne et adaptation éventuelle de sa posologie pendant le traitement par l'isoniazide et après son arrêt.",146
ISONIAZIDE,PYRAZINAMIDE,isoniazide,pyrazinamide,moderate,PE,Addition des effets hépatotoxiques.,Surveillance clinique et biologique.,146
ISONIAZIDE,RIFAMPICINE,isoniazide,rifampicine,moderate,PE,Augmentation de l'hépatotoxicité de l'isoniazide (augmentation de la formation de métabolites toxiques de l'isoniazide).,"Surveillance clinique et biologique de cette association classique. En cas d'hépatite, arrêter l'isoniazide.",146
ISONIAZIDE,STAVUDINE,isoniazide,stavudine,moderate,PE,Risque majoré de survenue de neuropathies périphériques par addition d'effets indésirables.,"Surveillance clinique et biologique régulière, notamment en début d'association.",146
ISOPRENALINE,ANESTHÉSIQUES VOLATILS HALOGÉNÉS,isoprenaline,anesthesiques volatils halogenes,high,ASDEC,Troubles du rythme ventriculaire graves par augmentation de l'excitabilité cardiaque.,,146
ITRACONAZOLE,AFATINIB,itraconazole,afatinib,moderate,PE,Augmentation des concentrations plasmatique d’afatinib par augmentation de son absorption par l'itraconazole.,"Il est recommandé d’administrer l'itraconazole le plus à distance possible de l’afatinib, en respectant de préférence un intervalle de 6 heures ou de 12 heures par rapport à la prise d’afatinib.",147
ITRACONAZOLE,ANTISÉCRÉTOIRES ANTIHISTAMINIQUES H2,itraconazole,antisecretoires antihistaminiques h2,low,APEC,"Diminution de l'absorption de l'azolé antifongique, par augmentation du pH intragastrique par l'antisécrétoire.",,147
ITRACONAZOLE,ANTISÉCRÉTOIRES INHIBITEURS DE LA POMPE À PROTONS,itraconazole,antisecretoires inhibiteurs de la pompe a protons,low,APEC,"Diminution de l'absorption de l'azolé antifongique, par augmentation du pH intragastrique par l'antisécrétoire.",,147
ITRACONAZOLE,APREPITANT,itraconazole,aprepitant,low,APEC,Augmentation des concentrations d’aprépitant par diminution de son métabolisme hépatique par l’itraconazole.,,147
ITRACONAZOLE,ATORVASTATINE,itraconazole,atorvastatine,critical,CI,Risque majoré d'effets indésirables (concentration-dépendants) à type de rhabdomyolyse (diminution du métabolisme hépatique de l'atorvastatine).,,147
ITRACONAZOLE,BUPRENORPHINE,itraconazole,buprenorphine,moderate,PE,"Augmentation des concentrations de buprénorphine par diminution de son métabolisme hépatique, avec risque de majoration de ses effets indésirables.","Surveillance clinique et adaptation de la posologie de la buprénorphine pendant le traitement par l'inhibiteur et, le cas échéant, après son arrêt.",147
ITRACONAZOLE,BUSPIRONE,itraconazole,buspirone,high,ASDEC,"Augmentation des concentrations plasmatiques de la buspirone par diminution de son métabolisme hépatique, avec majoration importante de la sédation.",,147
ITRACONAZOLE,BUSULFAN,itraconazole,busulfan,high,ASDEC,Avec le busulfan à fortes doses : doublement des concentrations de busulfan par l’itraconazole.,,147
ITRACONAZOLE,DABIGATRAN,itraconazole,dabigatran,critical,CI,"Augmentation de plus du double des concentrations plasmatiques de dabigatran, avec majoration du risque de saignement.",,147
ITRACONAZOLE,DIGOXINE,itraconazole,digoxine,moderate,PE,"Augmentation de la digoxinémie avec nausées, vomissements, troubles du rythme.","Surveillance clinique et, s'il y a lieu, de l'ECG et de la digoxinémie avec adaptation de la posologie de la digoxine pendant le traitement par l'itraconazole et après son arrêt.",147
ITRACONAZOLE,ÉDOXABAN,itraconazole,edoxaban,moderate,PE,"Augmentation des concentrations plasmatiques de l’édoxaban, avec majoration du risque de saignement.",Réduire la dose d’édoxaban de moitié.,147
ITRACONAZOLE,ELVITÉGRAVIR,itraconazole,elvitegravir,moderate,PE,Augmentation des concentrations plasmatiques d’elvitegravir par diminution de son métabolisme par l'itraconazole.,"Avec l’elvitegravir co-administré avec le cobicistat, surveillance clinique. Limiter la dose maximale d’itraconazole à 200 mg/j.",147
ITRACONAZOLE,HYDROQUINIDINE,itraconazole,hydroquinidine,moderate,PE,Risque d'acouphènes et/ou de diminution de l'acuité auditive : cinchonisme lié à une diminution du métabolisme hépatique de l'antiarythmique par l'itraconazole.,Surveillance des concentrations plasmatiques de l'antiarythmique et diminution éventuelle de sa posologie si nécessaire.,147
ITRACONAZOLE,IMMUNOSUPPRESSEURS,itraconazole,immunosuppresseurs,high,ASDEC,Augmentation très importante des concentrations sanguines de l'immunosuppresseur par inhibition de son métabolisme hépatique.,"En cas d’association, contrôle strict de la fonction rénale, dosage des concentrations sanguines de l'immunosuppresseur et adaptation éventuelle de la posologie.",147
ITRACONAZOLE,INDUCTEURS ENZYMATIQUES,itraconazole,inducteurs enzymatiques,high,ASDEC,"Diminution des concentrations plasmatiques d’itraconazole, avec risque de perte d’efficacité, par augmentation de son métabolisme hépatique par l’inducteur.",,148
ITRACONAZOLE,INHIBITEURS DE PROTÉASES BOOSTÉS PAR RITONAVIR,itraconazole,inhibiteurs de proteases boostes par ritonavir,moderate,PE,Risque d’augmentation des concentrations d’itraconazole par l’inhibiteur de protéases.,Surveillance clinique lors de l’association. L’administration de doses élevées d’itraconazole (>200 mg par jour) n’est pas recommandée.,148
ITRACONAZOLE,MILLEPERTUIS,itraconazole,millepertuis,critical,CI,"Risque de diminution importante des concentrations plasmatiques d’itraconazole, avec risque de perte d’efficacité, par augmentation de son métabolisme hépatique par le millepertuis.",,148
ITRACONAZOLE,NINTÉDANIB,itraconazole,nintedanib,moderate,PE,Augmentation des concentrations plasmatiques du nintédanib par augmentation de son absorption par l'itraconazole.,Surveillance clinique pendant l’association.,148
ITRACONAZOLE,QUINIDINE,itraconazole,quinidine,moderate,PE,"Risque majoré de troubles du rythme ventriculaire, notamment de torsades de pointes, ainsi que d'acouphènes et/ou de diminution de l'acuité auditive (cinchonisme), par diminution du métabolisme hépatique de la quinidine.",Surveillance clinique.,148
ITRACONAZOLE,SALMETEROL,itraconazole,salmeterol,low,APEC,Augmentation importante des concentrations de salmétérol par diminution de son métabolisme hépatique par l'itraconazole.,,148
ITRACONAZOLE,TALAZOPARIB,itraconazole,talazoparib,moderate,PE,Augmentation des concentrations de talazoparib avec risque de majoration de la toxicité.,Réduire la dose de talazoparib.,148
ITRACONAZOLE,TÉNOFOVIR ALAFÉNAMIDE,itraconazole,tenofovir alafenamide,moderate,PE,Augmentation des concentrations plasmatiques du ténofovir alafénamide par augmentation de son absorption.,"En cas de co-administration avec l’itraconazole, la dose de ténofovir alafénamide doit être limitée à 10 mg par jour.",148
ITRACONAZOLE,TRABECTÉDINE,itraconazole,trabectedine,high,ASDEC,Risque d’augmentation des concentrations plasmatiques de la trabectedine par l’itraconazole.,"Si l’association est nécessaire, surveillance clinique et adaptation éventuelle de la posologie de la trabectedine pendant la durée du traitement par l’itraconazole.",148
ITRACONAZOLE,VENLAFAXINE,itraconazole,venlafaxine,low,APEC,Augmentation des concentrations de venlafaxine avec risque de surdosage.,,148
IVABRADINE,AZITHROMYCINE,ivabradine,azithromycine,moderate,PE,"Risque majoré de troubles du rythme ventriculaires, notamment de torsades de pointes. De plus, risque d'augmentation des concentrations plasmatiques de l’ivabradine par augmentation de son absorption par l’azithromycine.",Surveillance clinique et ECG pendant l’association.,148
IVABRADINE,DILTIAZEM,ivabradine,diltiazem,critical,CI,"Augmentation des concentrations plasmatiques de l’ivabradine et de ses effets indésirables, notamment cardiaques (inhibition de son métabolisme hépatique par le diltiazem), qui s’ajoutent aux effets bradycardisants de ces substances.",,148
IVABRADINE,INDUCTEURS ENZYMATIQUES PUISSANTS,ivabradine,inducteurs enzymatiques puissants,moderate,PE,"Risque de diminution de l'efficacité de l’ivabradine, par augmentation de son métabolisme par l’inducteur.",Surveillance clinique et adaptation de la posologie de l’ivabradine pendant l’association et après l’arrêt de l’inducteur.,148
IVABRADINE,INHIBITEURS PUISSANTS DU CYP3A4,ivabradine,inhibiteurs puissants du cyp3a4,critical,CI,Augmentation des concentrations plasmatiques de l’ivabradine et par conséquent de ses effets indésirables (inhibition de son métabolisme hépatique par l’inhibiteur).,,148
IVABRADINE,JOSAMYCINE,ivabradine,josamycine,critical,CI,Augmentation des concentrations plasmatiques de l'ivabradine et par conséquent de ses effets indésirables (inhibition de son métabolisme hépatique par la josamycine).,,149
IVABRADINE,MILLEPERTUIS,ivabradine,millepertuis,high,ASDEC,"Risque de diminution de l'efficacité de l’ivabradine, par augmentation de son métabolisme par le millepertuis.",,149
IVABRADINE,PAMPLEMOUSSE (JUS ET FRUIT),ivabradine,pamplemousse (jus et fruit),high,ASDEC,Augmentation des concentrations plasmatiques de l’ivabradine et de ses effets indésirables (inhibition de son métabolisme intestinal par le pamplemousse).,,149
IVABRADINE,RIFAMPICINE,ivabradine,rifampicine,moderate,PE,"Risque de diminution de l'efficacité de l’ivabradine, par augmentation de son métabolisme par la rifampicine.",Surveillance clinique et adaptation de la posologie de l’ivabradine pendant l’association et après l’arrêt de la rifampicine.,149
IVABRADINE,VERAPAMIL,ivabradine,verapamil,critical,CI,"Augmentation des concentrations plasmatiques de l’ivabradine et de ses effets indésirables, notamment cardiaques (augmentation de son absorption et inhibition de son métabolisme hépatique par le vérapamil), qui s’ajoutent aux effets bradycardisants de ces deux médicaments.",,149
IVACAFTOR (SEUL OU ASSOCIÉ),FLUCONAZOLE,ivacaftor (seul ou associe),fluconazole,moderate,PE,"Augmentation des concentrations d’ivacaftor, avec risque de majoration des effets indésirables.",Se référer à l'AMM pour les adaptations posologiques.,149
IVACAFTOR (SEUL OU ASSOCIÉ),INDUCTEURS ENZYMATIQUES,ivacaftor (seul ou associe),inducteurs enzymatiques,high,ASDEC,"Diminution importante des concentrations de l’ivacaftor, avec risque de perte d’efficacité.",,149
IVACAFTOR (SEUL OU ASSOCIÉ),INHIBITEURS PUISSANTS DU CYP3A4,ivacaftor (seul ou associe),inhibiteurs puissants du cyp3a4,moderate,PE,"Augmentation des concentrations d’ivacaftor, avec risque de majoration des effets indésirables.",Se référer à l'AMM pour les adaptations posologiques.,149
IVACAFTOR (SEUL OU ASSOCIÉ),PAMPLEMOUSSE (JUS ET FRUIT),ivacaftor (seul ou associe),pamplemousse (jus et fruit),high,ASDEC,Risque d’augmentation des concentrations plasmatiques d’ivacaftor par le jus de pamplemousse.,,149
JOSAMYCINE,CARBAMAZEPINE,josamycine,carbamazepine,moderate,PE,"Augmentation des concentrations plasmatiques de carbamazépine avec signes de surdosage, par diminution de son métabolisme hépatique.","Surveillance clinique et, si besoin, dosage plasmatique et réduction éventuelle de la posologie de la carbamazépine.",149
JOSAMYCINE,CICLOSPORINE,josamycine,ciclosporine,moderate,PE,Risque d'augmentation des concentrations sanguines de ciclosporine et de la créatininémie.,"Dosage des concentrations sanguines de la ciclosporine, contrôle de la fonction rénale et adaptation de la posologie pendant l'association et après l'arrêt du macrolide.",149
JOSAMYCINE,DISOPYRAMIDE,josamycine,disopyramide,moderate,PE,"Risque de majoration des effets indésirables du disopyramide : hypoglycémies sévères, allongement de l’intervalle QT et troubles du rythme ventriculaire graves, notamment à type de torsades de pointes.","Surveillance clinique, biologique et électrocardiographique régulière.",149
JOSAMYCINE,HALOFANTRINE,josamycine,halofantrine,high,ASDEC,"Risque majoré de troubles du rythme ventriculaire, notamment de torsades de pointes.","Si cela est possible, interrompre le macrolide. Si l’association ne peut être évitée, contrôle préalable du QT et surveillance ECG monitorée.",149
JOSAMYCINE,IVABRADINE,josamycine,ivabradine,critical,CI,Augmentation des concentrations plasmatiques de l'ivabradine et par conséquent de ses effets indésirables (inhibition de son métabolisme hépatique par la josamycine).,,150
JOSAMYCINE,PIMOZIDE,josamycine,pimozide,critical,CI,"Risque majoré de troubles du rythme ventriculaire, notamment de torsades de pointes.",,150
JOSAMYCINE,SILDENAFIL,josamycine,sildenafil,moderate,PE,"Augmentation des concentrations plasmatiques de sildénafil, avec risque d'hypotension.",Débuter le traitement par sildénafil à la dose minimale en cas d'association avec la josamycine.,150
JOSAMYCINE,TACROLIMUS,josamycine,tacrolimus,high,ASDEC,"Augmentation des concentrations sanguines de tacrolimus et de la créatininémie, par inhibition du métabolisme hépatique du tacrolimus par la josamycine.",,150
JOSAMYCINE,"THÉOPHYLLINE (ET, PAR EXTRAPOLATION, AMINOPHYLLINE)",josamycine,"theophylline (et, par extrapolation, aminophylline)",low,APEC,"Risque d'augmentation de la théophyllinémie, particulièrement chez l'enfant.",,150
KETAMINE,TICLOPIDINE,ketamine,ticlopidine,low,APEC,Augmentation des concentrations plasmatiques de kétamine par diminution de son métabolisme par la ticlopidine.,,150
KETOCONAZOLE,AFATINIB,ketoconazole,afatinib,moderate,PE,Augmentation des concentrations plasmatique d’afatinib par augmentation de son absorption par le kétoconazole.,"Il est recommandé d’administrer le kétoconazole le plus à distance possible de l’afatinib, en respectant de préférence un intervalle de 6 heures ou de 12 heures par rapport à la prise d’afatinib.",150
KETOCONAZOLE,ANTISÉCRÉTOIRES ANTIHISTAMINIQUES H2,ketoconazole,antisecretoires antihistaminiques h2,low,APEC,"Diminution de l'absorption de l'azolé antifongique, par augmentation du pH intragastrique par l'antisécrétoire.",,150
KETOCONAZOLE,ANTISÉCRÉTOIRES INHIBITEURS DE LA POMPE À PROTONS,ketoconazole,antisecretoires inhibiteurs de la pompe a protons,low,APEC,"Diminution de l'absorption de l'azolé antifongique, par augmentation du pH intragastrique par l'antisécrétoire.",,150
KETOCONAZOLE,ATORVASTATINE,ketoconazole,atorvastatine,critical,CI,Risque majoré d'effets indésirables (concentration-dépendants) à type de rhabdomyolyse (diminution du métabolisme hépatique de l'atorvastatine).,,150
KETOCONAZOLE,BUPRENORPHINE,ketoconazole,buprenorphine,moderate,PE,"Augmentation des concentrations de buprénorphine par diminution de son métabolisme hépatique, avec risque de majoration de ses effets indésirables.","Surveillance clinique et adaptation de la posologie de la buprénorphine pendant le traitement par l'inhibiteur et, le cas échéant, après son arrêt.",150
KETOCONAZOLE,DABIGATRAN,ketoconazole,dabigatran,critical,CI,"Augmentation de plus du double des concentrations plasmatiques de dabigatran, avec majoration du risque de saignement.",,150
KETOCONAZOLE,ELVITÉGRAVIR,ketoconazole,elvitegravir,moderate,PE,Augmentation des concentrations plasmatiques d’elvitegravir par diminution de son métabolisme par le kétoconazole.,"Avec l’elvitegravir co-administré avec le cobicistat, surveillance clinique. Limiter la dose maximale de kétoconazole à 200 mg/j.",150
KETOCONAZOLE,FIDAXOMICINE,ketoconazole,fidaxomicine,high,ASDEC,Augmentation des concentrations plasmatiques de la fidaxomicine.,,150
KETOCONAZOLE,IMMUNOSUPPRESSEURS,ketoconazole,immunosuppresseurs,high,ASDEC,Augmentation très importante des concentrations sanguines de l'immunosuppresseur par inhibition de son métabolisme hépatique.,"En cas d’association, contrôle strict de la fonction rénale, dosage des concentrations sanguines de l'immunosuppresseur et adaptation éventuelle de la posologie.",151
KETOCONAZOLE,ISONIAZIDE,ketoconazole,isoniazide,moderate,PE,Diminution des concentrations plasmatiques de kétoconazole.,Espacer les prises des deux anti-infectieux d'au moins 12 heures. Surveiller les concentrations plasmatiques du kétoconazole et adapter éventuellement sa posologie.,151
KETOCONAZOLE,LERCANIDIPINE,ketoconazole,lercanidipine,high,ASDEC,"Risque majoré d'effets indesirables, notamment d'oedèmes, par diminution du métabolisme hépatique de la dihydropyridine.",,151
KETOCONAZOLE,NEVIRAPINE,ketoconazole,nevirapine,critical,CI,"Augmentation des concentrations plasmatiques de névirapine par diminution de son métabolisme hépatique par le kétoconazole, d'une part, et diminution des concentrations plasmatiques du kétoconazole par augmentation de son métabolisme hépatique par la névirapine, d'autre part.",,151
KETOCONAZOLE,NINTÉDANIB,ketoconazole,nintedanib,moderate,PE,Augmentation des concentrations plasmatiques du nintédanib par augmentation de son absorption par le kétoconazole.,Surveillance clinique pendant l’association.,151
KETOCONAZOLE,RIFAMPICINE,ketoconazole,rifampicine,high,ASDEC,Diminution des concentrations plasmatiques et de l'efficacité des deux anti-infectieux (induction enzymatique par la rifampicine et diminution de l'absorption intestinale par l’azolé antifongique).,,151
KETOCONAZOLE,SALMETEROL,ketoconazole,salmeterol,low,APEC,Augmentation importante des concentrations de salmétérol par diminution de son métabolisme hépatique par le kétoconazole.,,151
KETOCONAZOLE,TÉNOFOVIR ALAFÉNAMIDE,ketoconazole,tenofovir alafenamide,moderate,PE,Augmentation des concentrations plasmatiques du ténofovir alafénamide par augmentation de son absorption.,"En cas de co-administration avec le kétoconazole, la dose de ténofovir alafénamide doit être limitée à 10 mg par jour.",151
KETOCONAZOLE,VENLAFAXINE,ketoconazole,venlafaxine,low,APEC,Augmentation des concentrations de venlafaxine avec risque de surdosage.,,151
LAMIVUDINE,CLADRIBINE,lamivudine,cladribine,high,ASDEC,Risque de diminution de l’efficacité de la cladribine par la lamivudine.,,151
LAMIVUDINE,SORBITOL,lamivudine,sorbitol,high,ASDEC,Diminution des concentrations plasmatiques de lamivudine par le sorbitol.,"Si l’association ne peut être évitée, surveillance plus fréquente de la charge virale.",151
LAMOTRIGINE,CARBAMAZEPINE,lamotrigine,carbamazepine,moderate,PE,"Risque d'augmentation des effets neurologiques (vertiges, ataxie, diplopie) de la carbamazépine lors de l'introduction de la lamotrigine.",Surveillance clinique et réduction éventuelle de la posologie de la carbamazépine.,151
LAMOTRIGINE,ESTROPROGESTATIFS CONTRACEPTIFS,lamotrigine,estroprogestatifs contraceptifs,high,ASDEC;PE,Diminution des concentrations et de l’efficacité de la lamotrigine par augmentation de son métabolisme hépatique.,Association déconseillée: - Eviter de mettre en route une contraception orale pendant la période d'ajustement posologique de la lamotrigine. Précaution d'emploi: - Surveillance clinique et adaptation de la posologie de la lamotrigine lors de la mise en route d'une contraception orale et après son arrêt.,151
LAMOTRIGINE,INHIBITEURS DE PROTÉASES BOOSTÉS PAR RITONAVIR,lamotrigine,inhibiteurs de proteases boostes par ritonavir,high,ASDEC;PE,Risque de diminution des concentrations et de l’efficacité de la lamotrigine par augmentation de son métabolisme hépatique par le ritonavir.,Association déconseillée - Eviter de mettre en route le traitement par ritonavir pendant la période d’ajustement posologique de la lamotrigine. Précaution d'emploi - Surveillance clinique et adaptation de la posologie de la lamotrigine lors de la mise en route du traitement par ritonavir.,152
LAMOTRIGINE,OXCARBAZEPINE,lamotrigine,oxcarbazepine,moderate,PE,"Diminution des concentrations de la lamotrigine avec risque de moindre efficacité, par augmentation de son métabolisme hépatique par l'oxcarbazépine.","Surveillance clinique et contrôle des concentrations plasmatiques, avec adaptation de la posologie de la lamotrigine si besoin.",152
LAMOTRIGINE,"VALPROÏQUE (ACIDE) ET, PAR EXTRAPOLATION, VALPROMIDE",lamotrigine,"valproique (acide) et, par extrapolation, valpromide",high,ASDEC,"Risque majoré de réactions cutanées graves (syndrome de Lyell). Par ailleurs, augmentation des concentrations plasmatiques de lamotrigine (diminution de son métabolisme hépatique par le valproate de sodium).","Si l'association s'avère nécessaire, surveillance clinique étroite.",152
LANSOPRAZOLE,TACROLIMUS,lansoprazole,tacrolimus,moderate,PE,Augmentation des concentrations sanguines du tacrolimus.,"Dosage des concentrations sanguines du tacrolimus, contrôle de la fonction rénale et adaptation de la posologie pendant l'association et après son arrêt.",152
LAPATINIB,TÉDIZOLIDE,lapatinib,tedizolide,high,ASDEC,"Risque d’augmentation des concentrations plasmatiques du lapatinib, par augmentation de son absorption avec le tédizolide administré par voie orale, ou par diminution de son élimination avec le tédizolide administré par voie IV.",,152
LAXATIFS (TYPE MACROGOL),MÉDICAMENTS ADMINISTRÉS PAR VOIE ORALE,laxatifs (type macrogol),medicaments administres par voie orale,low,APEC,"Avec les laxatifs, notamment en vue d’explorations endoscopiques: risque de diminution de l’efficacité du médicament administré avec le laxatif.","Eviter la prise d’autres médicaments pendant et après l’ingestion dans un délai d’au moins 2 h après la prise du laxatif, voire jusqu’à la réalisation de l’examen.",152
LÉDIPASVIR,ANTISÉCRÉTOIRES INHIBITEURS DE LA POMPE À PROTONS,ledipasvir,antisecretoires inhibiteurs de la pompe a protons,moderate,PE,Diminution des concentrations du lédipasvir en cas d’administration de l’inhibiteur de la pompe à protons avant le lédipasvir.,Il est recommandé de prendre l'’inhibiteur de la pompe à protons et le lédipasvir simultanément.,152
LÉDIPASVIR,INDUCTEURS ENZYMATIQUES PUISSANTS,ledipasvir,inducteurs enzymatiques puissants,critical,CI,Diminution importante des concentrations plasmatiques du lédipasvir par augmentation de son métabolisme hépatique par l'inducteur enzymatique.,,152
LÉDIPASVIR,INHIBITEURS DE L'HMG-COA RÉDUCTASE (STATINES),ledipasvir,inhibiteurs de l'hmg-coa reductase (statines),critical,CI;PE,Risque d’augmentation des concentrations plasmatiques de la statine et de ses effets indésirables à type de rhabdomyolyse.,Contre-indication : - avec la rosuvastatine. Précaution d'emploi : - avec les autres inhibiteurs de l'HMG Co-A réductase. Surveillance clinique et biologique. Adaptation éventuelle de la posologie de la statine.,152
LÉDIPASVIR,MILLEPERTUIS,ledipasvir,millepertuis,critical,CI,Risque de diminution importante des concentrations plasmatiques du lédipasvir par augmentation de son métabolisme hépatique par le millepertuis.,,152
LÉDIPASVIR,RIFABUTINE,ledipasvir,rifabutine,critical,CI,"Diminution des concentrations plasmatiques de lédipasvir par la rifabutine, avec possible retentissement sur l’efficacité.",,152
LÉDIPASVIR,RIFAMPICINE,ledipasvir,rifampicine,critical,CI,Diminution importante des concentrations plasmatiques du lédipasvir par augmentation de son métabolisme hépatique par la rifampicine.,,153
LÉDIPASVIR,TENOFOVIR DISOPROXIL,ledipasvir,tenofovir disoproxil,moderate,PE,"Lors de sa co-administration avec un inhibiteur de protéase, augmentation des concentrations plasmatiques du ténofovir par le lédipasvir.","Surveillance clinique et biologique, notamment de la fonction rénale.",153
LÉNACAPAVIR,ATAZANAVIR,lenacapavir,atazanavir,high,ASDEC,"Lorsqu’il est associé au cobicistat, l’atazanavir provoque une augmentation très importante des concentrations de lénacapavir.",,153
LÉNACAPAVIR,EFAVIRENZ,lenacapavir,efavirenz,high,ASDEC,Diminution importante des concentrations de lénacapavir.,,153
LÉNACAPAVIR,INDUCTEURS ENZYMATIQUES PUISSANTS,lenacapavir,inducteurs enzymatiques puissants,critical,CI,"Diminution, éventuellement considérable, des concentrations de lénacapavir, avec risque de réduction de la réponse virologique.",,153
LÉNACAPAVIR,MILLEPERTUIS,lenacapavir,millepertuis,critical,CI,"Diminution, éventuellement considérable, des concentrations de lénacapavir, avec risque de réduction de la réponse virologique.",,153
LÉNACAPAVIR,OXCARBAZEPINE,lenacapavir,oxcarbazepine,critical,CI,"Diminution, éventuellement considérable, des concentrations de lénacapavir, avec risque de réduction de la réponse virologique.",,153
LÉNACAPAVIR,RIFAMPICINE,lenacapavir,rifampicine,critical,CI,"Diminution, éventuellement considérable, des concentrations de lénacapavir, avec risque de réduction de la réponse virologique.",,153
LENALIDOMIDE,INHIBITEURS DE L'HMG-COA RÉDUCTASE (STATINES),lenalidomide,inhibiteurs de l'hmg-coa reductase (statines),moderate,PE,Risque majoré de survenue de rhabdomyolyses.,"Renforcer le contrôle clinique et biologique, notamment durant les premières semaines de traitement.",153
LERCANIDIPINE,CICLOSPORINE,lercanidipine,ciclosporine,moderate,PE,Augmentation modérée des concentrations sanguines de l'immunosuppresseur et augmentation plus notable des concentrations de lercanidipine.,"Décaler les prises des deux médicaments. Dosage des concentrations sanguines de l'immunosuppresseur, et adaptation si nécessaire de sa posologie pendant l'association et après son arrêt.",153
LERCANIDIPINE,KETOCONAZOLE,lercanidipine,ketoconazole,high,ASDEC,"Risque majoré d'effets indesirables, notamment d'oedèmes, par diminution du métabolisme hépatique de la dihydropyridine.",,153
LERCANIDIPINE,PAMPLEMOUSSE (JUS ET FRUIT),lercanidipine,pamplemousse (jus et fruit),low,APEC,"Risque majoré d'effets indésirables, notamment d'oedèmes, par diminution du métabolisme intestinal de la dihydropyridine.",,153
LÉTERMOVIR,ALCALOÏDES DE L'ERGOT DE SEIGLE VASOCONSTRICTEURS,letermovir,alcaloides de l'ergot de seigle vasoconstricteurs,critical,CI,"Risque de vasoconstriction coronaire ou des extrémités (ergotisme), ou de poussées hypertensives.",,153
LÉTERMOVIR,IMMUNOSUPPRESSEURS,letermovir,immunosuppresseurs,moderate,PE,"Augmentation, éventuellement très importante, des concentrations sanguines de l'immunosuppresseur par inhibition de son métabolisme et de la créatininémie.",Surveillance clinique et biologique renforcée.,154
LÉTERMOVIR,INHIBITEURS DE L'HMG-COA RÉDUCTASE (STATINES),letermovir,inhibiteurs de l'hmg-coa reductase (statines),high,ASDEC;PE,Risque d’augmentation des concentrations plasmatiques de la statine et de ses effets indésirables à type de rhabdomyolyse.,"Association déconseillée: - avec simvastatine, pitavastatine, rosuvastatine Précaution d'emploi (en cas d’utilisation du létermovir seul): - ne pas dépasser 20 mg/ jour d’atorvastatine - adaptation éventuelle de la posologie de fluvastatine et de pravastatine,",154
LÉTERMOVIR,PIMOZIDE,letermovir,pimozide,critical,CI,"Risque majoré de troubles du rythme ventriculaire, notamment de torsades de pointes.",,154
LÉTERMOVIR,VORICONAZOLE,letermovir,voriconazole,high,ASDEC,Diminution de plus de la moitié de l’exposition du voriconazole.,"Si l’association s’avère nécessaire, surveillance clinique étroite, notamment les deux premières semaines après l’instauration ou l’arrêt du traitement par létermovir.",154
LEVOCARNITINE,ANTIVITAMINES K,levocarnitine,antivitamines k,moderate,PE,Augmentation de l'effet de l'antivitamine K et du risque hémorragique,Contrôle plus fréquent de l'INR. Adaptation éventuelle de la posologie de l'antivitamine K pendant le traitement par la lévocarnitine et 8 jours après son arrêt.,154
LEVODOPA,BACLOFENE,levodopa,baclofene,low,APEC,"Risque d’aggravation du syndrome parkinsonien ou d’effets indésirables centraux (hallucinations visuelles, état confusionnel, céphalées).",,154
LEVODOPA,FER,levodopa,fer,moderate,PE,Diminution de l'absorption digestive de la lévodopa.,Prendre les sels de fer à distance de la lévodopa (plus de 2 heures si possible).,154
LEVODOPA,IMAO-B,levodopa,imao-b,low,APEC,Augmentation du risque d'hypotension orthostatique.,,154
LEVODOPA,METHYLDOPA,levodopa,methyldopa,moderate,PE,Augmentation des effets de la lévodopa mais également de ses effets indésirables. Majoration de l'effet antihypertenseur de la méthyldopa.,Surveillance clinique et éventuellement diminution des doses de lévodopa.,154
LEVODOPA,NEUROLEPTIQUES ANTIÉMÉTIQUES,levodopa,neuroleptiques antiemetiques,critical,CI,Antagonisme réciproque entre la lévodopa et le neuroleptique.,Utiliser un antiémétique dénué d'effets extrapyramidaux.,154
LEVODOPA,NEUROLEPTIQUES ANTIPSYCHOTIQUES (SAUF CLOZAPINE),levodopa,neuroleptiques antipsychotiques (sauf clozapine),high,ASDEC,Antagonisme réciproque de la lévodopa et des neuroleptiques.,"Chez le patient parkinsonien, utiliser les doses minimales efficaces de chacun des deux médicaments.",154
LEVODOPA,RESERPINE,levodopa,reserpine,critical,CI,Inhibition des effets de la lévodopa.,,154
LEVODOPA,SPIRAMYCINE,levodopa,spiramycine,moderate,PE,En cas d'association avec la carbidopa : inhibition de l'absorption de la carbidopa avec diminution des concentrations plasmatiques de la lévodopa.,Surveillance clinique et adaptation éventuelle de la posologie de la lévodopa.,154
LEVODOPA,TETRABENAZINE,levodopa,tetrabenazine,high,ASDEC,Antagonisme réciproque entre la lévodopa et la tétrabénazine.,,155
LEVOFLOXACINE,SUBSTANCES SUSCEPTIBLES DE DONNER DES TORSADES DE POINTES,levofloxacine,substances susceptibles de donner des torsades de pointes,moderate,PE,"Risque majoré de troubles du rythme ventriculaire, notamment de torsades de pointes.",Surveillance clinique et électrocardiographique pendant l'association.,155
LEVONORGESTREL,INDUCTEURS ENZYMATIQUES,levonorgestrel,inducteurs enzymatiques,moderate,PE,"Avec le lévonorgestrel utilisé dans l’indication contraception d’urgence, diminution importante des concentrations plasmatiques de lévonorgestrel, avec risque d’inefficacité.","En cas de prise d’un médicament inducteur dans les 4 dernières semaines, l’utilisation d’une contraception d’urgence non hormonale (DIU au cuivre) devrait s’envisager. Si ce n’est pas possible, le doublement de la dose de lévonorgestrel est une autre option.",155
LIDOCAINE,AMIODARONE,lidocaine,amiodarone,moderate,PE,"Risque d’augmentation des concentrations plasmatiques de lidocaïne, avec possibilité d’effets indésirables neurologiques et cardiaques, par diminution de son métabolisme hépatique par l’amiodarone.","Surveillance clinique, ECG et éventuellement contrôle des concentrations plasmatiques de lidocaïne. Si besoin, adaptation de la posologie de la lidocaïne pendant le traitement par amiodarone et après son arrêt.",155
LIDOCAINE,BÊTA-BLOQUANTS (SAUF ESMOLOL) (Y COMPRIS COLLYRES),lidocaine,beta-bloquants (sauf esmolol) (y compris collyres),moderate,PE,Avec la lidocaïne utilisée par voie IV : augmentation des concentrations plasmatiques de lidocaïne avec possibilité d'effets indésirables neurologiques et cardiaques (diminution de la clairance hépatique de la lidocaïne).,"Surveillance clinique, ECG et éventuellement contrôle des concentrations plasmatiques de lidocaïne pendant l'association et après l'arrêt du bêta-bloquant. Adaptation si besoin de la posologie de la lidocaïne.",155
LIDOCAINE,BÊTA-BLOQUANTS DANS L'INSUFFISANCE CARDIAQUE,lidocaine,beta-bloquants dans l'insuffisance cardiaque,low,APEC,Effet inotrope négatif avec risque de décompensation cardiaque.,,155
LIDOCAINE,CIMETIDINE,lidocaine,cimetidine,moderate,PE,Avec la cimétidine utilisée à des doses supérieures ou égales à 800 mg/j : augmentation des concentrations plasmatiques de lidocaïne avec risque d'effets indésirables neurologiques et cardiaques (inhibition du métabolisme hépatique de la lidocaïne).,"Surveillance clinique, ECG et éventuellement des concentrations plasmatiques de la lidocaïne ; s'il y a lieu, adaptation de la posologie de la lidocaïne pendant le traitement par la cimétidine et après son arrêt.",155
LIDOCAINE,FLUVOXAMINE,lidocaine,fluvoxamine,moderate,PE,Augmentation des concentrations plasmatiques de la lidocaïne avec possibilités d’effets indésirables neurologiques et cardiaques (diminution de la clairance hépatique de la lidocaïne).,"Surveillance clinique, ECG et éventuellement contrôle des concentrations plasmatiques de la lidocaïne pendant et après l’arrêt de l’association. Adaptation, si besoin, de la posologie de la lidocaïne.",155
LINCOSANIDES,CURARES,lincosanides,curares,moderate,PE,"Potentialisation des curares lorque l'antibiotique est administré par voie parentérale et/ou péritonéale avant, pendant ou après l'agent curarisant.",Surveiller le degré de curarisation en fin d'anesthésie.,155
LINEZOLIDE,CLARITHROMYCINE,linezolide,clarithromycine,low,APEC,"Risque de majoration des effets indésirables du linézolide par la clarithromycine, par augmentation de son absorption.",,155
LINEZOLIDE,RIFAMPICINE,linezolide,rifampicine,moderate,PE,Risque de diminution de l'efficacité du linézolide par augmentation de son métabolisme hépatique par la rifampicine.,Surveillance clinique et augmentation éventuelle de la posologie du linézolide pendant le traitement par la rifampicine.,155
LITHIUM,ACETAZOLAMIDE,lithium,acetazolamide,moderate,PE,Diminution de la lithémie avec risque de baisse de l’efficacité thérapeutique.,Surveillance stricte de la lithémie et adaptation éventuelle de la posologie du lithium.,156
LITHIUM,ANTAGONISTES DES RÉCEPTEURS DE L'ANGIOTENSINE II,lithium,antagonistes des recepteurs de l'angiotensine ii,high,ASDEC,Augmentation de la lithémie pouvant atteindre des valeurs toxiques (diminution de l'excrétion rénale du lithium).,"Si l'usage d'un antagoniste de l'angiotensine II est indispensable, surveillance stricte de la lithémie et adaptation de la posologie.",156
LITHIUM,ANTI-INFLAMMATOIRES NON STÉROÏDIENS,lithium,anti-inflammatoires non steroidiens,high,ASDEC,Augmentation de la lithémie pouvant atteindre des valeurs toxiques (diminution de l'excrétion rénale du lithium).,"Si l'association ne peut être évitée, surveiller étroitement la lithémie et adapter la posologie du lithium pendant l'association et après l'arrêt de l'anti-inflammatoire non stéroïdien.",156
LITHIUM,CAFEINE,lithium,cafeine,low,APEC,"En cas d’arrêt brutal de la consommation de café ou de médicaments contenant de la caféine, risque d’augmentation de la lithémie.",,156
LITHIUM,CALCITONINE,lithium,calcitonine,moderate,PE,Risque de baisse de l’efficacité du lithium par augmentation de son élimination rénale par la calcitonine.,"Surveillance clinique et biologique régulière, notamment en début d’association.",156
LITHIUM,CARBAMAZEPINE,lithium,carbamazepine,high,ASDEC,"Risque de neurotoxicité se manifestant par des troubles cérébelleux, confusion, somnolence, ataxie. Ces troubles sont réversibles à l'arrêt du traitement par le lithium.",,156
LITHIUM,DIURÉTIQUES DE L'ANSE,lithium,diuretiques de l'anse,high,ASDEC,"Augmentation de la lithémie avec signes de surdosage en lithium, comme lors d’un régime désodé (diminution de l’excrétion urinaire du lithium).","Si l'association ne peut être évitée, surveillance stricte de la lithémie et adaptation de la posologie du lithium.",156
LITHIUM,DIURÉTIQUES ÉPARGNEURS DE POTASSIUM (SEULS OU ASSOCIÉS),lithium,diuretiques epargneurs de potassium (seuls ou associes),moderate,PE,"Augmentation de la lithémie avec signes de surdosage en lithium, comme lors d’un régime désodé (diminution de l’excrétion urinaire du lithium).",Surveillance stricte de la lithémie et adaptation éventuelle de la posologie du lithium.,156
LITHIUM,DIURÉTIQUES THIAZIDIQUES ET APPARENTÉS,lithium,diuretiques thiazidiques et apparentes,high,ASDEC,"Augmentation de la lithémie avec signes de surdosage en lithium, comme lors d’un régime désodé (diminution de l’excrétion urinaire du lithium).","Si l'association ne peut être évitée, surveillance stricte de la lithémie et adaptation de la posologie du lithium.",156
LITHIUM,GLYCEROL,lithium,glycerol,moderate,PE,Diminution de la lithémie avec risque de baisse de l’efficacité thérapeutique.,Surveillance stricte de la lithémie et adaptation éventuelle de la posologie du lithium.,156
LITHIUM,INHIBITEURS DE L'ENZYME DE CONVERSION,lithium,inhibiteurs de l'enzyme de conversion,high,ASDEC,Augmentation de la lithémie pouvant atteindre des valeurs toxiques (diminution de l'excrétion rénale du lithium).,"Si l'usage d'un IEC est indispensable, surveillance stricte de la lithémie et adaptation de la posologie du lithium.",156
LITHIUM,INHIBITEURS SÉLECTIFS DE LA RECAPTURE DE LA SÉROTONINE,lithium,inhibiteurs selectifs de la recapture de la serotonine,moderate,PE,Risque d'apparition d'un syndrome sérotoninergique.,"Surveillance clinique et biologique régulière, notamment en début d'association.",156
LITHIUM,MANNITOL,lithium,mannitol,moderate,PE,Diminution de la lithémie avec risque de baisse de l’efficacité thérapeutique.,Surveillance stricte de la lithémie et adaptation éventuelle de la posologie du lithium.,156
LITHIUM,METHYLDOPA,lithium,methyldopa,moderate,PE,"Augmentation de la lithémie pouvant atteindre des valeurs toxiques, avec signes de surdosage en lithium.",Surveillance clinique et adaptation de la posologie de lithium.,156
LITHIUM,METRONIDAZOLE,lithium,metronidazole,moderate,PE,"Augmentation de la lithémie pouvant atteindre des valeurs toxiques, avec signes de surdosage en lithium.",Surveillance stricte de la lithémie et adaptation éventuelle de la posologie du lithium.,157
LITHIUM,NEUROLEPTIQUES,lithium,neuroleptiques,moderate,PE,Risque d’apparition de signes neuropsychiques évocateurs d’un syndrome malin des neuroleptiques ou d’une intoxication au lithium.,"Surveillance clinique et biologique régulière, notamment en début d'association.",157
LITHIUM,ORLISTAT,lithium,orlistat,low,APEC,Risque d'échec thérapeutique en cas de traitement concomitant par orlistat.,,157
LITHIUM,SODIUM (BICARBONATE DE),lithium,sodium (bicarbonate de),moderate,PE,Risque de baisse de l’efficacité du lithium par augmentation de son élimination rénale par les sels de sodium.,Eviter les surcharges sodées et tenir compte de la présence de sodium dans certains médicaments comme les antiacides.,157
LITHIUM,SODIUM (CHLORURE DE),lithium,sodium (chlorure de),moderate,PE,Risque de baisse de l’efficacité du lithium par augmentation de son élimination rénale par les sels de sodium.,Eviter les surcharges sodées et tenir compte de la présence de sodium dans certains médicaments comme les antiacides.,157
LITHIUM,THEOPHYLLINE,lithium,theophylline,moderate,PE,Diminution de la lithémie avec risque de baisse de l’efficacité thérapeutique.,Surveillance stricte de la lithémie et adaptation éventuelle de la posologie du lithium.,157
LITHIUM,TOPIRAMATE,lithium,topiramate,moderate,PE,"Pour des doses de topiramate >= 200 mg par jour : augmentation de la lithémie pouvant atteindre des valeurs toxiques, avec signes de surdosage en lithium.",Surveillance clinique et biologique. Adaptation de la posologie du lithium.,157
LOMITAPIDE,DILTIAZEM,lomitapide,diltiazem,critical,CI,"Augmentation des concentrations de lomitapide, avec risque d’hépatotoxicité.",,157
LOMITAPIDE,INHIBITEURS PUISSANTS DU CYP3A4,lomitapide,inhibiteurs puissants du cyp3a4,critical,CI,Augmentation des concentrations plasmatiques du lomitapide par diminution de son métabolisme hépatique par l’inhibiteur.,,157
LOMITAPIDE,MILLEPERTUIS,lomitapide,millepertuis,high,ASDEC,Risque de diminution des concentrations plasmatiques du lomitapide.,,157
LOMUSTINE,CIMETIDINE,lomustine,cimetidine,high,ASDEC,Avec la cimétidine utilisée à des doses supérieures ou égales à 800 mg/j : toxicité médullaire accrue (inhibition du métabolisme de la lomustine).,,157
LOSARTAN,FLUCONAZOLE,losartan,fluconazole,low,APEC,"Risque de diminution de l’efficacité du losartan, par inhibition de la formation de son métabolite actif par le fluconazole.",,157
CYP3A4,INHIBITEURS PUISSANTS DU CYP3A4,cyp3a4,inhibiteurs puissants du cyp3a4,high,ASDEC,"Risque majoré de troubles du rythme ventriculaire, notamment de torsades de pointes.","Si cela est possible, interrompre l’inhibiteur. Si l’association ne peut être évitée, contrôle préalable du QT et surveillance ECG monitorée.",158
LURASIDONE,INDUCTEURS ENZYMATIQUES,lurasidone,inducteurs enzymatiques,critical,CI,Diminution des concentrations plasmatiques de la lurasidone par augmentation de son métabolisme hépatique par l’inducteur.,,158
LURASIDONE,INHIBITEURS PUISSANTS DU CYP3A4,lurasidone,inhibiteurs puissants du cyp3a4,critical,CI,Augmentation des concentrations plasmatiques de la lurasidone par diminution de son métabolisme hépatique par l’inhibiteur.,,158
LURASIDONE,MILLEPERTUIS,lurasidone,millepertuis,critical,CI,Diminution des concentrations plasmatiques de la lurasidone par augmentation de son métabolisme hépatique par le millepertuis.,,158
LURASIDONE,PAMPLEMOUSSE (JUS ET FRUIT),lurasidone,pamplemousse (jus et fruit),high,ASDEC,Augmentation des concentrations plasmatiques de la lurasidone par diminution de son métabolisme par le pamplemousse.,,158
MACITENTAN,INDUCTEURS ENZYMATIQUES,macitentan,inducteurs enzymatiques,high,ASDEC,Diminution des concentrations plasmatiques de macitentan par augmentation de son métabolisme par l’inducteur.,,158
MACITENTAN,MILLEPERTUIS,macitentan,millepertuis,high,ASDEC,Risque de diminution des concentrations plasmatiques de macitentan par augmentation de son métabolisme par le millepertuis.,,158
MACROLIDES (SAUF SPIRAMYCINE),ALCALOÏDES DE L'ERGOT DE SEIGLE DOPAMINERGIQUES,macrolides (sauf spiramycine),alcaloides de l'ergot de seigle dopaminergiques,high,ASDEC,Augmentation des concentrations plasmatiques du dopaminergique avec accroissement possible de son activité ou apparition de signes de surdosage.,,158
MACROLIDES (SAUF SPIRAMYCINE),ANTIVITAMINES K,macrolides (sauf spiramycine),antivitamines k,moderate,PE,Augmentation de l'effet de l'antivitamine K et du risque hémorragique.,Contrôle plus fréquent de l'INR. Adaptation éventuelle de la posologie de l'antivitamine K pendant le traitement par le macrolide et après son arrêt.,158
MACROLIDES (SAUF SPIRAMYCINE),COLCHICINE,macrolides (sauf spiramycine),colchicine,critical,CI,"Augmentation des effets indésirables de la colchicine, aux conséquences potentiellement fatales.",,158
MACROLIDES (SAUF SPIRAMYCINE),DIGOXINE,macrolides (sauf spiramycine),digoxine,moderate,PE,Augmentation de la digoxinémie par augmentation de son absorption.,Surveillance clinique et éventuellement de la digoxinémie pendant le traitement par le macrolide et après son arrêt.,158
MACROLIDES (SAUF SPIRAMYCINE),DIHYDROERGOTAMINE,macrolides (sauf spiramycine),dihydroergotamine,critical,CI,Ergotisme avec possibilité de nécrose des extrémités (inhibition de l’élimination hépatique de l'alcaloïde de l’ergot de seigle).,,158
MACROLIDES (SAUF SPIRAMYCINE),ERGOTAMINE,macrolides (sauf spiramycine),ergotamine,critical,CI,Ergotisme avec possibilité de nécrose des extrémités (diminution de l'élimination hépatique de l'ergotamine).,,158
MAGNÉSIUM,INHIBITEURS D'INTÉGRASE,magnesium,inhibiteurs d'integrase,moderate,PE,Diminution de l'absorption digestive des inhibiteurs d’intégrase.,"Prendre les sels de magnésium à distance de l’antirétroviral (plus de 2 heures, si possible).",159
MAGNÉSIUM,ROXADUSTAT,magnesium,roxadustat,moderate,PE,"La prise de cation divalent peut diminuer l’absorption intestinale et, potentiellement, l’efficacité du roxadustat pris simultanément.","Prendre le roxadustat à distance des sels de magnésium (plus de 1 heure, si possible).",159
MANNITOL,LITHIUM,mannitol,lithium,moderate,PE,Diminution de la lithémie avec risque de baisse de l’efficacité thérapeutique.,Surveillance stricte de la lithémie et adaptation éventuelle de la posologie du lithium.,159
MARAVIROC,FOSAMPRENAVIR,maraviroc,fosamprenavir,high,ASDEC,Diminution significative des concentrations d’amprénavir pouvant conduire à une perte de la réponse virologique.,,159
MARAVIROC,INDUCTEURS ENZYMATIQUES,maraviroc,inducteurs enzymatiques,moderate,PE,"En l’absence de co-administration avec un inhibiteur puissant du CYP3A4, diminution des concentrations de maraviroc par l’inducteur (sauf la névirapine).",La dose de maraviroc doit être augmentée à 600 mg deux fois par jour dans cette situation.,159
MARAVIROC,INHIBITEURS PUISSANTS DU CYP3A4,maraviroc,inhibiteurs puissants du cyp3a4,moderate,PE,Augmentation des concentrations de maraviroc par l’inhibiteur.,La dose de maraviroc doit être diminuée à 150 mg deux fois par jour en cas de co-administration avec cet inhibiteur. A l'exception du tipranavir boosté par ritonavir où la dose de maraviroc doit être de 300 mg deux fois par jour.,159
MARAVIROC,MILLEPERTUIS,maraviroc,millepertuis,high,ASDEC,Risque de diminution des concentrations plasmatiques de maraviroc pouvant conduire à une perte de la réponse virologique.,,159
MARIBAVIR,GANCICLOVIR,maribavir,ganciclovir,critical,CI,Antagonisme de la phosporylation et donc de l'effet pharmacologique du ganciclovir par le maribavir.,,159
MARIBAVIR,IMMUNOSUPPRESSEURS,maribavir,immunosuppresseurs,moderate,PE,Possible augmentation des concentrations de l’immunosuppresseur.,"Dosage des concentrations sanguines de l'immunosuppresseur, contrôle de la fonction rénale et adaptation éventuelle de la posologie pendant l'association et après son arrêt.",159
MARIBAVIR,INDUCTEURS ENZYMATIQUES,maribavir,inducteurs enzymatiques,high,ASDEC,"Diminution possiblement importante des concentrations de maribavir avec la rifampicine, avec risque de réduction de la réponse virologique.","Si l’association ne peut être évitée, augmentation éventuelle de la posologie de maribavir.",159
MARIBAVIR,VALGANCICLOVIR,maribavir,valganciclovir,critical,CI,Antagonisme de la phosporylation et donc de l'effet pharmacologique du valganciclovir par le maribavir.,,159
MÉDICAMENTS À L'ORIGINE D'ATTEINTES MUSCULAIRES,AUTRES MÉDICAMENTS À L'ORIGINE D'ATTEINTES MUSCULAIRES,medicaments a l'origine d'atteintes musculaires,autres medicaments a l'origine d'atteintes musculaires,low,APEC,Risque de majoration des effets indésirables musculaires.,,159
MÉDICAMENTS À L'ORIGINE D'UN HYPOGONADISME MASCULIN,SUBSTANCES SUSCEPTIBLES DE DONNER DES TORSADES DE POINTES,medicaments a l'origine d'un hypogonadisme masculin,substances susceptibles de donner des torsades de pointes,moderate,PE,"Risque majoré de troubles du rythme ventriculaire, notamment de torsades de pointes.",Surveillance clinique et électrocardiographique pendant l'association.,160
MÉDICAMENTS À L'ORIGINE D'UN SYNDROME SÉROTONINERGIQUE,AUTRES MÉDICAMENTS À L'ORIGINE D'UN SYNDROME SÉROTONINERGIQUE,medicaments a l'origine d'un syndrome serotoninergique,autres medicaments a l'origine d'un syndrome serotoninergique,low,APEC,Risque d'apparition ou de majoration d'un syndrome sérotoninergique en cas d'association de ces médicaments.,,160
MÉDICAMENTS À L'ORIGINE D'UNE HYPOTENSION ORTHOSTATIQUE,DAPOXÉTINE,medicaments a l'origine d'une hypotension orthostatique,dapoxetine,high,ASDEC;APEC,"Risque de majoration des effets indésirables, notamment à type de vertiges ou de syncopes.",Association déconseillée - avec les inhibiteurs de la phosphodiestérase de type 5 A prendre en compte - avec les autres classes thérapeutiques,160
MÉDICAMENTS À L'ORIGINE D'UNE HYPOTENSION ORTHOSTATIQUE,MÉDICAMENTS ABAISSANT LA PRESSION ARTÉRIELLE,medicaments a l'origine d'une hypotension orthostatique,medicaments abaissant la pression arterielle,low,APEC,"Risque de majoration d’une hypotension, notamment orthostatique.",,160
MÉDICAMENTS À RISQUE LORS DU SEVRAGE TABAGIQUE,TRAITEMENTS DE SUBSTITUTION NICOTINIQUE,medicaments a risque lors du sevrage tabagique,traitements de substitution nicotinique,low,APEC,Risque de surdosage lors du remplacement du tabac par le traitement substitutif.,,160
MÉDICAMENTS ABAISSANT LA PRESSION ARTÉRIELLE,MÉDICAMENTS À L'ORIGINE D'UNE HYPOTENSION ORTHOSTATIQUE,medicaments abaissant la pression arterielle,medicaments a l'origine d'une hypotension orthostatique,low,APEC,"Risque de majoration d’une hypotension, notamment orthostatique.",,161
MÉDICAMENTS ABAISSANT LE SEUIL ÉPILEPTOGÈNE,AUTRES MÉDICAMENTS ABAISSANT LE SEUIL ÉPILEPTOGÈNE,medicaments abaissant le seuil epileptogene,autres medicaments abaissant le seuil epileptogene,low,APEC,Risque accru de convulsions.,,161
MÉDICAMENTS ATROPINIQUES,AUTRES MÉDICAMENTS ATROPINIQUES,medicaments atropiniques,autres medicaments atropiniques,low,APEC,"Addition des effets indésirables atropiniques à type de rétention urinaire, constipation, sécheresse de la bouche….",,161
MÉDICAMENTS ATROPINIQUES,ANTICHOLINESTÉRASIQUES,medicaments atropiniques,anticholinesterasiques,low,APEC,Risque de moindre efficacité de l’anticholinestérasique par antagonisme des récepteurs de l’acétylcholine par l’atropinique.,,161
MÉDICAMENTS ATROPINIQUES,MORPHINIQUES,medicaments atropiniques,morphiniques,low,APEC,"Risque important d'akinésie colique, avec constipation sévère.",,161
MÉDICAMENTS MÉTHÉMOGLOBINISANTS,AUTRES MÉDICAMENTS MÉTHÉMOGLOBINISANTS,medicaments methemoglobinisants,autres medicaments methemoglobinisants,low,APEC,Risque d'addition des effets méthémoglobinisants.,,161
MÉDICAMENTS MIXTES ADRÉNERGIQUES-SÉROTONINERGIQUES,ADRÉNALINE (VOIE BUCCO-DENTAIRE OU SOUS-CUTANÉE),medicaments mixtes adrenergiques-serotoninergiques,adrenaline (voie bucco-dentaire ou sous-cutanee),moderate,PE,Troubles du rythme ventriculaire graves par augmentation de l'excitabilité cardiaque.,"Limiter l'apport, par exemple : moins de 0,1 mg d'adrénaline en 10 minutes ou 0,3 mg en 1 heure chez l'adulte.",161
MÉDICAMENTS MIXTES ADRÉNERGIQUES-SÉROTONINERGIQUES,ANTIAGRÉGANTS PLAQUETTAIRES,medicaments mixtes adrenergiques-serotoninergiques,antiagregants plaquettaires,low,APEC,Augmentation du risque hémorragique.,,161
MÉDICAMENTS MIXTES ADRÉNERGIQUES-SÉROTONINERGIQUES,ANTICOAGULANTS ORAUX,medicaments mixtes adrenergiques-serotoninergiques,anticoagulants oraux,low,APEC,Augmentation du risque hémorragique.,,162
MÉDICAMENTS MIXTES ADRÉNERGIQUES-SÉROTONINERGIQUES,ANTI-INFLAMMATOIRES NON STÉROÏDIENS,medicaments mixtes adrenergiques-serotoninergiques,anti-inflammatoires non steroidiens,low,APEC,Augmentation du risque hémorragique.,,162
MÉDICAMENTS MIXTES ADRÉNERGIQUES-SÉROTONINERGIQUES,COBIMÉTINIB,medicaments mixtes adrenergiques-serotoninergiques,cobimetinib,moderate,PE,Augmentation du risque hémorragique.,Surveillance clinique.,162
MÉDICAMENTS MIXTES ADRÉNERGIQUES-SÉROTONINERGIQUES,IMAO IRRÉVERSIBLES,medicaments mixtes adrenergiques-serotoninergiques,imao irreversibles,critical,CI,"Risque d'apparition d'un syndrome sérotoninergique : diarrhée, tachycardie, sueurs, tremblements, confusion voire coma.","Respecter un délai de deux semaines entre l'arrêt de l'IMAO et le début de l'autre traitement, et d'au moins une semaine entre l'arrêt de l'autre traitement et le début de l'IMAO.",162
MÉDICAMENTS MIXTES ADRÉNERGIQUES-SÉROTONINERGIQUES,"IMAO-A RÉVERSIBLES, Y COMPRIS OXAZOLIDINONES ET BLEU DE MÉTHYLÈNE",medicaments mixtes adrenergiques-serotoninergiques,"imao-a reversibles, y compris oxazolidinones et bleu de methylene",high,ASDEC,"Risque d'apparition d'un syndrome sérotoninergique : diarrhée, tachycardie, sueur, confusion voire coma.","Si l'association ne peut être évitée, surveillance clinique très étroite. Débuter l'association aux posologies minimales recommandées.",162
MÉDICAMENTS MIXTES ADRÉNERGIQUES-SÉROTONINERGIQUES,ORLISTAT,medicaments mixtes adrenergiques-serotoninergiques,orlistat,low,APEC,Risque d'échec thérapeutique en cas de traitement concomitant par orlistat.,,162
MÉDICAMENTS MIXTES ADRÉNERGIQUES-SÉROTONINERGIQUES,SYMPATHOMIMÉTIQUES ALPHA ET BÊTA (VOIE IM ET IV),medicaments mixtes adrenergiques-serotoninergiques,sympathomimetiques alpha et beta (voie im et iv),high,ASDEC,Hypertension paroxystique avec possibilité de troubles du rythme (inhibition de l'entrée du sympathomimétique dans la fibre sympathique).,,162
MÉDICAMENTS NÉPHROTOXIQUES,AUTRES MÉDICAMENTS NÉPHROTOXIQUES,medicaments nephrotoxiques,autres medicaments nephrotoxiques,low,APEC,Risque de majoration de la néphrotoxicité.,,162
MÉDICAMENTS OTOTOXIQUES,AUTRES MÉDICAMENTS OTOTOXIQUES,medicaments ototoxiques,autres medicaments ototoxiques,low,APEC,Majoration de l'ototoxicité.,,162
MÉDICAMENTS SÉDATIFS,AUTRES MÉDICAMENTS SÉDATIFS,medicaments sedatifs,autres medicaments sedatifs,critical,CI;ASDEC;APEC,Majoration de la dépression centrale. L'altération de la vigilance peut rendre dangereuses la conduite de véhicules et l'utilisation de machines.,A prendre en compte: - pour tous les médicaments sédatifs entre eux sauf: - avec l'oxybate de sodium (association déconseillée) - entre l'oxybate de sodium et les opiacés ou les barbituriques (contre- indication),163
MÉDICAMENTS SÉDATIFS,ALCOOL (BOISSON OU EXCIPIENT),medicaments sedatifs,alcool (boisson ou excipient),high,ASDEC,Majoration par l'alcool de l'effet sédatif de ces substances. L'altération de la vigilance peut rendre dangereuses la conduite de véhicules et l'utilisation de machines.,Eviter la prise de boissons alcoolisées et de médicaments contenant de l'alcool.,163
"MÉDICAMENTS, BRADYKININE ET ANGIO-ŒDÈME",AUTRES MEDICAMENTS À RISQUE D'ANGIO-ŒDÈME,"medicaments, bradykinine et angio-deme",autres medicaments a risque d'angio-deme,critical,CI;ASDEC;APEC,"Risque de majoration de la survenue d'un angio-œdème d'origine bradykinique, pouvant être fatal.",Contre-indication : - entre sacubitril et IEC A prendre en compte : - entre gliptines et IEC Déconseillé entre les autres,163
MEFLOQUINE,QUININE,mefloquine,quinine,high,ASDEC,Pour la quinine administrée par voie IV : risque majoré de survenue de crises épileptiques par addition des effets proconvulsivants.,Respecter un délai minimum de 12 heures entre la fin de l'administration IV de quinine et le début de l'administration de méfloquine.,163
MEQUITAZINE,BUPROPION,mequitazine,bupropion,high,ASDEC,"Risque de majoration des effets indésirables de la méquitazine, par inhibition de son métabolisme par l’inhibiteur enzymatique.",,163
MEQUITAZINE,CINACALCET,mequitazine,cinacalcet,high,ASDEC,"Risque de majoration des effets indésirables de la méquitazine, par inhibition de son métabolisme par l’inhibiteur enzymatique.",,163
MEQUITAZINE,DULOXETINE,mequitazine,duloxetine,high,ASDEC,"Risque de majoration des effets indésirables de la méquitazine, par inhibition de son métabolisme par l’inhibiteur enzymatique.",,163
MEQUITAZINE,FLUOXETINE,mequitazine,fluoxetine,high,ASDEC,"Risque de majoration des effets indésirables de la méquitazine, par inhibition de son métabolisme par l’inhibiteur enzymatique.",,164
MEQUITAZINE,PAROXETINE,mequitazine,paroxetine,high,ASDEC,"Risque de majoration des effets indésirables de la méquitazine, par inhibition de son métabolisme par l’inhibiteur enzymatique.",,164
MEQUITAZINE,TERBINAFINE,mequitazine,terbinafine,high,ASDEC,"Risque de majoration des effets indésirables de la méquitazine, par inhibition de son métabolisme par l’inhibiteur enzymatique.",,164
METFORMINE,ALCOOL (BOISSON OU EXCIPIENT),metformine,alcool (boisson ou excipient),high,ASDEC,"Risque majoré d'acidose lactique lors d'intoxication alcoolique aiguë, particulièrement en cas de jeûne ou dénutrition, ou bien d'insuffisance hépatocellulaire.",Eviter la prise de boissons alcoolisées et de médicaments contenant de l'alcool.,164
METFORMINE,DIURÉTIQUES DE L'ANSE,metformine,diuretiques de l'anse,moderate,PE,"Acidose lactique due à la metformine, déclenchée par une éventuelle insuffisance rénale fonctionnelle, liée aux diurétiques de l'anse.","Ne pas utiliser la metformine lorsque la créatininémie dépasse 15 mg/l (135 µmol/l) chez l'homme, et 12 mg/l (110 µmol/l) chez la femme.",164
METFORMINE,DOLUTÉGRAVIR,metformine,dolutegravir,moderate,PE,Augmentation moyenne de moins de deux fois des concentrations plasmatiques de metformine.,"Chez le patient avec une insuffisance rénale modérée, surveillance clinique et éventuelle réduction supplémentaire de la posologie de metformine.",164
METFORMINE,PRODUITS DE CONTRASTE IODÉS,metformine,produits de contraste iodes,critical,CI,"Risque important d'acidose lactique par hémoconcentration de la metformine, dans le cas d'un arrêt cardio-respiratoire induit par l'examen radiologique, avec insuffisance rénale aiguë. Risque important d'acidose lactique par hémoconcentration de la metformine, dans le cas d'un arrêt cardio-respiratoire induit par l'examen radiologique, avec insuffisance rénale aiguë. Risque important d'acidose lactique par hémoconcentration de la metformine, dans le cas d'un arrêt cardio-respiratoire induit par l'examen radiologique, avec insuffisance rénale aiguë.",Le traitement par la metformine doit être suspendu au moment de l'examen radiologique pour n'être repris que 2 jours après. CONTRE-INDICATION Le traitement par la metformine doit être suspendu au moment de l'examen radiologique pour n'être repris que 2 jours après. CONTRE-INDICATION Le traitement par la metformine doit être suspendu au moment de l'examen radiologique pour n'être repris que 2 jours après.,164
METHADONE,ANTITUSSIFS MORPHINE-LIKE,methadone,antitussifs morphine-like,low,APEC,"Risque majoré de dépression respiratoire, pouvant être fatale en cas de surdosage.",,164
METHADONE,ANTITUSSIFS MORPHINIQUES VRAIS,methadone,antitussifs morphiniques vrais,low,APEC,"Risque majoré de dépression respiratoire, pouvant être fatale en cas de surdosage.",,164
METHADONE,APALUTAMIDE,methadone,apalutamide,high,ASDEC,"Risque de diminution très importante des concentrations de la méthadone, et perte d‘efficacité, par augmentation de son métabolisme hépatique par l’apalutamide.",,164
METHADONE,CIMETIDINE,methadone,cimetidine,moderate,PE,"Augmentation des concentrations plasmatiques de méthadone avec surdosage et risque majoré d’allongement de l’intervalle QT et de troubles du rythme ventriculaire, notamment de torsades de pointes.","Surveillance clinique et électrocardiographique renforcée ; si besoin, adaptation de la posologie de la méthadone pendant le traitement par la cimétidine et après son arrêt.",164
METHADONE,FLUVOXAMINE,methadone,fluvoxamine,moderate,PE,"Augmentation des concentrations plasmatiques de méthadone avec surdosage et risque majoré d’allongement de l’intervalle QT et de troubles du rythme ventriculaire, notamment de torsades de pointes.","Surveillance clinique et électrocardiographique renforcée ; si besoin, adaptation de la posologie de la méthadone pendant le traitement par la fluvoxamine et après son arrêt.",164
METHADONE,INDUCTEURS ENZYMATIQUES,methadone,inducteurs enzymatiques,moderate,PE,"Diminution des concentrations plasmatiques de méthadone avec risque d'apparition d'un syndrome de sevrage, par augmentation de son métabolisme hépatique.",Augmenter la fréquence des prises de méthadone (2 à 3 fois par jour au lieu d'une fois par jour).,165
METHADONE,INHIBITEURS DE PROTÉASES BOOSTÉS PAR RITONAVIR,methadone,inhibiteurs de proteases boostes par ritonavir,moderate,PE,Diminution des concentrations plasmatiques de méthadone avec risque d'apparition d'un syndrome de sevrage par augmentation de son métabolisme hépatique par le ritonavir.,Surveillance clinique régulière et adaptation éventuelle de la posologie de méthadone.,165
METHADONE,MILLEPERTUIS,methadone,millepertuis,critical,CI,"Diminution des concentrations de méthadone par le millepertuis, avec risque de syndrome de sevrage.",,165
METHADONE,MORPHINIQUES AGONISTES-ANTAGONISTES,methadone,morphiniques agonistes-antagonistes,critical,CI,Diminution de l'effet de la méthadone par blocage compétitif des récepteurs.,,165
METHADONE,QUETIAPINE,methadone,quetiapine,low,APEC,"Possible augmentation des concentrations de méthadone, avec signes de surdosage.",,165
METHADONE,SUBSTANCES SUSCEPTIBLES DE DONNER DES TORSADES DE POINTES,methadone,substances susceptibles de donner des torsades de pointes,critical,CI;ASDEC,"Risque majoré de troubles du rythme ventriculaire, notamment de torsades de pointes.","Contre-indication : - avec le citalopram, la dompéridone, l'escitalopram, l'hydroxyzine et la pipéraquine. Association déconseillée: - avec les autres médicaments susceptibles de donner des torsades de pointes. Si l’association ne peut être évitée, contrôle clinique et électrocardiographique régulier.",165
METHADONE,VORICONAZOLE,methadone,voriconazole,moderate,PE,"Augmentation des concentrations plasmatiques de méthadone avec surdosage et risque majoré d’allongement de l’intervalle QT et de troubles du rythme ventriculaire, notamment de torsades de pointes.","Surveillance clinique et électrocardiographique renforcée ; si besoin, adaptation de la posologie de la méthadone pendant le traitement par le voriconazole et après son arrêt.",165
METHENAMINE,SULFAMETHIZOL,methenamine,sulfamethizol,high,ASDEC,Précipitation cristalline dans les voies urinaires (favorisée par l'acidification des urines).,,165
METHOTREXATE,ACIDE ACETYLSALICYLIQUE,methotrexate,acide acetylsalicylique,critical,CI;PE,"Majoration de la toxicité, notamment hématologique, du méthotrexate (diminution de sa clairance rénale par l'acide acétylsalicylique).","Avec le méthotrexate utilisé à des doses > 20 mg/semaine : - contre-indication avec l'acide acétylsalicylique utilisé à doses antalgiques, antipyrétiques ou anti-inflammatoires - précaution d'emploi avec des doses antiagrégantes plaquettaires d'acide acétylsalicylique. Contrôle hebdomadaire de l’hémogramme durant les premières semaines de l’association. Surveillance accrue en cas d’altération (même légère) de la fonction rénale, ainsi que chez le sujet âgé. Avec le méthotrexate utilisé à des doses =< 20 mg/semaine : - précaution d'emploi avec l'acide acétylsalicylique utilisé à doses antalgiques, antipyrétiques ou anti-inflammatoires. Contrôle hebdomadaire de l’hémogramme durant les premières semaines de l’association. Surveillance accrue en cas d’altération (même légère) de la fonction rénale, ainsi que chez le sujet âgé.",165
METHOTREXATE,ACITRETINE,methotrexate,acitretine,critical,CI,Risque de majoration de l'hépatotoxicité du méthotrexate.,,165
METHOTREXATE,ANTI-INFLAMMATOIRES NON STÉROÏDIENS,methotrexate,anti-inflammatoires non steroidiens,high,ASDEC;PE,Augmentation de la toxicité hématologique du méthotrexate (diminution de la clairance rénale du méthotrexate par les anti- inflammatoires).,"Association déconseillée: - pour des doses de méthotrexate supérieures à 20 mg par semaine. - avec le kétoprofène et le méthotrexate à des doses supérieures à 20 mg par semaines, respecter un intervalle d'au moins 12 heures entre l'arrêt ou le début d'un traitement par kétoprofène et la prise de méthotrexate. Association nécessitant une précaution d'emploi : - avec le méthotrexate utilisé à faibles doses (inférieures ou égales à 20 mg par semaine), contrôle hebdomadaire de l'hémogramme durant les premières semaines de l'association. Surveillance accrue en cas d'altération (même légère) de la fonction rénale, ainsi que chez le sujet âgé.",166
METHOTREXATE,ANTISÉCRÉTOIRES INHIBITEURS DE LA POMPE À PROTONS,methotrexate,antisecretoires inhibiteurs de la pompe a protons,high,ASDEC;APEC,Risque d’augmentation de la toxicité du méthotrexate par diminution de son élimination.,Association déconseillée : - avec le méthotrexate aux doses > 20 mg / semaine A prendre en compte : - pour des doses inférieures,166
METHOTREXATE,CICLOSPORINE,methotrexate,ciclosporine,moderate,PE,Augmentation de la toxicité du méthotrexate et de la ciclosporine avec augmentation de la créatininémie : diminution réciproque des clairances des deux médicaments.,Dosage des concentrations sanguines de ciclosporine et de méthotrexate. Adaptation posologique si nécessaire pendant l'association et après son arrêt.,166
METHOTREXATE,CIPROFLOXACINE,methotrexate,ciprofloxacine,high,ASDEC,Augmentation de la toxicité du méthotrexate par inhibition de sa sécrétion tubulaire rénale par la ciprofloxacine.,,166
METHOTREXATE,PÉNICILLINES,methotrexate,penicillines,high,ASDEC,Augmentation des effets et de la toxicité hématologique du méthotrexate : inhibition de la sécrétion tubulaire rénale du méthotrexate par les pénicillines.,,166
METHOTREXATE,PONATINIB,methotrexate,ponatinib,moderate,PE,Risque d’augmentation des concentrations plasmatiques du méthotrexate par augmentation de son absorption intestinale par le ponatinib.,Surveillance clinique et biologique étroite pendant l’association.,166
METHOTREXATE,PROBENECIDE,methotrexate,probenecide,critical,CI,Augmentation de la toxicité du méthotrexate : inhibition de la sécrétion tubulaire rénale du méthotrexate par le probénécide.,,166
METHOTREXATE,SULFAMIDES ANTIBACTÉRIENS,methotrexate,sulfamides antibacteriens,moderate,PE,Augmentation de la toxicité hématologique du méthotrexate.,Dosage des concentrations de méthotrexate. Adapatation posologique si nécessaire pendant l'association et après son arrêt.,166
METHOTREXATE,TÉDIZOLIDE,methotrexate,tedizolide,high,ASDEC,"Risque d’augmentation des concentrations plasmatiques du méthotrexate, par augmentation de son absorption avec le tédizolide administré par voie orale, ou par diminution de son élimination avec le tédizolide administré par voie IV.",,166
METHOTREXATE,TRIMETHOPRIME,methotrexate,trimethoprime,critical,CI;ASDEC,Augmentation de la toxicité hématologique du méthotrexate (diminution de son excrétion rénale ainsi qu'inhibition de la dihydrofolate réductase).,Contre-indication - avec le méthotrexate utilisé à doses > 20 mg/semaine Association déconseillée - Avec le méthotrexate utilisé à des doses =< 20 mg/semaine,166
METHYLDOPA,FER,methyldopa,fer,moderate,PE,Diminution de l'absorption digestive de la méthyldopa (formation de complexes).,"Prendre les sels de fer à distance de la méthyldopa (plus de deux heures, si possible).",166
METHYLDOPA,LEVODOPA,methyldopa,levodopa,moderate,PE,Augmentation des effets de la lévodopa mais également de ses effets indésirables. Majoration de l'effet antihypertenseur de la méthyldopa.,Surveillance clinique et éventuellement diminution des doses de lévodopa.,166
METHYLDOPA,LITHIUM,methyldopa,lithium,moderate,PE,"Augmentation de la lithémie pouvant atteindre des valeurs toxiques, avec signes de surdosage en lithium.",Surveillance clinique et adaptation de la posologie de lithium.,167
MÉTHYLERGOMÉTRINE,SULPROSTONE,methylergometrine,sulprostone,critical,CI,Risque de vasoconstriction coronaire pouvant être fatale.,Ne pas utiliser ces deux médicaments simultanément ou successivement.,167
METHYLPREDNISOLONE,ANTIVITAMINES K,methylprednisolone,antivitamines k,moderate,PE,"Pour des doses de 0,5 à 1g de méthylprednisolone administrées en bolus : augmentation de l'effet de l'antivitamine K et du risque hémorragique.",Contrôle de l'INR 2 à 4 jours après le bolus de méthylprednisolone ou en présence de tous signes hémorragiques.,167
METHYLPREDNISOLONE,CICLOSPORINE,methylprednisolone,ciclosporine,low,APEC,Avec la méthylprednisolone administrée par voie IV : augmentation possible des concentrations sanguines de ciclosporine et de la créatininémie. Mécanisme invoqué : diminution de l'élimination hépatique de la ciclosporine.,,167
METOPROLOL,ABIRATERONE,metoprolol,abiraterone,moderate,PE,"Chez l'insuffisant cardiaque, risque d'augmentation des effets indésirables du métoprolol, par diminution de son métabolisme hépatique par l'abiratérone.","Surveillance clinique. Si besoin, adaptation de la posologie du métoprolol pendant le traitement par l'abiratérone.",167
METOPROLOL,BUPROPION,metoprolol,bupropion,moderate,PE,Avec le métoprolol utilisé dans l'insuffisance cardiaque : risque d'augmentation des effets indésirables du métoprolol par diminution de son métabolisme hépatique par le bupropion.,"Surveillance clinique. Si besoin, adaptation de la posologie du métoprolol pendant le traitement par le bupropion.",167
METOPROLOL,CIMETIDINE,metoprolol,cimetidine,moderate,PE,"Avec le métoprolol utilisé dans l'insuffisance cardiaque, et la cimétidine utilisée à des doses supérieures ou égales à 800 mg/j : augmentation des concentrations du métoprolol, pouvant être préjudiciables dans le cas du traitement de l'insuffisance cardiaque, par diminution de son métabolisme hépatique par la cimétidine.","Surveillance clinique. Si besoin, adaptation de la posologie du métoprolol pendant le traitement par la cimétidine.",167
METOPROLOL,CINACALCET,metoprolol,cinacalcet,moderate,PE,"Augmentation des concentrations plasmatiques de métroprolol avec risque de surdosage, par diminution de son métabolisme hépatique par le cinacalcet.",Surveillance clinique et réduction de la posologie du métroprolol pendant le traitement par cinacalcet.,167
METOPROLOL,DARIFENACINE,metoprolol,darifenacine,moderate,PE,"Augmentation des concentrations plasmatiques du métoprolol, avec risque de surdosage, par diminution de son métabolisme hépatique par la darifénacine.",Surveillance clinique et réduction de la posologie du métoprolol pendant le traitement par darifénacine.,167
METOPROLOL,DULOXETINE,metoprolol,duloxetine,moderate,PE,"Augmentation des concentrations plasmatiques de métoprolol avec risque de surdosage, par diminution de son métabolisme hépatique par la duloxétine.",Surveillance clinique et réduction de la posologie du métoprolol pendant le traitement par la duloxétine et après son arrêt.,167
METOPROLOL,FLUOXETINE,metoprolol,fluoxetine,moderate,PE,"Risque de majoration des effets indésirables du métoprolol, avec notamment bradycardie excessive, par inhibition de son métabolisme par la fluoxétine.","Surveillance clinique accrue ; si besoin, adaptation de la posologie du métoprolol pendant la durée du traitement par la fluoxétine et après son arrêt.",167
METOPROLOL,MIRABÉGRON,metoprolol,mirabegron,moderate,PE,"Avec le métoprolol utilisé dans l'insuffisance cardiaque, augmentation des concentrations plasmatiques du métoprolol par diminution de son métabolisme par le mirabégron.",Surveillance clinique et réduction éventuelle de la posologie du métoprolol pendant l'association.,167
METOPROLOL,PAROXETINE,metoprolol,paroxetine,moderate,PE,"Risque de majoration des effets indésirables du métoprolol, avec notamment bradycardie excessive, par inhibition de son métabolisme par la paroxétine.","Surveillance clinique accrue ; si besoin, adaptation de la posologie du métoprolol pendant la durée du traitement par la paroxétine et après son arrêt.",168
METOPROLOL,"PHÉNOBARBITAL (ET, PAR EXTRAPOLATION, PRIMIDONE)",metoprolol,"phenobarbital (et, par extrapolation, primidone)",low,APEC,Diminution des concentrations plasmatiques du métoprolol avec réduction de ses effets cliniques (augmentation de son métabolisme hépatique).,,168
METOPROLOL,RIFAMPICINE,metoprolol,rifampicine,low,APEC,Diminution des concentrations plasmatiques et de l'efficacité du bêta-bloquant (augmentation de son métabolisme hépatique).,,168
METOPROLOL,ROLAPITANT,metoprolol,rolapitant,moderate,PE,"Chez l'insuffisant cardiaque, risque d'augmentation des effets indésirables du métoprolol, par diminution de son métabolisme hépatique par le rolapitant.","Surveillance clinique. Si besoin, adaptation de la posologie du métoprolol pendant le traitement par le rolapitant.",168
METOPROLOL,TERBINAFINE,metoprolol,terbinafine,moderate,PE,"Chez l'insuffisant cardiaque, risque d'augmentation des effets indésirables du métoprolol, par diminution de son métabolisme hépatique par la terbinafine.","Surveillance clinique. Si besoin, adaptation de la posologie du métoprolol pendant le traitement par la terbinafine.",168
METRONIDAZOLE,BUSULFAN,metronidazole,busulfan,high,ASDEC,Avec le busulfan à fortes doses : doublement des concentrations de busulfan par le métronidazole.,,168
METRONIDAZOLE,DISULFIRAME,metronidazole,disulfirame,high,ASDEC,"Risque d’épisodes de psychose aiguë ou d’état confusionnel, réversibles à l’arrêt de l’association.",,168
METRONIDAZOLE,"FLUOROURACILE (ET, PAR EXTRAPOLATION, AUTRES FLUOROPYRIMIDINES)",metronidazole,"fluorouracile (et, par extrapolation, autres fluoropyrimidines)",low,APEC,Augmentation de la toxicité du fluoro-uracile par diminution de sa clairance.,,168
METRONIDAZOLE,INDUCTEURS ENZYMATIQUES PUISSANTS,metronidazole,inducteurs enzymatiques puissants,moderate,PE,Diminution des concentrations plasmatiques du métronidazole par augmentation de son métabolisme hépatique par l’inducteur.,Surveillance clinique et adaptation éventuelle de la posologie de métronidazole pendant le traitement par l’inducteur et après son arrêt.,168
METRONIDAZOLE,LITHIUM,metronidazole,lithium,moderate,PE,"Augmentation de la lithémie pouvant atteindre des valeurs toxiques, avec signes de surdosage en lithium.",Surveillance stricte de la lithémie et adaptation éventuelle de la posologie du lithium.,168
METRONIDAZOLE,RIFAMPICINE,metronidazole,rifampicine,moderate,PE,Diminution des concentrations plasmatiques du métronidazole par augmentation de son métabolisme hépatique par la rifampicine.,Surveillance clinique et adaptation éventuelle de la posologie de métronidazole pendant le traitement par la rifampicine et après son arrêt.,168
METYRAPONE,"PHÉNYTOÏNE (ET, PAR EXTRAPOLATION, FOSPHÉNYTOÏNE)",metyrapone,"phenytoine (et, par extrapolation, fosphenytoine)",moderate,PE,"Risque de faux négatif du test à la métyrapone, dû à une diminution de ses concentrations plasmatiques, par augmentation de son métabolisme hépatique par la phénytoïne.",Doubler la posologie de métyrapone.,168
MEXILETINE,BÊTA-BLOQUANTS DANS L'INSUFFISANCE CARDIAQUE,mexiletine,beta-bloquants dans l'insuffisance cardiaque,critical,CI,Effet inotrope négatif avec risque de décompensation cardiaque.,,168
MEXILETINE,CAFEINE,mexiletine,cafeine,low,APEC,"Augmentation des concentrations plasmatiques de caféine, par inhibition de son métabolisme hépatique par la méxilétine.",,169
MEXILETINE,FLUVOXAMINE,mexiletine,fluvoxamine,moderate,PE,"Risque de majoration des effets indésirables de la méxilétine, par inhibition de son métabolisme par la fluvoxamine.",Surveillance clinique et ECG. Adaptation de la posologie de la méxilétine pendant le traitement par la fluvoxamine et après son arrêt.,169
MEXILETINE,"PHÉNYTOÏNE (ET, PAR EXTRAPOLATION, FOSPHÉNYTOÏNE)",mexiletine,"phenytoine (et, par extrapolation, fosphenytoine)",moderate,PE,"Diminution de l'activité antiarythmique, des concentrations plasmatiques et de la demi-vie de la méxilétine (augmentation de son métabolisme hépatique).","Surveillance clinique, ECG et éventuellement des concentrations plasmatiques de la mexilétine ; s'il y a lieu, adaptation de la posologie de la mexilétine pendant le traitement par la phénytoïne et après son arrêt.",169
MEXILETINE,"THÉOPHYLLINE (ET, PAR EXTRAPOLATION, AMINOPHYLLINE)",mexiletine,"theophylline (et, par extrapolation, aminophylline)",moderate,PE,Augmentation de la théophyllinémie avec risque de surdosage (diminution du métabolisme hépatique de la théophylline).,"Surveillance clinique et éventuellement de la théophyllinémie ; s'il y a lieu, adaptation de la posologie de la théophylline pendant le traitement par la mexilétine et après son arrêt.",169
MIANSERINE,INDUCTEURS ENZYMATIQUES,mianserine,inducteurs enzymatiques,high,ASDEC,Risque d’inefficacité de la miansérine.,,169
MICONAZOLE,ANTIVITAMINES K,miconazole,antivitamines k,critical,CI,"Hémorragies imprévisibles, éventuellement graves.",,169
MICONAZOLE,"PHÉNYTOÏNE (ET, PAR EXTRAPOLATION, FOSPHÉNYTOÏNE)",miconazole,"phenytoine (et, par extrapolation, fosphenytoine)",moderate,PE,"Augmentation des concentrations plasmatiques de phénytoïne pouvant atteindre des valeurs toxiques, par inhibition du métabolisme hépatique de la phénytoïne.","Surveillance clinique étroite, dosage des concentrations plasmatiques de phénytoïne et adaptation éventuelle de sa posologie pendant le traitement par le miconazole et après son arrêt.",169
MICONAZOLE,SULFAMIDES HYPOGLYCÉMIANTS,miconazole,sulfamides hypoglycemiants,critical,CI,"Augmentation de l'effet hypoglycémiant avec survenue possible de manifestations hypoglycémiques, voire de coma.",,169
MIDAZOLAM,DILTIAZEM,midazolam,diltiazem,moderate,PE,"Augmentation des concentrations plasmatiques de midazolam par diminution de son métabolisme hépatique, avec majoration de la sédation.",Surveillance clinique et réduction de la posologie pendant le traitement par le diltiazem.,169
MIDAZOLAM,FLUCONAZOLE,midazolam,fluconazole,moderate,PE,"Augmentation des concentrations plasmatiques de midazolam par diminution de son métabolisme hépatique, avec majoration de la sédation.",Surveillance clinique et réduction de la posologie de midazolam en cas de traitement par le fluconazole.,169
MIDAZOLAM,INDUCTEURS ENZYMATIQUES PUISSANTS,midazolam,inducteurs enzymatiques puissants,low,APEC,Risque de diminution des concentrations plasmatiques du midazolam par l'anticonvulsivant.,,169
MIDAZOLAM,INHIBITEURS PUISSANTS DU CYP3A4,midazolam,inhibiteurs puissants du cyp3a4,high,ASDEC;PE,"Augmentation des concentrations plasmatiques de midazolam par diminution de son métabolisme hépatique, avec majoration de la sédation.",Association déconseillée: - avec le midazolam per os Précaution d'emploi avec : - avec le midazolam IV et sublingual Surveillance clinique et réduction de la posologie de midazolam en cas de traitement par l'inhibiteur.,169
MIDAZOLAM,MILLEPERTUIS,midazolam,millepertuis,low,APEC,Risque de diminution des concentrations plasmatiques de midazolam par le millepertuis.,,170
MIDAZOLAM,OMBITASVIR + PARITAPRÉVIR,midazolam,ombitasvir + paritaprevir,critical,CI,Augmentation des concentrations plasmatiques du midazolam par diminution de son métabolisme hépatique par la bithérapie.,,170
MIDAZOLAM,RIFAMPICINE,midazolam,rifampicine,high,ASDEC,"Risque d'absence d'effet du midazolam, avec diminution très importante de ses concentrations plasmatiques, par augmentation de son métabolisme hépatique.",,170
MIDAZOLAM,ROXITHROMYCINE,midazolam,roxithromycine,low,APEC,Majoration légère de la sédation.,,170
MIDAZOLAM,STIRIPENTOL,midazolam,stiripentol,moderate,PE,Augmentation des concentrations plasmatiques du midazolam par diminution de son métabolisme hépatique avec majoration de la sédation.,Surveillance clinique et réduction de la posologie pendant le traitement par le stiripentol.,170
MIDAZOLAM,VERAPAMIL,midazolam,verapamil,moderate,PE,Augmentation des concentrations plasmatiques de midazolam (diminution de son métabolisme hépatique avec majoration de la sédation).,Surveillance clinique et réduction de la posologie de midazolam pendant le traitement par le vérapamil.,170
MIDECAMYCINE,CICLOSPORINE,midecamycine,ciclosporine,moderate,PE,Risque d'augmentation des concentrations sanguines de ciclosporine et de la créatininémie.,"Dosage des concentrations sanguines de la ciclosporine, contrôle de la fonction rénale et adaptation de la posologie pendant l'association et après l'arrêt du macrolide.",170
MIDODRINE,DIGOXINE,midodrine,digoxine,high,ASDEC,Troubles de l'automatisme (majoration de l'effet bradycardisant de la midodrine) et troubles de la conduction auriculo-ventriculaire.,"Si cette association ne peut être évitée, renforcer la surveillance clinique et ECG.",170
MIDODRINE,IMAO IRRÉVERSIBLES,midodrine,imao irreversibles,critical,CI,"Crises hypertensives (inhibition du métabolisme des amines pressives). Du fait de la durée d'action des IMAO, cette interaction est encore possible 15 jours après l'arrêt de l'IMAO.",,170
MIDOSTAURINE,INDUCTEURS ENZYMATIQUES,midostaurine,inducteurs enzymatiques,critical,CI,Diminution des concentrations de midostaurine par l’inducteur enzymatique.,,170
MIDOSTAURINE,INHIBITEURS PUISSANTS DU CYP3A4,midostaurine,inhibiteurs puissants du cyp3a4,high,ASDEC,Augmentation des effets indésirables de la midostaurine par l’inhibiteur.,"Si l’association ne peut être évitée, surveillance clinique étroite.",170
MIDOSTAURINE,MILLEPERTUIS,midostaurine,millepertuis,critical,CI,Diminution des concentrations de midostaurine par le millepertuis.,,170
MIFAMURTIDE,ANTI-INFLAMMATOIRES NON STÉROÏDIENS,mifamurtide,anti-inflammatoires non steroidiens,critical,CI,"Aux doses élevées d’AINS, risque de moindre efficacité du mifamurtide.",,170
MIFAMURTIDE,CICLOSPORINE,mifamurtide,ciclosporine,critical,CI,Risque d'atteinte des macrophages spléniques et des cellules phagocytaires mononuclées.,,171
MIFAMURTIDE,CORTICOÏDES,mifamurtide,corticoides,high,ASDEC,Risque de moindre efficacité du mifamurtide.,,171
MIFAMURTIDE,TACROLIMUS,mifamurtide,tacrolimus,critical,CI,Risque d'atteinte des macrophages spléniques et des cellules phagocytaires mononuclées.,,171
MILLEPERTUIS,ANTICONVULSIVANTS MÉTABOLISÉS,millepertuis,anticonvulsivants metabolises,critical,CI,Risque de diminution des concentrations plasmatiques et de l'efficacité de l'anticonvulsivant.,,171
MILLEPERTUIS,ANTISÉCRÉTOIRES INHIBITEURS DE LA POMPE À PROTONS,millepertuis,antisecretoires inhibiteurs de la pompe a protons,low,APEC,Risque d’inefficacité du traitement antisécrétoire par augmentation de son métabolisme par le millepertuis.,,171
MILLEPERTUIS,ANTIVITAMINES K,millepertuis,antivitamines k,critical,CI,"Diminution des concentrations plasmatiques de l'antivitamine K, en raison de son effet inducteur enzymatique, avec risque de baisse d'efficacité voire d'annulation de l'effet dont les conséquences peuvent être éventuellement graves (évènement thrombotique).","En cas d'association fortuite, ne pas interrompre brutalement la prise de millepertuis mais contrôler l'INR avant puis après l'arrêt du millepertuis.",171
MILLEPERTUIS,BÉDAQUILINE,millepertuis,bedaquiline,high,ASDEC,Risque de diminution des concentrations plasmatiques de bédaquiline par augmentation de son métabolisme par l’inducteur.,,171
MILLEPERTUIS,BICTÉGRAVIR,millepertuis,bictegravir,critical,CI,"Diminution très importante des concentrations de bictégravir, avec risque de perte d’efficacité.",,171
MILLEPERTUIS,BUSPIRONE,millepertuis,buspirone,critical,CI,Risque de diminution des concentrations plasmatiques de la buspirone par augmentation de son métabolisme par le millepertuis.,,171
MILLEPERTUIS,CANNABIDIOL,millepertuis,cannabidiol,critical,CI,Diminution des concentrations plasmatiques de cannabidiol avec risque de perte d’efficacité.,,171
MILLEPERTUIS,CARBAMAZEPINE,millepertuis,carbamazepine,high,ASDEC,Risque de diminution des concentrations plasmatiques et de l'efficacité de la carbamazepine.,,171
MILLEPERTUIS,CLOZAPINE,millepertuis,clozapine,critical,CI,Risque d’inefficacité du traitement antipsychotique (diminution des concentrations plasmatiques de clozapine par augmentation de son métabolisme hépatique).,,171
MILLEPERTUIS,COBICISTAT,millepertuis,cobicistat,critical,CI,Risque de diminution de l’efficacité du cobicistat par augmentation de son métabolisme par l’inducteur.,,171
MILLEPERTUIS,CYCLOPHOSPHAMIDE,millepertuis,cyclophosphamide,critical,CI,"Risque d’augmentation des concentrations plasmatiques du métabolite actif du cyclophosphamide par le millepertuis, et donc de sa toxicité.",,171
MILLEPERTUIS,CYPROTERONE,millepertuis,cyproterone,critical,CI,"Risque de diminution de l'efficacité de la cyprotérone, par augmentation de son métabolisme hépatique par le millepertuis.",,172
MILLEPERTUIS,DASABUVIR,millepertuis,dasabuvir,critical,CI,Risque de diminution des concentrations plasmatiques du dasabuvir par le millepertuis.,,172
MILLEPERTUIS,DIGOXINE,millepertuis,digoxine,critical,CI,"Diminution de la digoxinémie, en raison de l'effet inducteur du millepertuis, avec risque de baisse d'efficacité voire d'annulation de l'effet, dont les conséquences peuvent être éventuellement graves (décompensation d'une insuffisance cardiaque).","En cas d'association fortuite, ne pas interrompre brutalement la prise de millepertuis mais contrôler les concentrations plasmatiques (ou l'efficacité) de la digoxine avant puis après l'arrêt du millepertuis.",172
MILLEPERTUIS,DOCETAXEL,millepertuis,docetaxel,critical,CI,Risque de moindre efficacité du taxane par augmentation de son métabolisme par le millepertuis.,,172
MILLEPERTUIS,DOLUTÉGRAVIR,millepertuis,dolutegravir,high,ASDEC,Risque de diminution des concentrations plasmatiques de dolutégravir par augmentation de son métabolisme par le millepertuis.,,172
MILLEPERTUIS,DRONEDARONE,millepertuis,dronedarone,high,ASDEC,"Diminution importante des concentrations de dronédarone par augmentation de son métabolisme, sans modification notable du métabolite actif.",,172
MILLEPERTUIS,EFAVIRENZ,millepertuis,efavirenz,critical,CI,"Risque de diminution des concentrations d'éfavirenz, avec baisse d'efficacité.",,172
MILLEPERTUIS,ESTROPROGESTATIFS CONTRACEPTIFS,millepertuis,estroprogestatifs contraceptifs,critical,CI,"Diminution des concentrations plasmatiques du contraceptif hormonal, en raison de l'effet inducteur enzymatique du millepertuis, avec risque de baisse d'efficacité voire d'annulation de l'effet dont les conséquences peuvent être éventuellement graves (survenue d'une grossesse).",,172
MILLEPERTUIS,ETOPOSIDE,millepertuis,etoposide,critical,CI,Risque de diminution des concentrations plasmatiques d’étoposide par le millepertuis.,,172
MILLEPERTUIS,FEXOFENADINE,millepertuis,fexofenadine,critical,CI,Diminution des concentrations plasmatiques de la féxofénadine par le millepertuis.,,172
MILLEPERTUIS,FOSTEMSAVIR,millepertuis,fostemsavir,critical,CI,"Risque de diminution significative des concentrations de fostemsavir avec le millepertuis, avec réduction de la réponse virologique.",,172
MILLEPERTUIS,GILTÉRITINIB,millepertuis,gilteritinib,critical,CI,Diminution des concentrations plasmatiques de gilteritinib avec risque de perte d’efficacité.,,172
MILLEPERTUIS,GLÉCAPRÉVIR + PIBRENTASVIR,millepertuis,glecaprevir + pibrentasvir,critical,CI,Diminution des concentrations plasmatiques de la bithérapie par augmentation de son métabolisme par le millepertuis.,,172
MILLEPERTUIS,HORMONES THYROÏDIENNES,millepertuis,hormones thyroidiennes,high,ASDEC,Risque de baisse de l’efficacité des hormones thyroïdiennes.,,172
MILLEPERTUIS,IDÉLALISIB,millepertuis,idelalisib,high,ASDEC,Risque de diminution importante des concentrations plasmatiques d’idélalisib par augmentation de son métabolisme hépatique par le millepertuis.,,173
MILLEPERTUIS,IMAO IRRÉVERSIBLES,millepertuis,imao irreversibles,moderate,PE,Risque d'apparition d'un syndrome sérotoninergique.,"Surveillance clinique et biologique régulière, notamment en début d'association.",173
MILLEPERTUIS,"IMAO-A RÉVERSIBLES, Y COMPRIS OXAZOLIDINONES ET BLEU DE MÉTHYLÈNE",millepertuis,"imao-a reversibles, y compris oxazolidinones et bleu de methylene",moderate,PE,Risque d'apparition d'un syndrome sérotoninergique.,"Surveillance clinique et biologique régulière, notamment en début d'association.",173
MILLEPERTUIS,IMMUNOSUPPRESSEURS,millepertuis,immunosuppresseurs,critical,CI,"Diminution des concentrations sanguines de l'immunosuppresseur, en raison de l'effet inducteur enzymatique du millepertuis, avec risque de baisse d'efficacité voire d'annulation de l'effet dont les conséquences peuvent être éventuellement graves (rejet de greffe).",,173
MILLEPERTUIS,INHIBITEURS DE LA 5-ALPHA REDUCTASE,millepertuis,inhibiteurs de la 5-alpha reductase,critical,CI,Diminution des concentrations plasmatiques de l’inhibiteur de la 5- alpha réductase par le millepertuis.,,173
MILLEPERTUIS,INHIBITEURS DE PROTÉASES BOOSTÉS PAR RITONAVIR,millepertuis,inhibiteurs de proteases boostes par ritonavir,critical,CI,"Diminution des concentrations plasmatiques de l'inhibiteur de protéases, en raison de l'effet inducteur enzymatique du millepertuis, avec risque de baisse d'efficacité voire d'annulation de l'effet dont les conséquences peuvent être éventuellement graves (baisse de l'efficacité antirétrovirale).","En cas d'association fortuite, ne pas interrompre brutalement la prise de millepertuis mais contrôler les concentrations plasmatiques (ou l'efficacité) de l'inhibiteur de protéases avant puis après l'arrêt du millepertuis.",173
MILLEPERTUIS,INHIBITEURS DE TYROSINE KINASES MÉTABOLISÉS,millepertuis,inhibiteurs de tyrosine kinases metabolises,critical,CI,"Diminution des concentrations plasmatiques et de l’efficacité de l’inhibiteur de tyrosine kinase, par augmentation de son métabolisme par le millepertuis.",,173
MILLEPERTUIS,INHIBITEURS SÉLECTIFS DE LA RECAPTURE DE LA SÉROTONINE,millepertuis,inhibiteurs selectifs de la recapture de la serotonine,moderate,PE,Risque d'apparition d'un syndrome sérotoninergique.,"Surveillance clinique et biologique régulière, notamment en début d'association.",173
MILLEPERTUIS,IRINOTECAN,millepertuis,irinotecan,critical,CI,"Diminution des concentrations plasmatiques du métabolite actif de l'irinotécan, avec risque d'échec du traitement cytotoxique.",,173
MILLEPERTUIS,ISAVUCONAZOLE,millepertuis,isavuconazole,critical,CI,Diminution des concentrations plasmatiques d’isavuconazole par augmentation de son métabolisme hépatique par le millepertuis.,,173
MILLEPERTUIS,ITRACONAZOLE,millepertuis,itraconazole,critical,CI,"Risque de diminution importante des concentrations plasmatiques d’itraconazole, avec risque de perte d’efficacité, par augmentation de son métabolisme hépatique par le millepertuis.",,173
MILLEPERTUIS,IVABRADINE,millepertuis,ivabradine,high,ASDEC,"Risque de diminution de l'efficacité de l’ivabradine, par augmentation de son métabolisme par le millepertuis.",,173
MILLEPERTUIS,LÉDIPASVIR,millepertuis,ledipasvir,critical,CI,Risque de diminution importante des concentrations plasmatiques du lédipasvir par augmentation de son métabolisme hépatique par le millepertuis.,,173
MILLEPERTUIS,LÉNACAPAVIR,millepertuis,lenacapavir,critical,CI,"Diminution, éventuellement considérable, des concentrations de lénacapavir, avec risque de réduction de la réponse virologique.",,173
MILLEPERTUIS,LOMITAPIDE,millepertuis,lomitapide,high,ASDEC,Risque de diminution des concentrations plasmatiques du lomitapide.,,174
MILLEPERTUIS,LURASIDONE,millepertuis,lurasidone,critical,CI,Diminution des concentrations plasmatiques de la lurasidone par augmentation de son métabolisme hépatique par le millepertuis.,,174
MILLEPERTUIS,MACITENTAN,millepertuis,macitentan,high,ASDEC,Risque de diminution des concentrations plasmatiques de macitentan par augmentation de son métabolisme par le millepertuis.,,174
MILLEPERTUIS,MARAVIROC,millepertuis,maraviroc,high,ASDEC,Risque de diminution des concentrations plasmatiques de maraviroc pouvant conduire à une perte de la réponse virologique.,,174
MILLEPERTUIS,METHADONE,millepertuis,methadone,critical,CI,"Diminution des concentrations de méthadone par le millepertuis, avec risque de syndrome de sevrage.",,174
MILLEPERTUIS,MIDAZOLAM,millepertuis,midazolam,low,APEC,Risque de diminution des concentrations plasmatiques de midazolam par le millepertuis.,,174
MILLEPERTUIS,MIDOSTAURINE,millepertuis,midostaurine,critical,CI,Diminution des concentrations de midostaurine par le millepertuis.,,174
MILLEPERTUIS,NEVIRAPINE,millepertuis,nevirapine,critical,CI,Risque de diminution significative des concentrations plasmatiques de la névirapine par augmentation de son métabolisme hépatique par le millepertuis.,,174
MILLEPERTUIS,NINTÉDANIB,millepertuis,nintedanib,high,ASDEC,Diminution des concentrations plasmatiques du nintédanib par diminution de son absorption par le millepertuis.,,174
MILLEPERTUIS,OLAPARIB,millepertuis,olaparib,critical,CI,"Risque de diminution des concentrations plasmatiques d’olaparib et de son efficacité, par augmentation de son métabolisme par le millepertuis.",,174
MILLEPERTUIS,OXYCODONE,millepertuis,oxycodone,high,ASDEC,Diminution des concentrations plasmatiques de l’oxycodone par augmentation de son métabolisme par le millepertuis.,Adaptation éventuelle de la posologie de l’oxycodone .,174
MILLEPERTUIS,PACLITAXEL,millepertuis,paclitaxel,critical,CI,Risque de moindre efficacité du taxane par augmentation de son métabolisme par le millepertuis.,,174
MILLEPERTUIS,PROGESTATIFS CONTRACEPTIFS,millepertuis,progestatifs contraceptifs,critical,CI,"Diminution des concentrations plasmatiques du contraceptif hormonal, en raison de l'effet inducteur enzymatique du millepertuis, avec risque de baisse d'efficacité voire d'annulation de l'effet dont les conséquences peuvent être éventuellement graves (survenue d'une grossesse).",,174
MILLEPERTUIS,PROPAFENONE,millepertuis,propafenone,moderate,PE,Diminution des concentrations plasmatiques de la propafénone par augmentation de son métabolisme hépatique par le millepertuis.,"Surveillance clinique et ECG. S'il y a lieu, adaptation de la posologie de la propafénone pendant l'association et après l'arrêt du millepertuis.",174
MILLEPERTUIS,QUETIAPINE,millepertuis,quetiapine,high,ASDEC,"Diminution très importante des concentrations plasmatiques de quétiapine par augmentation de son métabolisme hépatique par l'inducteur, avec risque d’inefficacité.",,175
MILLEPERTUIS,RÉGORAFÉNIB,millepertuis,regorafenib,high,ASDEC,Diminution des concentrations plasmatiques de régorafenib par augmentation de son métabolisme par le millepertuis,,175
MILLEPERTUIS,RILPIVIRINE,millepertuis,rilpivirine,critical,CI,Risque de diminution des concentrations plasmatiques de rilpivirine par augmentation de son métabolisme hépatique par le millepertuis.,,175
MILLEPERTUIS,ROLAPITANT,millepertuis,rolapitant,critical,CI,Diminution très importante des concentrations de rolapitant avec risque de perte d’efficacité.,,175
MILLEPERTUIS,SIMVASTATINE,millepertuis,simvastatine,high,ASDEC,Diminution de l’efficacité de l’hypocholestérolémiant par augmentation de son métabolisme hépatique par le millepertuis.,,175
MILLEPERTUIS,SOFOSBUVIR,millepertuis,sofosbuvir,critical,CI,Risque de diminution des concentrations plasmatiques de sofosbuvir par diminution de son absorption intestinale par le millepertuis.,,175
MILLEPERTUIS,TAMOXIFENE,millepertuis,tamoxifene,critical,CI,Risque d’inefficacité du tamoxifène par augmentation de son métabolisme par le millepertuis.,,175
MILLEPERTUIS,TELITHROMYCINE,millepertuis,telithromycine,high,ASDEC,"Diminution des concentrations plasmatiques de la télithromycine, avec risque d'échec du traitement anti-infectieux, par augmentation du métabolisme hépatique de la télithromycine par le millepertuis.",,175
MILLEPERTUIS,"THÉOPHYLLINE (ET, PAR EXTRAPOLATION, AMINOPHYLLINE)",millepertuis,"theophylline (et, par extrapolation, aminophylline)",critical,CI,"Diminution des concentrations plasmatiques de la théophylline, en raison de l'effet inducteur enzymatique du millepertuis, avec risque de baisse d'efficacité voire d'annulation de l'effet dont les conséquences peuvent être éventuellement graves (survenue d'un trouble ventilatoire obstructif).","En cas d'association fortuite, ne pas interrompre brutalement la prise de millepertuis mais contrôler les concentrations plasmatiques (ou l'efficacité) du médicament associé avant puis après l'arrêt du millepertuis.",175
MILLEPERTUIS,TICAGRELOR,millepertuis,ticagrelor,critical,CI,"Risque de diminution importante des concentrations plasmatiques de ticagrelor par augmentation de son métabolisme hépatique par le millepertuis, avec diminution de son effet thérapeutique.",,175
MILLEPERTUIS,ULIPRISTAL,millepertuis,ulipristal,high,ASDEC,"Risque de diminution de l’effet de l’ulipristal, par augmentation de son métabolisme hépatique par l’inducteur.",Préférer une alternative thérapeutique peu ou pas métabolisée.,175
MILLEPERTUIS,VELPATASVIR,millepertuis,velpatasvir,critical,CI,"Diminution des concentrations plasmatiques de velpatasvir par le millepertuis, avec possible retentissement sur l’efficacité.",,175
MILLEPERTUIS,VÉNÉTOCLAX,millepertuis,venetoclax,critical,CI,"Diminution importante des concentrations de vénétoclax, avec risque de perte d’efficacité.",,175
MILLEPERTUIS,VERAPAMIL,millepertuis,verapamil,critical,CI,"Réduction importante des concentrations de vérapamil, avec risque de perte de son effet thérapeutique.",,175
MILLEPERTUIS,VINCA-ALCALOÏDES CYTOTOXIQUES,millepertuis,vinca-alcaloides cytotoxiques,critical,CI,Risque de moindre efficacité du cytotoxique par augmentation de son métabolisme par le millepertuis.,,176
MILLEPERTUIS,VISMODÉGIB,millepertuis,vismodegib,critical,CI,Risque de diminution des concentrations plasmatiques de vismodégib.,,176
MILLEPERTUIS,VORICONAZOLE,millepertuis,voriconazole,critical,CI,"Réduction importante des concentrations de voriconazole, avec risque de perte de son effet thérapeutique.",,176
MINÉRALOCORTICOÏDES,INDUCTEURS ENZYMATIQUES PUISSANTS,mineralocorticoides,inducteurs enzymatiques puissants,moderate,PE,Diminution des concentrations plasmatiques et de l'efficacité des corticoïdes par augmentation de leur métabolisme hépatique par l'inducteur : les conséquences sont particulièrement importantes chez les addisoniens traités par l'hydrocortisone et en cas de transplantation.,Surveillance clinique et biologique ; adaptation de la posologie des corticoïdes pendant le traitement par l'inducteur et après son arrêt.,176
MINÉRALOCORTICOÏDES,RIFAMPICINE,mineralocorticoides,rifampicine,moderate,PE,Diminution des concentrations plasmatiques et de l'efficacité des corticoïdes par augmentation de leur métabolisme hépatique par la rifampicine ; les conséquences sont particulièrement importantes chez les addisoniens traités par l'hydrocortisone et en cas de transplantation.,Surveillance clinique et biologique ; adaptation de la posologie des corticoïdes pendant le traitement par la rifampicine et après son arrêt.,176
MIRABÉGRON,METOPROLOL,mirabegron,metoprolol,moderate,PE,"Avec le métoprolol utilisé dans l'insuffisance cardiaque, augmentation des concentrations plasmatiques du métoprolol par diminution de son métabolisme par le mirabégron.",Surveillance clinique et réduction éventuelle de la posologie du métoprolol pendant l'association.,176
MIRABÉGRON,PROPAFENONE,mirabegron,propafenone,moderate,PE,Augmentation des concentrations plasmatiques de la propafénone par diminution de son métabolisme par le mirabégron.,Surveillance clinique et réduction éventuelle de la posologie de la propafénone pendant l'association.,176
MITOMYCINE C,VINCA-ALCALOÏDES CYTOTOXIQUES,mitomycine c,vinca-alcaloides cytotoxiques,low,APEC,Risque de majoration de la toxicité pulmonaire de la mitomycine et des vinca-alcaloïdes.,,176
MITOTANE,DASABUVIR,mitotane,dasabuvir,critical,CI,Risque de diminution des concentrations plasmatiques du dasabuvir par le mitotane.,,176
MITOTANE,FOSTEMSAVIR,mitotane,fostemsavir,critical,CI,"Diminution significative des concentrations de fostemsavir avec la rifampicine, avec risque de réduction de la réponse virologique. Éventualité non exclue avec le mitotane.",,176
MITOTANE,SPIRONOLACTONE,mitotane,spironolactone,critical,CI,"Possible réduction voire abolition de l'effet pharmacodynamique du mitotane par la spironolactone, associé à une baisse des concentrations du mitotane.",,176
MOCLOBEMIDE,CIMETIDINE,moclobemide,cimetidine,moderate,PE,"Avec la cimétidine utilisée à des doses supérieures ou égales à 800 mg/j : augmentation des concentrations du moclobémide, par diminution de son métabolisme hépatique.",Surveillance clinique avec adaptation éventuelle de la posologie de moclobémide.,176
MODAFINIL,CICLOSPORINE,modafinil,ciclosporine,high,ASDEC,Risque de diminution des concentrations sanguines et de l'efficacité de l'immunosuppresseur.,,177
MODAFINIL,ESTROPROGESTATIFS CONTRACEPTIFS,modafinil,estroprogestatifs contraceptifs,high,ASDEC,"Risque de diminution de l’efficacité contraceptive, pendant le traitement et un cycle après l’arrêt du traitement par le modafinil, en raison de son potentiel inducteur enzymatique.","Utiliser une méthode additionnelle de type mécanique (préservatif) pendant la durée de l’association, et un cycle suivant l’arrêt du modafinil.",177
MONTELUKAST,INDUCTEURS ENZYMATIQUES PUISSANTS,montelukast,inducteurs enzymatiques puissants,moderate,PE,Risque de baisse de l'efficacité du montélukast par augmentation de son métabolisme hépatique par l'inducteur.,Surveillance clinique et adaptation éventuelle de la posologie de l'anti- asthmatique pendant le traitement par l'inducteur et après son arrêt.,177
MONTELUKAST,RIFAMPICINE,montelukast,rifampicine,moderate,PE,Risque de baisse de l'efficacité du montélukast par augmentation de son métabolisme hépatique par la rifampicine.,Surveillance clinique et adaptation éventuelle de la posologie de l'antiasthmatique pendant le traitement par la rifampicine et après son arrêt.,177
MORPHINE,RIFAMPICINE,morphine,rifampicine,moderate,PE,Diminution des concentrations plasmatiques et de l'efficacité de la morphine et de son métabolite actif.,Surveillance clinique et adaptation éventuelle de la posologie de la morphine pendant le traitement par la rifampicine et après son arrêt.,177
MORPHINIQUES,BARBITURIQUES,morphiniques,barbituriques,low,APEC,"Risque majoré de sédation et de dépression respiratoire pouvant entraîner coma et décès, notamment chez le sujet âgé. Il convient de limiter autant que possible les doses et la durée de l’association.",,177
MORPHINIQUES,BENZODIAZÉPINES ET APPARENTÉS,morphiniques,benzodiazepines et apparentes,low,APEC,"Risque majoré de sédation et de dépression respiratoire pouvant entraîner coma et décès, notamment chez le sujet âgé. Il convient de limiter autant que possible les doses et la durée de l’association.",,177
MORPHINIQUES,MÉDICAMENTS ATROPINIQUES,morphiniques,medicaments atropiniques,low,APEC,"Risque important d'akinésie colique, avec constipation sévère.",,177
MORPHINIQUES,OXYBATE DE SODIUM,morphiniques,oxybate de sodium,critical,CI,"Risque majoré de dépression respiratoire, pouvant être fatale en cas de surdosage.",,177
MORPHINIQUES AGONISTES-ANTAGONISTES,ANALGÉSIQUES MORPHINIQUES DE PALIER II,morphiniques agonistes-antagonistes,analgesiques morphiniques de palier ii,high,ASDEC,"Diminution de l'effet antalgique par blocage compétitif des récepteurs, avec risque d'apparition d'un syndrome de sevrage.",,177
MORPHINIQUES AGONISTES-ANTAGONISTES,ANALGÉSIQUES MORPHINIQUES DE PALIER III,morphiniques agonistes-antagonistes,analgesiques morphiniques de palier iii,critical,CI,"Diminution de l'effet antalgique par blocage compétitif des récepteurs, avec risque d'apparition d'un syndrome de sevrage.",,177
MORPHINIQUES AGONISTES-ANTAGONISTES,ANTITUSSIFS MORPHINIQUES VRAIS,morphiniques agonistes-antagonistes,antitussifs morphiniques vrais,high,ASDEC,"Diminution de l'effet antalgique ou antitussif du morphinique, par blocage compétitif des récepteurs, avec risque d'apparition d'un syndrome de sevrage.",,177
MORPHINIQUES AGONISTES-ANTAGONISTES,METHADONE,morphiniques agonistes-antagonistes,methadone,critical,CI,Diminution de l'effet de la méthadone par blocage compétitif des récepteurs.,,178
MORPHINIQUES AGONISTES-ANTAGONISTES,MORPHINIQUES ANTAGONISTES PARTIELS,morphiniques agonistes-antagonistes,morphiniques antagonistes partiels,critical,CI,Risque de diminution de l’effet antalgique et/ou d’apparition d’un syndrome de sevrage.,,178
MORPHINIQUES ANTAGONISTES PARTIELS,ANALGÉSIQUES MORPHINIQUES DE PALIER II,morphiniques antagonistes partiels,analgesiques morphiniques de palier ii,high,ASDEC,Risque de diminution de l’effet antalgique.,,178
MORPHINIQUES ANTAGONISTES PARTIELS,ANALGÉSIQUES MORPHINIQUES DE PALIER III,morphiniques antagonistes partiels,analgesiques morphiniques de palier iii,critical,CI,Risque de diminution de l’effet antalgique.,,178
MORPHINIQUES ANTAGONISTES PARTIELS,MORPHINIQUES AGONISTES-ANTAGONISTES,morphiniques antagonistes partiels,morphiniques agonistes-antagonistes,critical,CI,Risque de diminution de l’effet antalgique et/ou d’apparition d’un syndrome de sevrage.,,178
MORPHINIQUES ANTAGONISTES PARTIELS,MORPHINIQUES EN TRAITEMENT DE SUBSTITUTION,morphiniques antagonistes partiels,morphiniques en traitement de substitution,critical,CI,Risque d’apparition d’un syndrome de sevrage.,,178
MORPHINIQUES EN TRAITEMENT DE SUBSTITUTION,MORPHINIQUES ANTAGONISTES PARTIELS,morphiniques en traitement de substitution,morphiniques antagonistes partiels,critical,CI,Risque d’apparition d’un syndrome de sevrage.,,178
MYCOPHENOLATE MOFETIL,ANTISÉCRÉTOIRES INHIBITEURS DE LA POMPE À PROTONS,mycophenolate mofetil,antisecretoires inhibiteurs de la pompe a protons,low,APEC,"Diminution des concentrations de l’acide mycophénolique d’environ un tiers, avec risque potentiel de baisse d’efficacité.",,178
MYCOPHENOLATE MOFETIL,FLUOROQUINOLONES,mycophenolate mofetil,fluoroquinolones,low,APEC,"Diminution des concentrations de l’acide mycophénolique d’environ un tiers, avec risque potentiel de baisse d’efficacité.",,178
MYCOPHENOLATE MOFETIL,PÉNICILLINES A,mycophenolate mofetil,penicillines a,low,APEC,"Diminution des concentrations de l’acide mycophénolique d’environ un tiers, avec risque potentiel de baisse d’efficacité.",,178
MYCOPHENOLATE MOFETIL,VACCINS VIVANTS ATTÉNUÉS,mycophenolate mofetil,vaccins vivants attenues,critical,CI,Risque de maladie vaccinale généralisée éventuellement mortelle.,Et pendant les 3 mois suivant l'arrêt du traitement.,178
MYCOPHENOLATE SODIQUE,VACCINS VIVANTS ATTÉNUÉS,mycophenolate sodique,vaccins vivants attenues,critical,CI,Risque de maladie vaccinale généralisée éventuellement mortelle.,Et pendant les 3 mois suivant l'arrêt du traitement.,178
NALOXEGOL,DILTIAZEM,naloxegol,diltiazem,moderate,PE,Augmentation des concentrations plasmatiques de naloxegol par le diltiazem.,Adaptation posologique pendant l’association.,178
NALOXEGOL,INDUCTEURS ENZYMATIQUES,naloxegol,inducteurs enzymatiques,high,ASDEC,Diminution des concentrations de naloxegol par l’inducteur.,,179
NALOXEGOL,INHIBITEURS PUISSANTS DU CYP3A4,naloxegol,inhibiteurs puissants du cyp3a4,critical,CI,Augmentation très importante des concentrations du naloxegol par l’inhibiteur.,,179
NALOXEGOL,PAMPLEMOUSSE (JUS ET FRUIT),naloxegol,pamplemousse (jus et fruit),high,ASDEC,Risque d’augmentation des effets indésirables du naloxegol par le pamplemousse.,,179
NALOXEGOL,VERAPAMIL,naloxegol,verapamil,moderate,PE,Augmentation des concentrations plasmatiques de naloxegol par le vérapamil.,Adaptation posologique pendant l’association.,179
NEBIVOLOL,FLUOXETINE,nebivolol,fluoxetine,moderate,PE,"Risque de majoration des effets indésirables du nébivolol avec notamment bradycardie excessive, par inhibition de son métabolisme par l’antidépresseur.","Surveillance clinique accrue ; si besoin, adaptation de la posologie du nébivolol pendant la durée du traitement par l’antidépresseur et après son arrêt.",179
NEBIVOLOL,PAROXETINE,nebivolol,paroxetine,moderate,PE,"Risque de majoration des effets indésirables du nébivolol avec notamment bradycardie excessive, par inhibition de son métabolisme par l’antidépresseur.","Surveillance clinique accrue ; si besoin, adaptation de la posologie du nébivolol pendant la durée du traitement par l’antidépresseur et après son arrêt.",179
NÉTUPITANT,INDUCTEURS ENZYMATIQUES,netupitant,inducteurs enzymatiques,high,ASDEC,Diminution très importante des concentrations de nétupitant avec risque de perte d'efficacité.,,179
NEUROLEPTIQUES,BÊTA-BLOQUANTS DANS L'INSUFFISANCE CARDIAQUE,neuroleptiques,beta-bloquants dans l'insuffisance cardiaque,low,APEC,"Effet vasodilatateur et risque d'hypotension, notamment orthostatique (effet additif).",,179
NEUROLEPTIQUES,LITHIUM,neuroleptiques,lithium,moderate,PE,Risque d’apparition de signes neuropsychiques évocateurs d’un syndrome malin des neuroleptiques ou d’une intoxication au lithium.,"Surveillance clinique et biologique régulière, notamment en début d'association.",179
NEUROLEPTIQUES,ORLISTAT,neuroleptiques,orlistat,low,APEC,Risque d'échec thérapeutique en cas de traitement concomitant par orlistat.,,179
NEUROLEPTIQUES ANTIÉMÉTIQUES,DOPAMINERGIQUES,neuroleptiques antiemetiques,dopaminergiques,critical,CI,Antagonisme réciproque entre le dopaminergique et le neuroleptique.,Utiliser un antiémétique dénué d'effets extrapyramidaux.,179
NEUROLEPTIQUES ANTIÉMÉTIQUES,LEVODOPA,neuroleptiques antiemetiques,levodopa,critical,CI,Antagonisme réciproque entre la lévodopa et le neuroleptique.,Utiliser un antiémétique dénué d'effets extrapyramidaux.,179
NEUROLEPTIQUES ANTIPSYCHOTIQUES (SAUF CLOZAPINE),ANTIPARKINSONIENS DOPAMINERGIQUES,neuroleptiques antipsychotiques (sauf clozapine),antiparkinsoniens dopaminergiques,high,ASDEC,"Antagonisme réciproque du dopaminergique et des neuroleptiques. Le dopaminergique peut provoquer ou aggraver les troubles psychotiques. En cas de nécessité d'un traitement par neuroleptiques chez le patient parkinsonien traité par dopaminergique, ces derniers doivent être diminués progressivement jusqu'à l'arrêt (leur arrêt brutal expose à un risque de ""syndrome malin des neuroleptiques"").",,180
NEUROLEPTIQUES ANTIPSYCHOTIQUES (SAUF CLOZAPINE),ARIPIPRAZOLE,neuroleptiques antipsychotiques (sauf clozapine),aripiprazole,low,APEC,"Risque de moindre efficacité, notamment de l’aripiprazole, suite à l’antagonisme des récepteurs dopaminergiques par le neuroleptique.",,180
NEUROLEPTIQUES ANTIPSYCHOTIQUES (SAUF CLOZAPINE),"DOPAMINERGIQUES, HORS PARKINSON",neuroleptiques antipsychotiques (sauf clozapine),"dopaminergiques, hors parkinson",critical,CI,Antagonisme réciproque de l'agoniste dopaminergique et des neuroleptiques.,,180
NEUROLEPTIQUES ANTIPSYCHOTIQUES (SAUF CLOZAPINE),LEVODOPA,neuroleptiques antipsychotiques (sauf clozapine),levodopa,high,ASDEC,Antagonisme réciproque de la lévodopa et des neuroleptiques.,"Chez le patient parkinsonien, utiliser les doses minimales efficaces de chacun des deux médicaments.",180
NEUROLEPTIQUES SUSCEPTIBLES DE DONNER DES TORSADES DE POINTES,SUBSTANCES SUSCEPTIBLES DE DONNER DES TORSADES DE POINTES,neuroleptiques susceptibles de donner des torsades de pointes,substances susceptibles de donner des torsades de pointes,critical,CI;ASDEC,"Risque majoré de troubles du rythme ventriculaire, notamment de torsades de pointes.","Contre-indication : - avec le citalopram, la dompéridone, l'escitalopram, l'hydroxyzine et la pipéraquine. Association déconseillée: - avec les autres médicaments susceptibles de donner des torsades de pointes. Si l’association ne peut être évitée, contrôle clinique et électrocardiographique régulier.",180
NEVIRAPINE,ANTIVITAMINES K,nevirapine,antivitamines k,moderate,PE,Diminution de l'effet de l'antivitamine K par augmentation de son métabolisme hépatique.,Contrôle plus fréquent de l'INR. Adaptation éventuelle de la posologie de l'antivitamine K.,180
NEVIRAPINE,ATAZANAVIR,nevirapine,atazanavir,high,ASDEC,Risque de baisse de l’efficacité de l’atazanavir par augmentation de son métabolisme hépatique.,"Si l’association s’avère nécessaire, adaptation posologique de l’atazanavir avec surveillance clinique et biologique régulière, notamment en début d’association.",180
NEVIRAPINE,FLUCONAZOLE,nevirapine,fluconazole,moderate,PE,Doublement des concentrations de névirapine avec risque d'augmentation de ses effets indésirables.,Surveillance clinique et adaptation éventuelle de la posologie de la névirapine.,180
NEVIRAPINE,FOSAMPRENAVIR,nevirapine,fosamprenavir,moderate,PE,Risque de baisse de l'efficacité de l'amprénavir.,"Surveillance clinique et biologique régulière, notamment en début d'association.",180
NEVIRAPINE,KETOCONAZOLE,nevirapine,ketoconazole,critical,CI,"Augmentation des concentrations plasmatiques de névirapine par diminution de son métabolisme hépatique par le kétoconazole, d'une part, et diminution des concentrations plasmatiques du kétoconazole par augmentation de son métabolisme hépatique par la névirapine, d'autre part.",,180
NEVIRAPINE,MILLEPERTUIS,nevirapine,millepertuis,critical,CI,Risque de diminution significative des concentrations plasmatiques de la névirapine par augmentation de son métabolisme hépatique par le millepertuis.,,180
NEVIRAPINE,RIFAMPICINE,nevirapine,rifampicine,high,ASDEC,Diminution des concentrations plasmatiques de la névirapine par augmentation de son métabolisme hépatique par la rifampicine.,,181
NEVIRAPINE,VORICONAZOLE,nevirapine,voriconazole,high,ASDEC,Risque de baisse de l'efficacité du voriconazole par augmentation de son métabolisme hépatique par la névirapine.,"Si l'association ne peut être évitée, surveillance clinique étroite et adaptation éventuelle de la posologie du voriconazole pendant l'association.",181
NICARDIPINE,IMMUNOSUPPRESSEURS,nicardipine,immunosuppresseurs,moderate,PE,"Augmentation des concentrations sanguines de l'immunodépresseur, par inhibition de son métabolisme.","Dosage des concentrations sanguines de l'immunosuppresseur, contrôle de la fonction rénale et adaptation de sa posologie pendant le traitement et après l'arrêt.",181
NICORANDIL,ACIDE ACETYLSALICYLIQUE,nicorandil,acide acetylsalicylique,high,ASDEC,Majoration du risque ulcérogène et hémorragique digestif.,,181
NICORANDIL,ANTI-INFLAMMATOIRES NON STÉROÏDIENS,nicorandil,anti-inflammatoires non steroidiens,high,ASDEC,Majoration du risque ulcérogène et hémorragique digestif.,,181
NIFEDIPINE,CICLOSPORINE,nifedipine,ciclosporine,high,ASDEC,Risque d'addition d'effets indésirables à type de gingivopathies.,Utiliser une autre dihydropyridine.,181
NIFEDIPINE,CIMETIDINE,nifedipine,cimetidine,moderate,PE,Avec la cimétidine utilisée à des doses supérieures ou égales à 800 mg/j : augmentation de l'effet hypotenseur de la nifédipine par inhibition de son métabolisme hépatique par la cimétidine.,Surveillance clinique accrue : adapter la posologie de la nifédipine pendant le tratiement par la cimétidine et après son arrêt.,181
NIFEDIPINE,DILTIAZEM,nifedipine,diltiazem,critical,CI,"Augmentation importantes des concentrations de nifédipine par diminution de son métabolisme hépatique par le diltiazem, avec risque d'hypotension sévère.",,181
NIMODIPINE,INDUCTEURS ENZYMATIQUES PUISSANTS,nimodipine,inducteurs enzymatiques puissants,high,ASDEC,Diminution des concentrations plasmatiques de l'antagoniste du calcium par augmentation de son métabolisme hépatique par l'inducteur.,Surveillance clinique et adaptation éventuelle de la posologie de l'antagoniste du calcium pendant le traitement par l'inducteur et après son arrêt.,181
NIMODIPINE,RIFAMPICINE,nimodipine,rifampicine,high,ASDEC,Diminution des concentrations plasmatiques de l'antagoniste du calcium par augmentation de son métabolisme hépatique.,Surveillance clinique et adaptation éventuelle de la posologie de l'antagoniste du calcium pendant le traitement par la rifampicine et après son arrêt.,181
NIMODIPINE,"VALPROÏQUE (ACIDE) ET, PAR EXTRAPOLATION, VALPROMIDE",nimodipine,"valproique (acide) et, par extrapolation, valpromide",low,APEC,"Avec la nimodipine par voie orale, et par extrapolation, par voie injectable : risque de majoration de l'effet hypotenseur de la nimodipine par augmentation de ses concentrations plasmatiques (diminution de son métabolisme par l'acide valproïque).",,181
NINTÉDANIB,AMIODARONE,nintedanib,amiodarone,moderate,PE,Augmentation des concentrations plasmatiques du nintédanib par augmentation de son absorption par l'amiodarone.,Surveillance clinique pendant l’association.,181
NINTÉDANIB,CARBAMAZEPINE,nintedanib,carbamazepine,moderate,PE,Diminution des concentrations plasmatiques du nintédanib par diminution de son absorption par la carbamazépine.,Surveillance clinique pendant l’association.,182
NINTÉDANIB,CICLOSPORINE,nintedanib,ciclosporine,moderate,PE,Augmentation des concentrations plasmatiques du nintédanib par augmentation de son absorption par la ciclosporine.,Surveillance clinique pendant l’association.,182
NINTÉDANIB,ERYTHROMYCINE,nintedanib,erythromycine,moderate,PE,Augmentation des concentrations plasmatiques du nintédanib par augmentation de son absorption par l'érythromycine.,Surveillance clinique pendant l’association.,182
NINTÉDANIB,INHIBITEURS DE PROTÉASES BOOSTÉS PAR RITONAVIR,nintedanib,inhibiteurs de proteases boostes par ritonavir,moderate,PE,Augmentation des concentrations plasmatiques du nintédanib par augmentation de son absorption par l'inhibiteur de protéases boosté par ritonavir.,Surveillance clinique pendant l’association.,182
NINTÉDANIB,ITRACONAZOLE,nintedanib,itraconazole,moderate,PE,Augmentation des concentrations plasmatiques du nintédanib par augmentation de son absorption par l'itraconazole.,Surveillance clinique pendant l’association.,182
NINTÉDANIB,KETOCONAZOLE,nintedanib,ketoconazole,moderate,PE,Augmentation des concentrations plasmatiques du nintédanib par augmentation de son absorption par le kétoconazole.,Surveillance clinique pendant l’association.,182
NINTÉDANIB,MILLEPERTUIS,nintedanib,millepertuis,high,ASDEC,Diminution des concentrations plasmatiques du nintédanib par diminution de son absorption par le millepertuis.,,182
NINTÉDANIB,"PHÉNYTOÏNE (ET, PAR EXTRAPOLATION, FOSPHÉNYTOÏNE)",nintedanib,"phenytoine (et, par extrapolation, fosphenytoine)",moderate,PE,Diminution des concentrations plasmatiques du nintédanib par diminution de son absorption par la phénytoïne ou la fosphénytoïne.,Surveillance clinique pendant l’association.,182
NINTÉDANIB,RIFAMPICINE,nintedanib,rifampicine,moderate,PE,Diminution des concentrations plasmatiques du nintédanib par diminution de son absorption par la rifampicine.,Surveillance clinique pendant l’association.,182
NINTÉDANIB,VERAPAMIL,nintedanib,verapamil,moderate,PE,Augmentation des concentrations plasmatiques du nintédanib par augmentation de son absorption par le vérapamil.,Surveillance clinique pendant l’association.,182
NORFLOXACINE,CAFEINE,norfloxacine,cafeine,low,APEC,"Augmentation des concentrations plasmatiques de caféine, par diminution du métabolisme hépatique de la caféine.",,182
NORFLOXACINE,CALCIUM,norfloxacine,calcium,moderate,PE,Diminution de l'absorption digestive de la norflloxacine.,"Prendre les sels de calcium à distance de la norfloxacine (plus de 2 heures, si possible).",182
NORFLOXACINE,SUBSTANCES SUSCEPTIBLES DE DONNER DES TORSADES DE POINTES,norfloxacine,substances susceptibles de donner des torsades de pointes,moderate,PE,"Risque majoré de troubles du rythme ventriculaire, notamment de torsades de pointes.",Surveillance clinique et électrocardiographique pendant l'association.,182
NORFLOXACINE,"THÉOPHYLLINE (ET, PAR EXTRAPOLATION, AMINOPHYLLINE)",norfloxacine,"theophylline (et, par extrapolation, aminophylline)",moderate,PE,Augmentation de la théophyllinémie avec risque de surdosage (diminution du métabolisme de la théophylline).,Surveillance clinique et éventuellement de la théophyllinémie.,182
NORTRIPTYLINE,BUPROPION,nortriptyline,bupropion,moderate,PE,Risque d'augmentation des effets indésirables de la nortriptyline par diminution de son métabolisme hépatique par le bupropion.,"Surveillance clinique. Si besoin, adaptation de la posologie de la nortriptyline pendant le traitement par le bupropion.",183
NOSCAPINE,ANTIVITAMINES K,noscapine,antivitamines k,high,ASDEC,Augmentation de l’effet de l’antivitamine K et du risque hémorragique.,,183
OLANZAPINE,CARBAMAZEPINE,olanzapine,carbamazepine,moderate,PE,"Risque de diminution des concentrations plasmatiques de l'olanzapine et de son efficacité thérapeutique, par augmentation de son métabolisme hépatique par la carbamazépine.","Surveillance clinique, et si besoin, adaptation posologique de l'olanzapine.",183
OLANZAPINE,FLUVOXAMINE,olanzapine,fluvoxamine,moderate,PE,"Augmentation des concentrations de l’olanzapine, avec risque de majoration des effets indésirables, par diminution de son métabolisme hépatique par la fluvoxamine.",Surveillance clinique et réduction éventuelle de la posologie de l’olanzapine pendant le traitement par fluvoxamine.,183
OLAPARIB,AMIODARONE,olaparib,amiodarone,high,ASDEC,Augmentation des concentrations plasmatiques d’olaparib par l' amiodarone,"Si l’association ne peut être évitée, limiter la dose d’olaparib à 200 mg 2 fois par jour avec l’amiodarone.",183
OLAPARIB,APALUTAMIDE,olaparib,apalutamide,high,ASDEC,"Risque de diminution très importante des concentrations de l'olaparib, et perte d‘efficacité, par augmentation de son métabolisme hépatique par l’apalutamide.",,183
OLAPARIB,CYTOTOXIQUES,olaparib,cytotoxiques,high,ASDEC,Risque de majoration de l’effet myélosuppresseur du cytotoxique,,183
OLAPARIB,DILTIAZEM,olaparib,diltiazem,high,ASDEC,Augmentation des concentrations plasmatiques d’olaparib par le diltiazem.,"Si l’association ne peut être évitée, limiter la dose d’olaparib à 200 mg deux fois par jour.",183
OLAPARIB,FLUCONAZOLE,olaparib,fluconazole,high,ASDEC,Augmentation des concentrations plasmatiques d’olaparib par le fluconazole.,"Si l’association ne peut être évitée, limiter la dose d’olaparib à 200 mg deux fois par jour.",183
OLAPARIB,INDUCTEURS ENZYMATIQUES,olaparib,inducteurs enzymatiques,high,ASDEC,"Diminution, éventuellement très importante selon l’inducteur, des concentrations plasmatiques de l’olaparib par augmentation de son métabolisme hépatique par l’inducteur.",,183
OLAPARIB,INHIBITEURS PUISSANTS DU CYP3A4,olaparib,inhibiteurs puissants du cyp3a4,high,ASDEC,Augmentation des concentrations plasmatiques d’olaparib par l’inhibiteur.,"Si l’association ne peut être évitée, limiter la dose d’olaparib à 150 mg deux fois par jour.",183
OLAPARIB,MILLEPERTUIS,olaparib,millepertuis,critical,CI,"Risque de diminution des concentrations plasmatiques d’olaparib et de son efficacité, par augmentation de son métabolisme par le millepertuis.",,183
OLAPARIB,PAMPLEMOUSSE (JUS ET FRUIT),olaparib,pamplemousse (jus et fruit),high,ASDEC,Risque d’augmentation des effets indésirables de l’olaparib.,,183
OLAPARIB,VERAPAMIL,olaparib,verapamil,high,ASDEC,Augmentation des concentrations plasmatiques d’olaparib par le vérapamil.,"Si l’association ne peut être évitée, limiter la dose d’olaparib à 200 mg deux fois par jour.",184
OMBITASVIR + PARITAPRÉVIR,ACIDE FUSIDIQUE,ombitasvir + paritaprevir,acide fusidique,critical,CI,Augmentation des concentrations plasmatiques de l'acide fusidique par diminution de son métabolisme hépatique par la bithérapie.,,184
OMBITASVIR + PARITAPRÉVIR,ALCALOÏDES DE L'ERGOT DE SEIGLE VASOCONSTRICTEURS,ombitasvir + paritaprevir,alcaloides de l'ergot de seigle vasoconstricteurs,critical,CI,Augmentation des concentrations plasmatiques de l'alcaloïde de l'ergot de seigle vasoconstricteur par diminution de son métabolisme hépatique par la bithérapie.,,184
OMBITASVIR + PARITAPRÉVIR,ALFUZOSINE,ombitasvir + paritaprevir,alfuzosine,critical,CI,Augmentation des concentrations plasmatiques de l'afuzosine par diminution de son métabolisme hépatique par la bithérapie.,,184
OMBITASVIR + PARITAPRÉVIR,AMIODARONE,ombitasvir + paritaprevir,amiodarone,critical,CI,Augmentation des concentrations plasmatiques de l'amiodarone par diminution de son métabolisme hépatique par la bithérapie.,,184
OMBITASVIR + PARITAPRÉVIR,ATORVASTATINE,ombitasvir + paritaprevir,atorvastatine,critical,CI,Augmentation des concentrations plasmatiques de l'atorvastatine par diminution de son métabolisme hépatique par la bithérapie.,,184
OMBITASVIR + PARITAPRÉVIR,COLCHICINE,ombitasvir + paritaprevir,colchicine,critical,CI;ASDEC,Augmentation des concentrations plasmatiques de la colchicine par diminution de son métabolisme hépatique par la bithérapie.,"Contre-indication: - chez les patients insuffisants rénaux et/ou hépatiques. Association déconseillée - chez les patients ayant une fonction rénale et hépatique normale. Si l’association s'avère nécessaire, une réduction de la dose de colchicine ou une interruption du traitement par la colchicine est recommandée.",184
OMBITASVIR + PARITAPRÉVIR,DISOPYRAMIDE,ombitasvir + paritaprevir,disopyramide,critical,CI,Risque d’augmentation des concentrations plasmatiques de disopyramide et de ses effets indésirables.,,184
OMBITASVIR + PARITAPRÉVIR,ETHINYLESTRADIOL,ombitasvir + paritaprevir,ethinylestradiol,critical,CI,Augmentation de l’hépatotoxicité.,,184
OMBITASVIR + PARITAPRÉVIR,EVEROLIMUS,ombitasvir + paritaprevir,everolimus,high,ASDEC,En association avec le ritonavir : augmentation significative des concentrations de l’immunosuppresseur avec risque de majoration de sa toxicité par la bithérapie.,"Si l’association s’avère nécessaire, contrôle strict de la fonction rénale, dosage des concentrations sanguines de l'immunosuppresseur et adaptation éventuelle de la posologie.",184
OMBITASVIR + PARITAPRÉVIR,INDUCTEURS ENZYMATIQUES,ombitasvir + paritaprevir,inducteurs enzymatiques,critical,CI,Diminution des concentrations plasmatiques de la bithérapie par augmentation de son métabolisme hépatique par l’inducteur.,,184
OMBITASVIR + PARITAPRÉVIR,INHIBITEURS PUISSANTS DU CYP3A4,ombitasvir + paritaprevir,inhibiteurs puissants du cyp3a4,critical,CI,Augmentation des concentrations plasmatiques de la bithérapie par diminution de son métabolisme hépatique par l’inhibiteur.,Contre-indication: - sauf avec le ritonavir.,184
OMBITASVIR + PARITAPRÉVIR,MIDAZOLAM,ombitasvir + paritaprevir,midazolam,critical,CI,Augmentation des concentrations plasmatiques du midazolam par diminution de son métabolisme hépatique par la bithérapie.,,184
OMBITASVIR + PARITAPRÉVIR,PIMOZIDE,ombitasvir + paritaprevir,pimozide,critical,CI,Augmentation des concentrations plasmatiques du pimozide par diminution de son métabolisme hépatique par la bithérapie.,,185
OMBITASVIR + PARITAPRÉVIR,QUETIAPINE,ombitasvir + paritaprevir,quetiapine,critical,CI,Augmentation des concentrations plasmatiques de la quétiapine par diminution de son métabolisme hépatique par la bithérapie.,,185
OMBITASVIR + PARITAPRÉVIR,QUINIDINE,ombitasvir + paritaprevir,quinidine,critical,CI,Augmentation des concentrations plasmatiques de la quinidine par diminution de son métabolisme hépatique par la bithérapie.,,185
OMBITASVIR + PARITAPRÉVIR,SALMETEROL,ombitasvir + paritaprevir,salmeterol,critical,CI,Risque d’augmentation des concentrations de salmétérol.,,185
OMBITASVIR + PARITAPRÉVIR,SILDENAFIL,ombitasvir + paritaprevir,sildenafil,critical,CI,Augmentation des concentrations plasmatiques du sildénafil par diminution de son métabolisme hépatique par la bithérapie.,,185
OMBITASVIR + PARITAPRÉVIR,SIMVASTATINE,ombitasvir + paritaprevir,simvastatine,critical,CI,Augmentation des concentrations plasmatiques de la simvastatine par diminution de son métabolisme hépatique par la bithérapie.,,185
OMBITASVIR + PARITAPRÉVIR,SIROLIMUS,ombitasvir + paritaprevir,sirolimus,high,ASDEC,En association avec le ritonavir : augmentation significative des concentrations de l’immunosuppresseur avec risque de majoration de sa toxicité par la bithérapie.,"Si l’association s’avère nécessaire, contrôle strict de la fonction rénale, dosage des concentrations sanguines de l'immunosuppresseur et adaptation éventuelle de la posologie.",185
OMBITASVIR + PARITAPRÉVIR,TACROLIMUS,ombitasvir + paritaprevir,tacrolimus,high,ASDEC,En association avec le ritonavir : augmentation significative des concentrations de l’immunosuppresseur avec risque de majoration de sa toxicité par la bithérapie.,"Si l’association s’avère nécessaire, contrôle strict de la fonction rénale, dosage des concentrations sanguines de l'immunosuppresseur et adaptation éventuelle de la posologie.",185
OMBITASVIR + PARITAPRÉVIR,TICAGRELOR,ombitasvir + paritaprevir,ticagrelor,critical,CI,Augmentation des concentrations plasmatiques du ticagrélor par diminution de son métabolisme hépatique par la bithérapie.,,185
OMEPRAZOLE,ANAGRELIDE,omeprazole,anagrelide,low,APEC,Risque de moindre efficacité de l'anagrélide par augmentation de son métabolisme par l'oméprazole.,Préférer un autre inhibiteur de la pompe à protons.,185
OMEPRAZOLE,APALUTAMIDE,omeprazole,apalutamide,high,ASDEC,"Risque de diminution très importante des concentrations de l'oméprazole, et perte d‘efficacité, par augmentation de son métabolisme hépatique par l’apalutamide.",,185
OMEPRAZOLE,DIGOXINE,omeprazole,digoxine,moderate,PE,Augmentation modérée de la digoxinémie par majoration de son absorption par l'oméprazole.,"Surveillance clinique, ECG et de la digoxinémie, particulièrement chez le sujet âgé.",185
OMEPRAZOLE,ESCITALOPRAM,omeprazole,escitalopram,moderate,PE,"Risque majoré de troubles du rythme ventriculaire, notamment de torsades de pointes.",Surveillance clinique et électrocardiographique pendant l'association.,185
OMEPRAZOLE,TACROLIMUS,omeprazole,tacrolimus,moderate,PE,Augmentation des concentrations sanguines du tacrolimus.,"Dosage des concentrations sanguines du tacrolimus, contrôle de la fonction rénale et adaptation de la posologie pendant l'association et après son arrêt.",185
ONDANSETRON,SUBSTANCES SUSCEPTIBLES DE DONNER DES TORSADES DE POINTES,ondansetron,substances susceptibles de donner des torsades de pointes,moderate,PE,"Risque majoré de troubles du rythme ventriculaire, notamment de torsades de pointes.",Surveillance clinique et électrocardiographique pendant l'association.,186
ONDANSETRON,TRAMADOL,ondansetron,tramadol,low,APEC,Diminution de l’intensité et de la durée de l’effet analgésique du tramadol et risque de diminution de l’effet antiémétique de l’ondansétron.,,186
OR,INHIBITEURS DE L'ENZYME DE CONVERSION,or,inhibiteurs de l'enzyme de conversion,low,APEC,"Avec les sels d'or administrés par voie IV : risque de réaction «nitritoïde» à l’introduction de l’IEC (nausées, vomissements, effets vasomoteurs à type de flush, hypotension, éventuellement collapsus).",,186
ORGANOPLATINES,AMINOSIDES,organoplatines,aminosides,low,APEC,"Addition des effets néphrotoxiques et/ou ototoxiques, notamment en cas d'insuffisance rénale préalable.",,186
ORGANOPLATINES,DIURÉTIQUES DE L'ANSE,organoplatines,diuretiques de l'anse,low,APEC,Risque d’addition des effets ototoxiques et/ou néphrotoxiques.,,186
ORLISTAT,AMIODARONE,orlistat,amiodarone,moderate,PE,Risque de diminution des concentrations plasmatiques de l'amiodarone et de son métabolite actif.,"Surveillance clinique et, si besoin, ECG.",186
ORLISTAT,ANTIDÉPRESSEURS IMIPRAMINIQUES,orlistat,antidepresseurs imipraminiques,low,APEC,Risque d'échec thérapeutique en cas de traitement concomitant par orlistat.,,186
ORLISTAT,ANTIVITAMINES K,orlistat,antivitamines k,moderate,PE,Augmentation de l'effet de l'antivitamine K et du risque hémorragique.,Contrôle plus fréquent de l'INR. Adaptation éventuelle de la posologie de l'antivitamine K pendant le traitement par l'orlistat et après son arrêt.,186
ORLISTAT,CICLOSPORINE,orlistat,ciclosporine,high,ASDEC,"Diminution des concentrations sanguines de ciclosporine par diminution de son absorption intestinale, avec risque de perte de l'activité immunosuppressive.","Prendre l'orlistat à distance de la ciclosporine (au moins 3 heures). Contrôle renforcé des dosages sanguins de ciclosporine, notamment en début d’association, et lors d’augmentation éventuelle de la posologie de l’orlistat.",186
ORLISTAT,HORMONES THYROÏDIENNES,orlistat,hormones thyroidiennes,low,APEC,Risque de déséquilibre du traitement thyroïdien substitutif en cas de traitement par orlistat.,,186
ORLISTAT,INHIBITEURS SÉLECTIFS DE LA RECAPTURE DE LA SÉROTONINE,orlistat,inhibiteurs selectifs de la recapture de la serotonine,low,APEC,Risque d'échec thérapeutique en cas de traitement concomitant par orlistat.,,186
ORLISTAT,LITHIUM,orlistat,lithium,low,APEC,Risque d'échec thérapeutique en cas de traitement concomitant par orlistat.,,186
ORLISTAT,MÉDICAMENTS MIXTES ADRÉNERGIQUES-SÉROTONINERGIQUES,orlistat,medicaments mixtes adrenergiques-serotoninergiques,low,APEC,Risque d'échec thérapeutique en cas de traitement concomitant par orlistat.,,186
ORLISTAT,NEUROLEPTIQUES,orlistat,neuroleptiques,low,APEC,Risque d'échec thérapeutique en cas de traitement concomitant par orlistat.,,187
ORLISTAT,VITAMINE D,orlistat,vitamine d,low,APEC,Diminution de l'absorption de la vitamine D.,,187
ORNIDAZOLE,"FLUOROURACILE (ET, PAR EXTRAPOLATION, AUTRES FLUOROPYRIMIDINES)",ornidazole,"fluorouracile (et, par extrapolation, autres fluoropyrimidines)",low,APEC,Augmentation de la toxicité du fluoro-uracile par diminution de sa clairance.,,187
OXCARBAZEPINE,ESTROGÈNES NON CONTRACEPTIFS,oxcarbazepine,estrogenes non contraceptifs,moderate,PE,"Risque de diminution de l'efficacité du traitement hormonal, par augmentation de son métabolisme hépatique par l'oxcarbazépine.",Surveillance clinique et adaptation éventuelle de la posologie du traitement hormonal pendant le traitement par l'oxcarbazépine et après son arrêt.,187
OXCARBAZEPINE,LAMOTRIGINE,oxcarbazepine,lamotrigine,moderate,PE,"Diminution des concentrations de la lamotrigine avec risque de moindre efficacité, par augmentation de son métabolisme hépatique par l'oxcarbazépine.","Surveillance clinique et contrôle des concentrations plasmatiques, avec adaptation de la posologie de la lamotrigine si besoin.",187
OXCARBAZEPINE,LÉNACAPAVIR,oxcarbazepine,lenacapavir,critical,CI,"Diminution, éventuellement considérable, des concentrations de lénacapavir, avec risque de réduction de la réponse virologique.",,187
OXCARBAZEPINE,PÉRAMPANEL,oxcarbazepine,perampanel,low,APEC,Diminution de moitié des concentrations de pérampanel et légère augmentation de celles de l’oxcarbazépine.,,187
OXCARBAZEPINE,TOPIRAMATE,oxcarbazepine,topiramate,moderate,PE,"Risque de diminution des concentrations du topiramate avec risque de moindre efficacité, par augmentation de son métabolisme hépatique par l'oxcarbazépine.","Surveillance clinique, et si besoin, adaptation posologique du topiramate pendant le traitement par l'oxcarbazépine et après son arrêt.",187
OXCARBAZEPINE,VELPATASVIR,oxcarbazepine,velpatasvir,high,ASDEC,"Risque de diminution des concentrations de velpatasvir/sofosbuvir, avec possible retentissement sur l’efficacité.",,187
OXPRENOLOL,ERGOTAMINE,oxprenolol,ergotamine,moderate,PE,Ergotisme : quelques cas de spasme artériel avec ischémie des extrémités ont été observés (addition d'effets vasculaires).,"Surveillance clinique renforcée, en particulier pendant les premières semaines de l'association.",187
OXYBATE DE SODIUM,BARBITURIQUES,oxybate de sodium,barbituriques,critical,CI,"Risque majoré de dépression respiratoire, pouvant être fatale en cas de surdosage.",,187
OXYBATE DE SODIUM,MORPHINIQUES,oxybate de sodium,morphiniques,critical,CI,"Risque majoré de dépression respiratoire, pouvant être fatale en cas de surdosage.",,187
OXYCODONE,FLUCONAZOLE,oxycodone,fluconazole,high,ASDEC,"Majoration des effets indésirables, notamment respiratoires, de l’oxycodone par diminution de son métabolisme hépatique par le fluconazole.",,188
OXYCODONE,INDUCTEURS ENZYMATIQUES,oxycodone,inducteurs enzymatiques,high,ASDEC,Diminution des concentrations plasmatiques de l’oxycodone par augmentation de son métabolisme par l’inducteur.,Adaptation éventuelle de la posologie d’oxycodone .,188
OXYCODONE,INHIBITEURS PUISSANTS DU CYP3A4,oxycodone,inhibiteurs puissants du cyp3a4,high,ASDEC,"Majoration des effets indésirables, notamment respiratoires, de l’oxycodone par diminution de son métabolisme par l'inhibiteur.",Surveillance clinique et adaptation éventuelle de la posologie de l’oxycodone pendant le traitement par l'inhibiteur et après son arrêt.,188
OXYCODONE,MILLEPERTUIS,oxycodone,millepertuis,high,ASDEC,Diminution des concentrations plasmatiques de l’oxycodone par augmentation de son métabolisme par le millepertuis.,Adaptation éventuelle de la posologie de l’oxycodone .,188
OZANIMOD,BRADYCARDISANTS,ozanimod,bradycardisants,high,ASDEC,Potentialisation des effets bradycardisants pouvant avoir des conséquences fatales. Les bêta-bloquants sont d’autant plus à risque qu’ils empêchent les mécanismes de compensation adrénergique.,Surveillance clinique et ECG pendant au moins 6 heures.,188
OZANIMOD,CICLOSPORINE,ozanimod,ciclosporine,high,ASDEC,Risque d’augmentation des effets indésirables de l’ozanimod.,,188
OZANIMOD,CLOPIDOGREL,ozanimod,clopidogrel,low,APEC,Risque d’augmentation des concentrations des métabolites actifs de l’onazimod.,,188
OZANIMOD,ELTROMBOPAG,ozanimod,eltrombopag,high,ASDEC,Risque d’augmentation des effets indésirables de l’ozanimod.,,188
OZANIMOD,GEMFIBROZIL,ozanimod,gemfibrozil,low,APEC,Augmentation des concentrations des métabolites actifs de l’onazimod.,,188
OZANIMOD,INDUCTEURS ENZYMATIQUES PUISSANTS,ozanimod,inducteurs enzymatiques puissants,high,ASDEC,Diminution des concentrations des métabolites actifs de l’ozanimod d’environ 60%.,,188
OZANIMOD,RIFAMPICINE,ozanimod,rifampicine,high,ASDEC,Diminution des concentrations des métabolites actifs de l’ozanimod d’environ 60%.,,188
P A S SODIQUE,TENOFOVIR ALAFÉNAMIDE,p a s sodique,tenofovir alafenamide,low,APEC,Diminution des deux tiers de l’exposition du ténofovir avec une formulation de PAS calcique.,,188
P A S SODIQUE,TENOFOVIR DISOPROXIL,p a s sodique,tenofovir disoproxil,low,APEC,Diminution des deux tiers de l’exposition du ténofovir avec une formulation de PAS calcique.,,188
PACLITAXEL,AMIODARONE,paclitaxel,amiodarone,moderate,PE,Risque de majoration des effets indésirables du paclitaxel par diminution de son métabolisme hépatique par l’amiodarone.,Surveillance clinique et adaptation éventuelle de la posologie du paclitaxel.,189
PACLITAXEL,CLOPIDOGREL,paclitaxel,clopidogrel,low,APEC,"Augmentation des concentrations du paclitaxel par le clopidogrel, avec risque de majoration des effets indésirables.",,189
PACLITAXEL,DEFERASIROX,paclitaxel,deferasirox,moderate,PE,Risque d’augmentation des concentrations plasmatiques du paclitaxel par inhibition de son métabolisme hépatique par le deferasirox.,Surveillance clinique et biologique étroite.,189
PACLITAXEL,GEMFIBROZIL,paclitaxel,gemfibrozil,moderate,PE,Risque d’augmentation des concentrations plasmatiques du paclitaxel par inhibition de son métabolisme hépatique par le gemfibrozil.,Surveillance clinique et biologique étroite et adaptation de la posologie du paclitaxel pendant l’association.,189
PACLITAXEL,INDUCTEURS ENZYMATIQUES,paclitaxel,inducteurs enzymatiques,high,ASDEC,"Diminution des concentrations du cytotoxique par augmentation de son métabolisme par l’inducteur, avec risque de moindre efficacité.",,189
PACLITAXEL,MILLEPERTUIS,paclitaxel,millepertuis,critical,CI,Risque de moindre efficacité du taxane par augmentation de son métabolisme par le millepertuis.,,189
PACLITAXEL,TRIMETHOPRIME,paclitaxel,trimethoprime,moderate,PE,Risque d’augmentation des concentrations plasmatiques du paclitaxel par inhibition de son métabolisme hépatique par le triméthoprime.,Surveillance clinique et biologique étroite et adaptation de la posologie du paclitaxel pendant l’association.,189
PAMPLEMOUSSE (JUS ET FRUIT),ATORVASTATINE,pamplemousse (jus et fruit),atorvastatine,low,APEC,"Augmentation des concentrations plasmatiques de l'hypolipémiant, avec risque de survenue d'effets indésirables, notamment musculaires.",,189
PAMPLEMOUSSE (JUS ET FRUIT),AVANAFIL,pamplemousse (jus et fruit),avanafil,high,ASDEC,"Augmentation des concentrations plasmatiques de l'avanafil, avec risque d’hypotension.",,189
PAMPLEMOUSSE (JUS ET FRUIT),BUSPIRONE,pamplemousse (jus et fruit),buspirone,low,APEC,Risque de majoration des effets indésirables de la buspirone par diminution de son métabolisme par le pamplemousse.,,189
PAMPLEMOUSSE (JUS ET FRUIT),CARBAMAZEPINE,pamplemousse (jus et fruit),carbamazepine,high,ASDEC,"Augmentation des concentrations plasmatiques de carbamazépine, avec risque de surdosage, par inhibition de son métabolisme par le pamplemousse.",,189
PAMPLEMOUSSE (JUS ET FRUIT),DRONEDARONE,pamplemousse (jus et fruit),dronedarone,high,ASDEC,Augmentation des concentrations de dronédarone par inhibition de son métabolisme par le pamplemousse.,,189
PAMPLEMOUSSE (JUS ET FRUIT),HALOFANTRINE,pamplemousse (jus et fruit),halofantrine,high,ASDEC,"Risque majoré de troubles du rythme ventriculaire, notamment de torsades de pointes.",,189
PAMPLEMOUSSE (JUS ET FRUIT),IMMUNOSUPPRESSEURS,pamplemousse (jus et fruit),immunosuppresseurs,high,ASDEC,Augmentation de la biodisponibilité de l’immunosuppresseur et par conséquent de ses effets indésirables.,,190
PAMPLEMOUSSE (JUS ET FRUIT),IVABRADINE,pamplemousse (jus et fruit),ivabradine,high,ASDEC,Augmentation des concentrations plasmatiques de l’ivabradine et de ses effets indésirables (inhibition de son métabolisme intestinal par le pamplemousse).,,190
PAMPLEMOUSSE (JUS ET FRUIT),IVACAFTOR (SEUL OU ASSOCIÉ),pamplemousse (jus et fruit),ivacaftor (seul ou associe),high,ASDEC,Risque d’augmentation des concentrations plasmatiques d’ivacaftor par le jus de pamplemousse.,,190
PAMPLEMOUSSE (JUS ET FRUIT),LERCANIDIPINE,pamplemousse (jus et fruit),lercanidipine,low,APEC,"Risque majoré d'effets indésirables, notamment d'oedèmes, par diminution du métabolisme intestinal de la dihydropyridine.",,190
PAMPLEMOUSSE (JUS ET FRUIT),LURASIDONE,pamplemousse (jus et fruit),lurasidone,high,ASDEC,Augmentation des concentrations plasmatiques de la lurasidone par diminution de son métabolisme par le pamplemousse.,,190
PAMPLEMOUSSE (JUS ET FRUIT),NALOXEGOL,pamplemousse (jus et fruit),naloxegol,high,ASDEC,Risque d’augmentation des effets indésirables du naloxegol par le pamplemousse.,,190
PAMPLEMOUSSE (JUS ET FRUIT),OLAPARIB,pamplemousse (jus et fruit),olaparib,high,ASDEC,Risque d’augmentation des effets indésirables de l’olaparib.,,190
PAMPLEMOUSSE (JUS ET FRUIT),RÉGORAFÉNIB,pamplemousse (jus et fruit),regorafenib,high,ASDEC,Augmentation des concentrations plasmatiques de régorafenib par diminution de son métabolisme hépatique par le pamplemousse.,,190
PAMPLEMOUSSE (JUS ET FRUIT),SERTRALINE,pamplemousse (jus et fruit),sertraline,high,ASDEC,Augmentation parfois importante des concentrations de l’antidépresseur chez certains patients par diminution de son métabolisme intestinal.,,190
PAMPLEMOUSSE (JUS ET FRUIT),SIMVASTATINE,pamplemousse (jus et fruit),simvastatine,high,ASDEC,"Augmentation considérable des concentrations plasmatiques de l'hypolipémiant, avec risque de survenue d'effets indésirables, notamment musculaires.",,190
PAMPLEMOUSSE (JUS ET FRUIT),TICAGRELOR,pamplemousse (jus et fruit),ticagrelor,high,ASDEC,"Doublement des concentrations plasmatiques de l'antiagrégant, avec risque de majoration des effets indésirables, notamment hémorragiques.",,190
PAMPLEMOUSSE (JUS ET FRUIT),TOLVAPTAN,pamplemousse (jus et fruit),tolvaptan,high,ASDEC,"Augmentation importante (entre 2 à 5 fois en moyenne) des concentrations de tolvaptan, avec risque de majoration importante des effets indésirables, notamment diurèse importante, déshydratation, insuffisance rénale aiguë.",,190
PAMPLEMOUSSE (JUS ET FRUIT),VARDENAFIL,pamplemousse (jus et fruit),vardenafil,high,ASDEC,"Augmentation des concentrations plasmatiques du vardénafil, avec risque d’hypotension.",,190
PAMPLEMOUSSE (JUS ET FRUIT),VÉNÉTOCLAX,pamplemousse (jus et fruit),venetoclax,high,ASDEC,"Augmentation des concentrations de vénétoclax, avec risque de majoration des effets indésirables.",,190
PAMPLEMOUSSE (JUS ET FRUIT),VERAPAMIL,pamplemousse (jus et fruit),verapamil,low,APEC,"Augmentation des concentrations plasmatiques de vérapamil, avec risque de survenue d’effets indésirables.",,190
PANOBINOSTAT,INHIBITEURS PUISSANTS DU CYP3A4,panobinostat,inhibiteurs puissants du cyp3a4,moderate,PE,"Risque de majoration des effets indésirables, notamment cardiaques, du panobinostat par diminution de son métabolisme par l’inhibiteur.",Surveillance clinique et ECG. Débuter le traitement à dose réduite de moitié (10 mg).,191
PARACETAMOL,ANTIVITAMINES K,paracetamol,antivitamines k,moderate,PE,Risque d’augmentation de l’effet de l’antivitamine K et du risque hémorragique en cas de prise de paracétamol aux doses maximales (4 g/j) pendant au moins 4 jours.,Contrôle plus fréquent de l’INR. Adaptation éventuelle de la posologie de l’antivitamine K pendant le traitement par le paracétamol et après son arrêt.,191
PARACETAMOL,FLUCLOXACILLINE,paracetamol,flucloxacilline,high,ASDEC,"Risque accru d'acidose métabolique à trou anionique élevé, notamment en cas d'insuffisance rénale sévère, de sepsis, de facteurs prédisposant à la déplétion en glutathion (malnutrition, alcoolisme chronique…), ainsi qu’en cas d’utilisation de paracétamol aux doses quotidiennes maximales.","Si l’association ne peut être évitée, surveillance étroite avec mesure de la 5-oxoproline urinaire.",191
PAROXETINE,CARBAMAZEPINE,paroxetine,carbamazepine,moderate,PE,Augmentation des concentrations plasmatiques de carbamazépine avec signes de surdosage.,"Surveillance clinique, contrôle des concentrations plasmatiques de carbamazépine et réduction éventuelle de la posologie de la carbamazépine pendant le traitement par l'antidépresseur sérotoninergique et après son arrêt.",191
PAROXETINE,CODEINE,paroxetine,codeine,high,ASDEC,Diminution de l’efficacité de l’opiacé par inhibition de son métabolisme par l’inhibiteur.,,191
PAROXETINE,MEQUITAZINE,paroxetine,mequitazine,high,ASDEC,"Risque de majoration des effets indésirables de la méquitazine, par inhibition de son métabolisme par l’inhibiteur enzymatique.",,191
PAROXETINE,METOPROLOL,paroxetine,metoprolol,moderate,PE,"Risque de majoration des effets indésirables du métoprolol, avec notamment bradycardie excessive, par inhibition de son métabolisme par la paroxétine.","Surveillance clinique accrue ; si besoin, adaptation de la posologie du métoprolol pendant la durée du traitement par la paroxétine et après son arrêt.",191
PAROXETINE,NEBIVOLOL,paroxetine,nebivolol,moderate,PE,"Risque de majoration des effets indésirables du nébivolol avec notamment bradycardie excessive, par inhibition de son métabolisme par l’antidépresseur.","Surveillance clinique accrue ; si besoin, adaptation de la posologie du nébivolol pendant la durée du traitement par l’antidépresseur et après son arrêt.",191
PAROXETINE,PIMOZIDE,paroxetine,pimozide,critical,CI,"Risque majoré de troubles du rythme ventriculaire, notamment de torsades de pointes.",,191
PAROXETINE,RISPERIDONE,paroxetine,risperidone,moderate,PE,"Augmentation de la fraction active de la rispéridone par diminution de son métabolisme hépatique par la paroxétine, avec risque de majoration des effets indésirables.","Surveillance clinique et, si besoin, adaptation posologique de la rispéridone.",191
PAROXETINE,TAMOXIFENE,paroxetine,tamoxifene,high,ASDEC,"Baisse de l’efficacité du tamoxifène, par inhibition de la formation de son métabolite actif par la paroxétine.",,191
PAROXETINE,TETRABENAZINE,paroxetine,tetrabenazine,critical,CI,Augmentation possiblement très importante de l’exposition des métabolites actifs de la tétrabénazine.,,191
PAROXETINE,TRAMADOL,paroxetine,tramadol,high,ASDEC,Diminution de l’efficacité de l’opiacé par inhibition de son métabolisme par l’inhibiteur.,,191
PEFLOXACINE,"THÉOPHYLLINE (ET, PAR EXTRAPOLATION, AMINOPHYLLINE)",pefloxacine,"theophylline (et, par extrapolation, aminophylline)",moderate,PE,Augmentation de la théophyllinémie avec risque de surdosage (diminution du métabolisme de la théophylline).,Surveillance clinique et éventuellement de la théophyllinémie.,192
PEG-INTERFERON ALFA-2A,TELBIVUDINE,peg-interferon alfa-2a,telbivudine,critical,CI,Risque majoré de neuropathies périphériques.,,192
PEMETREXED,ACIDE ACETYLSALICYLIQUE,pemetrexed,acide acetylsalicylique,high,ASDEC;PE,Risque de majoration de la toxicité du pemetrexed (diminution de sa clairance rénale par l’acide acétylsalicylique à doses anti- inflammatoires).,Association déconseillée : - en cas de fonction rénale faible à modérée . Précaution d'emploi : - en cas de fonction rénale normale. Surveillance biologique de la fonction rénale.,192
PEMETREXED,ANTI-INFLAMMATOIRES NON STÉROÏDIENS,pemetrexed,anti-inflammatoires non steroidiens,high,ASDEC;PE,Risque de majoration de la toxicité du pemetrexed (diminution de sa clairance rénale par les AINS).,Association déconseillée : - en cas de fonction rénale faible à modérée. Précaution d'emploi : - en cas de fonction rénale normale. Surveillance biologique de la fonction rénale.,192
PÉNEMS,"VALPROÏQUE (ACIDE) ET, PAR EXTRAPOLATION, VALPROMIDE",penems,"valproique (acide) et, par extrapolation, valpromide",high,ASDEC,"Risque de survenue de crises convulsives, par diminution rapide des concentrations plasmatiques de l’acide valproïque, pouvant devenir indétectables.",,192
PENICILLAMINE,FER,penicillamine,fer,moderate,PE,Diminution de l'absorption digestive de la pénicillamine.,"Prendre les sels de fer à distance de la pénicillamine (plus de 2 heures, si possible).",192
PÉNICILLINES,METHOTREXATE,penicillines,methotrexate,high,ASDEC,Augmentation des effets et de la toxicité hématologique du méthotrexate : inhibition de la sécrétion tubulaire rénale du méthotrexate par les pénicillines.,,192
PÉNICILLINES A,ALLOPURINOL,penicillines a,allopurinol,low,APEC,Risque accru de réactions cutanées.,,192
PÉNICILLINES A,MYCOPHENOLATE MOFETIL,penicillines a,mycophenolate mofetil,low,APEC,"Diminution des concentrations de l’acide mycophénolique d’environ un tiers, avec risque potentiel de baisse d’efficacité.",,192
PENTAMIDINE,DIDANOSINE,pentamidine,didanosine,moderate,PE,Risque majoré de survenue de pancréatite par addition d'effets indésirables.,Surveillance de l'amylasémie. Ne pas associer si l'amylasémie est à la limite supérieure de la normale.,193
PENTAMIDINE,FOSCARNET,pentamidine,foscarnet,moderate,PE,Risque d'hypocalcémie sévère.,Surveillance de la calcémie et supplémentation si nécessaire.,193
PENTAMIDINE,STAVUDINE,pentamidine,stavudine,moderate,PE,Risque majoré de survenue de neuropathies périphériques par addition d'effets indésirables.,"Surveillance clinique et biologique régulière, notamment en début d'association.",193
PENTOSTATINE,CYCLOPHOSPHAMIDE,pentostatine,cyclophosphamide,high,ASDEC,Majoration du risque de toxicité pulmonaire pouvant être fatale.,,193
PENTOSTATINE,FLUDARABINE,pentostatine,fludarabine,high,ASDEC,Majoration du risque de toxicité pulmonaire pouvant être fatale.,,193
PENTOXIFYLLINE,ANTIVITAMINES K,pentoxifylline,antivitamines k,moderate,PE,Augmentation du risque hémorragique.,Contrôle plus fréquent de l'INR. Adaptation éventuelle de la posologie de l'antivitamine K pendant le traitement par la pentoxifylline et 8 jours après son arrêt.,193
PENTOXIFYLLINE,COBIMÉTINIB,pentoxifylline,cobimetinib,moderate,PE,Augmentation du risque hémorragique.,Surveillance clinique.,193
PENTOXIFYLLINE,"THÉOPHYLLINE (ET, PAR EXTRAPOLATION, AMINOPHYLLINE)",pentoxifylline,"theophylline (et, par extrapolation, aminophylline)",moderate,PE,Augmentation de la théophyllinémie avec risque de surdosage (compétition au niveau du métabolisme hépatique de la théophylline).,"Surveillance clinique et éventuellement de la théophyllinémie ; s'il y a lieu, adaptation de la posologie de la théophylline pendant le traitement par la pentoxifylline et après son arrêt.",193
PÉRAMPANEL,CYPROTERONE,perampanel,cyproterone,high,ASDEC,"Pour des doses de pérampanel > ou = à 12 mg/jour, risque de diminution de l'efficacité de la cyprotérone.","Dans son utilisation comme contraceptif hormonal: utiliser de préférence une autre méthode de contraception en particulier de type mécanique, pendant la durée de l'association et un cycle suivant.",193
PÉRAMPANEL,INDUCTEURS ENZYMATIQUES PUISSANTS,perampanel,inducteurs enzymatiques puissants,low,APEC,Diminution importante (jusqu’aux deux-tiers) des concentrations de pérampanel.,,193
PÉRAMPANEL,OXCARBAZEPINE,perampanel,oxcarbazepine,low,APEC,Diminution de moitié des concentrations de pérampanel et légère augmentation de celles de l’oxcarbazépine.,,193
PÉRAMPANEL,PROGESTATIFS CONTRACEPTIFS,perampanel,progestatifs contraceptifs,high,ASDEC,Pour des doses de pérampanel >= 12 mg/jour : Risque de diminution de l’efficacité contraceptive.,"Utiliser de préférence une autre méthode contraceptive, en particulier de type mécanique.",193
PÉRAMPANEL,RIFAMPICINE,perampanel,rifampicine,low,APEC,Diminution importante (jusqu’aux deux-tiers) des concentrations de pérampanel.,,194
PETHIDINE,IMAO IRRÉVERSIBLES,pethidine,imao irreversibles,critical,CI,"Risque d'apparition d'un syndrome sérotoninergique : diarrhée, tachycardie, sueurs, tremblements, confusion voire coma.",,194
PETHIDINE,"IMAO-A RÉVERSIBLES, Y COMPRIS OXAZOLIDINONES ET BLEU DE MÉTHYLÈNE",pethidine,"imao-a reversibles, y compris oxazolidinones et bleu de methylene",critical,CI,"Risque d'apparition d'un syndrome sérotoninergique : diarrhée, tachycardie, sueurs, tremblements, confusion voire coma.",,194
PETHIDINE,IMAO-B,pethidine,imao-b,critical,CI,"Manifestations d'excitation centrale évoquant un syndrome sérotoninergique : diarrhée, tachycardie, sueurs, tremblements, confusion voire coma.",,194
"PHÉNOBARBITAL (ET, PAR EXTRAPOLATION, PRIMIDONE)",ACIDE CHOLIQUE,"phenobarbital (et, par extrapolation, primidone)",acide cholique,critical,CI,Effet antagoniste du barbiturique.,,194
"PHÉNOBARBITAL (ET, PAR EXTRAPOLATION, PRIMIDONE)",CARBAMAZEPINE,"phenobarbital (et, par extrapolation, primidone)",carbamazepine,low,APEC,Diminution progressive des concentrations plasmatiques de carbamazépine et de son métabolite actif sans modification apparente de l'efficacité anticomitiale.,Prudence quant à l'interprétation des concentrations plasmatiques.,194
"PHÉNOBARBITAL (ET, PAR EXTRAPOLATION, PRIMIDONE)",FELBAMATE,"phenobarbital (et, par extrapolation, primidone)",felbamate,moderate,PE,"Diminution des concentrations plasmatiques et de l'efficacité du felbamate et augmentation des concentrations plasmatiques du phénobarbital, avec risque de surdosage.",Surveillance clinique et contrôle des concentrations plasmatiques de phénobarbital avec adaptation de la posologie si besoin.,194
"PHÉNOBARBITAL (ET, PAR EXTRAPOLATION, PRIMIDONE)",FOLATES,"phenobarbital (et, par extrapolation, primidone)",folates,moderate,PE,"Diminution des concentrations plasmatiques du phénobarbital, par augmentation de son métabolisme dont les folates représentent un des cofacteurs.","Surveillance clinique, contrôle des concentrations plasmatiques, et adaptation, s'il y a lieu, de la posologie du phénobarbital pendant la supplémentation folique et après son arrêt.",194
"PHÉNOBARBITAL (ET, PAR EXTRAPOLATION, PRIMIDONE)",IFOSFAMIDE,"phenobarbital (et, par extrapolation, primidone)",ifosfamide,high,ASDEC,Risque de majoration de la neurotoxicité de l'ifosfamide par augmentation de son métabolisme hépatique par le phénobarbital.,,194
"PHÉNOBARBITAL (ET, PAR EXTRAPOLATION, PRIMIDONE)",METOPROLOL,"phenobarbital (et, par extrapolation, primidone)",metoprolol,low,APEC,Diminution des concentrations plasmatiques du métoprolol avec réduction de ses effets cliniques (augmentation de son métabolisme hépatique).,,194
"PHÉNOBARBITAL (ET, PAR EXTRAPOLATION, PRIMIDONE)","PHÉNYTOÏNE (ET, PAR EXTRAPOLATION, FOSPHÉNYTOÏNE)","phenobarbital (et, par extrapolation, primidone)","phenytoine (et, par extrapolation, fosphenytoine)",low,APEC,"En cas de traitement antérieur par le phénobarbital ou la primidone, et adjonction de phénytoïne, augmentation des concentrations plasmatiques de phénobarbital pouvant entraîner des signes toxiques (inhibition du métabolisme par compétition). En cas de traitement antérieur par la phénytoïne et adjonction de phénobarbital ou de primidone, variations imprévisibles : - les concentrations plasmatiques de phénytoïne sont le plus souvent diminuées (augmentation du métabolisme) sans que cette diminution affecte défavorablement l'activité anticonvulsivante. A l'arrêt du phénobarbital ou de la primidone, possibilité d'effets toxiques de la phénytoïne - il peut arriver que les concentrations de phénytoïne soient augmentées (inhibition du métabolisme par compétition).",,194
"PHÉNOBARBITAL (ET, PAR EXTRAPOLATION, PRIMIDONE)",PROPRANOLOL,"phenobarbital (et, par extrapolation, primidone)",propranolol,low,APEC,Diminution des concentrations plasmatiques du propranolol avec réduction de ses effets cliniques (augmentation de son métabolisme hépatique).,,194
"PHÉNOBARBITAL (ET, PAR EXTRAPOLATION, PRIMIDONE)","VALPROÏQUE (ACIDE) ET, PAR EXTRAPOLATION, VALPROMIDE","phenobarbital (et, par extrapolation, primidone)","valproique (acide) et, par extrapolation, valpromide",moderate,PE,"Augmentation de l'hyperammoniémie, avec risque accru d'encéphalopathie.",Surveillance clinique et biologique régulière.,195
"PHÉNYTOÏNE (ET, PAR EXTRAPOLATION, FOSPHÉNYTOÏNE)",AMIODARONE,"phenytoine (et, par extrapolation, fosphenytoine)",amiodarone,high,ASDEC,"Majoration du risque de troubles du rythme ventriculaire par potentialisation des effets antiarythmiques, ainsi que des effets indésirables neurologiques, par diminution du métabolisme hépatique de la phénytoïne par l’amiodarone.",,195
"PHÉNYTOÏNE (ET, PAR EXTRAPOLATION, FOSPHÉNYTOÏNE)",CARBAMAZEPINE,"phenytoine (et, par extrapolation, fosphenytoine)",carbamazepine,low,APEC,Réduction réciproque des concentrations plasmatiques (augmentation du métabolisme sans modification apparente de l'efficacité anticomitiale).,Prudence dans l'interprétation des concentrations plasmatiques.,195
"PHÉNYTOÏNE (ET, PAR EXTRAPOLATION, FOSPHÉNYTOÏNE)",CIMETIDINE,"phenytoine (et, par extrapolation, fosphenytoine)",cimetidine,high,ASDEC,Avec la cimétidine utilisée à des doses supérieures ou égales à 800 mg/j : augmentation des concentrations plasmatiques de phénytoïne avec possibilité d'apparition des signes habituels de surdosage.,"Si l'association ne peut être évitée, surveillance clinique étroite, dosage des concentrations plasmatiques de phénytoïne et adaptation éventuelle de sa posologie pendant le traitement par la cimétidine et après son arrêt.",195
"PHÉNYTOÏNE (ET, PAR EXTRAPOLATION, FOSPHÉNYTOÏNE)",CIPROFLOXACINE,"phenytoine (et, par extrapolation, fosphenytoine)",ciprofloxacine,moderate,PE,"Variation, éventuellement importante, des concentrations de phénytoïne en cas de traitement par la ciprofloxacine.",Surveillance clinique et contrôle des concentrations plasmatiques de l’anticonvulsivant pendant le traitement par ciprofloxacine et après son arrêt.,195
"PHÉNYTOÏNE (ET, PAR EXTRAPOLATION, FOSPHÉNYTOÏNE)",CLOPIDOGREL,"phenytoine (et, par extrapolation, fosphenytoine)",clopidogrel,moderate,PE,Augmentation des concentrations plasmatiques de phénytoïne avec signes de surdosage (inhibition du métabolisme de la,Surveillance clinique et contrôle des concentrations plasmatiques de phénytoïne.,195
"PHÉNYTOÏNE (ET, PAR EXTRAPOLATION, FOSPHÉNYTOÏNE)",CYTOTOXIQUES,"phenytoine (et, par extrapolation, fosphenytoine)",cytotoxiques,high,ASDEC,"Risque de survenue de convulsions par diminution de l'absorption digestive de la seule phénytoïne par le cytotoxique, ou bien risque de majoration de la toxicité ou de perte d'efficacité du cytotoxique par augmentation de son métabolisme hépatique par la phénytoïne ou la fosphénytoïne.",,195
"PHÉNYTOÏNE (ET, PAR EXTRAPOLATION, FOSPHÉNYTOÏNE)",DIAZEPAM,"phenytoine (et, par extrapolation, fosphenytoine)",diazepam,moderate,PE,"Variations imprévisibles : les concentrations plasmatiques de phénytoïne peuvent augmenter, avec signes de surdosage, mais aussi diminuer ou rester stables.",Surveillance clinique et contrôle des concentrations plasmatiques de phénytoïne.,195
"PHÉNYTOÏNE (ET, PAR EXTRAPOLATION, FOSPHÉNYTOÏNE)",DISULFIRAME,"phenytoine (et, par extrapolation, fosphenytoine)",disulfirame,high,ASDEC,Augmentation importante et rapide des concentrations plasmatiques de phénytoïne avec signes toxiques (inhibition de son métabolisme).,"Si elle ne peut être évitée, contrôle clinique et des concentrations plasmatiques de phénytoïne pendant le traitement par le disulfirame et après son arrêt.",195
"PHÉNYTOÏNE (ET, PAR EXTRAPOLATION, FOSPHÉNYTOÏNE)",FELBAMATE,"phenytoine (et, par extrapolation, fosphenytoine)",felbamate,moderate,PE,"Augmentation des concentrations plasmatiques de phénytoïne avec risque de surdosage, par inhibition de son métabolisme par le felbamate.","Surveillance clinique, contrôle des concentrations plasmatiques de phénytoïne et si besoin, adaptation de sa posologie pendant le traitement par le felbamate.",195
"PHÉNYTOÏNE (ET, PAR EXTRAPOLATION, FOSPHÉNYTOÏNE)",FLUCONAZOLE,"phenytoine (et, par extrapolation, fosphenytoine)",fluconazole,moderate,PE,Augmentation des concentrations plasmatiques de phénytoïne pouvant atteindre des valeurs toxiques. Mécanisme invoqué : inhibition du métabolisme hépatique de la phénytoïne.,Surveillance clinique et biologique étroite.,195
"PHÉNYTOÏNE (ET, PAR EXTRAPOLATION, FOSPHÉNYTOÏNE)",FLUOXETINE,"phenytoine (et, par extrapolation, fosphenytoine)",fluoxetine,moderate,PE,"Augmentation des concentrations plasmatiques de phénytoïne avec signes de surdosage, par inhibition du métabolisme de la phénytoïne.","Surveillance clinique et éventuellement contrôle des concentrations plasmatiques de phénytoïne. Si besoin, adaptation posologique pendant le traitement par la fluoxétine et après son arrêt.",195
"PHÉNYTOÏNE (ET, PAR EXTRAPOLATION, FOSPHÉNYTOÏNE)",FLUVOXAMINE,"phenytoine (et, par extrapolation, fosphenytoine)",fluvoxamine,moderate,PE,"Augmentation des concentrations plasmatiques de phénytoïne avec signes de surdosage, par inhibition du métabolisme hépatique de la phénytoïne.","Surveillance clinique et éventuellement contröle des concentrations plamatiques de phénytoïne. Si besoin, adaptation posologique de la phénytoïne pendant le traitement par la fluvoxamine et après son arrët.",195
"PHÉNYTOÏNE (ET, PAR EXTRAPOLATION, FOSPHÉNYTOÏNE)",FOLATES,"phenytoine (et, par extrapolation, fosphenytoine)",folates,moderate,PE,Diminution des concentrations plasmatiques de phénytoïne par augmentation de son métabolisme dont les folates représentent un des cofacteurs.,Surveillance clinique et contrôle des concentrations plasmatiques de phénytoïne. Adaptation éventuelle de la posologie de la phénytoïne pendant la supplémentation folique et après son arrêt.,196
"PHÉNYTOÏNE (ET, PAR EXTRAPOLATION, FOSPHÉNYTOÏNE)",FUROSEMIDE,"phenytoine (et, par extrapolation, fosphenytoine)",furosemide,moderate,PE,Diminution de l'effet diurétique pouvant atteindre 50 %.,Utiliser éventuellement des doses plus élevées de furosémide.,196
"PHÉNYTOÏNE (ET, PAR EXTRAPOLATION, FOSPHÉNYTOÏNE)",ISONIAZIDE,"phenytoine (et, par extrapolation, fosphenytoine)",isoniazide,moderate,PE,Surdosage en phénytoïne (diminution de son métabolisme).,"Surveillance clinique étroite, dosage des concentrations plasmatiques de phénytoïne et adaptation éventuelle de sa posologie pendant le traitement par l'isoniazide et après son arrêt.",196
"PHÉNYTOÏNE (ET, PAR EXTRAPOLATION, FOSPHÉNYTOÏNE)",METYRAPONE,"phenytoine (et, par extrapolation, fosphenytoine)",metyrapone,moderate,PE,"Risque de faux négatif du test à la métyrapone, dû à une diminution de ses concentrations plasmatiques, par augmentation de son métabolisme hépatique par la phénytoïne.",Doubler la posologie de métyrapone.,196
"PHÉNYTOÏNE (ET, PAR EXTRAPOLATION, FOSPHÉNYTOÏNE)",MEXILETINE,"phenytoine (et, par extrapolation, fosphenytoine)",mexiletine,moderate,PE,"Diminution de l'activité antiarythmique, des concentrations plasmatiques et de la demi-vie de la méxilétine (augmentation de son métabolisme hépatique).","Surveillance clinique, ECG et éventuellement des concentrations plasmatiques de la mexilétine ; s'il y a lieu, adaptation de la posologie de la mexilétine pendant le traitement par la phénytoïne et après son arrêt.",196
"PHÉNYTOÏNE (ET, PAR EXTRAPOLATION, FOSPHÉNYTOÏNE)",MICONAZOLE,"phenytoine (et, par extrapolation, fosphenytoine)",miconazole,moderate,PE,"Augmentation des concentrations plasmatiques de phénytoïne pouvant atteindre des valeurs toxiques, par inhibition du métabolisme hépatique de la phénytoïne.","Surveillance clinique étroite, dosage des concentrations plasmatiques de phénytoïne et adaptation éventuelle de sa posologie pendant le traitement par le miconazole et après son arrêt.",196
"PHÉNYTOÏNE (ET, PAR EXTRAPOLATION, FOSPHÉNYTOÏNE)",NINTÉDANIB,"phenytoine (et, par extrapolation, fosphenytoine)",nintedanib,moderate,PE,Diminution des concentrations plasmatiques du nintédanib par diminution de son absorption par la phénytoïne ou la fosphénytoïne.,Surveillance clinique pendant l’association.,196
"PHÉNYTOÏNE (ET, PAR EXTRAPOLATION, FOSPHÉNYTOÏNE)","PHÉNOBARBITAL (ET, PAR EXTRAPOLATION, PRIMIDONE)","phenytoine (et, par extrapolation, fosphenytoine)","phenobarbital (et, par extrapolation, primidone)",low,APEC,"En cas de traitement antérieur par le phénobarbital ou la primidone, et adjonction de phénytoïne, augmentation des concentrations plasmatiques de phénobarbital pouvant entraîner des signes toxiques (inhibition du métabolisme par compétition). En cas de traitement antérieur par la phénytoïne et adjonction de phénobarbital ou de primidone, variations imprévisibles : - les concentrations plasmatiques de phénytoïne sont le plus souvent diminuées (augmentation du métabolisme) sans que cette diminution affecte défavorablement l'activité anticonvulsivante. A l'arrêt du phénobarbital ou de la primidone, possibilité d'effets toxiques de la phénytoïne - il peut arriver que les concentrations de phénytoïne soient augmentées (inhibition du métabolisme par compétition).",,196
"PHÉNYTOÏNE (ET, PAR EXTRAPOLATION, FOSPHÉNYTOÏNE)",SUCRALFATE,"phenytoine (et, par extrapolation, fosphenytoine)",sucralfate,moderate,PE,Diminution de l'absorption digestive de la phénytoïne.,"Prendre le sucralfate à distance de la phénytoïne (plus de 2 heures, si possible).",196
"PHÉNYTOÏNE (ET, PAR EXTRAPOLATION, FOSPHÉNYTOÏNE)",SULFAFURAZOL,"phenytoine (et, par extrapolation, fosphenytoine)",sulfafurazol,high,ASDEC,Augmentation des concentrations plasmatiques de phénytoïne jusqu'à des valeurs toxiques (inhibition de son métabolisme).,"Utiliser de préférence une autre classe d'anti-infectieux, sinon surveillance clinique étroite, dosage des concentrations de phénytoïne et adaptation éventuelle de sa posologie pendant le traitement par le sulfamide anti-infectieux et après son arrêt.",196
"PHÉNYTOÏNE (ET, PAR EXTRAPOLATION, FOSPHÉNYTOÏNE)",SULFAMETHIZOL,"phenytoine (et, par extrapolation, fosphenytoine)",sulfamethizol,high,ASDEC,Augmentation des concentrations plasmatiques de phénytoïne jusqu'à des valeurs toxiques (inhibition de son métabolisme).,"Utiliser de préférence une autre classe d'anti-infectieux, sinon surveillance clinique étroite, dosage des concentrations de phénytoïne et adaptation éventuelle de sa posologie pendant le traitement par le sulfamide anti-infectieux et après son arrêt.",196
"PHÉNYTOÏNE (ET, PAR EXTRAPOLATION, FOSPHÉNYTOÏNE)",SULFAMETHOXAZOLE,"phenytoine (et, par extrapolation, fosphenytoine)",sulfamethoxazole,high,ASDEC,Augmentation des concentrations plasmatiques de phénytoïne jusqu'à des valeurs toxiques (inhibition de son métabolisme).,"Utiliser de préférence une autre classe d'anti-infectieux, sinon surveillance clinique étroite, dosage des concentrations de phénytoïne et adaptation éventuelle de sa posologie pendant le traitement par le sulfamide anti-infectieux et après son arrêt.",196
"PHÉNYTOÏNE (ET, PAR EXTRAPOLATION, FOSPHÉNYTOÏNE)",TICLOPIDINE,"phenytoine (et, par extrapolation, fosphenytoine)",ticlopidine,moderate,PE,Augmentation des concentrations plasmatiques de phénytoïne avec signes de surdosage (inhibition du métabolisme de la,Surveillance clinique et contrôle des concentrations plasmatiques de phénytoïne.,197
"PHÉNYTOÏNE (ET, PAR EXTRAPOLATION, FOSPHÉNYTOÏNE)","VALPROÏQUE (ACIDE) ET, PAR EXTRAPOLATION, VALPROMIDE","phenytoine (et, par extrapolation, fosphenytoine)","valproique (acide) et, par extrapolation, valpromide",moderate,PE,"Augmentation de l'hyperammoniémie, avec risque accru d'encéphalopathie.",Surveillance clinique et biologique régulière.,197
PILOCARPINE,ANTICHOLINESTÉRASIQUES,pilocarpine,anticholinesterasiques,low,APEC,"Risque d'addition des effets indésirables cholinergiques, notamment digestifs.",,197
PIMOZIDE,APALUTAMIDE,pimozide,apalutamide,high,ASDEC,"Risque de diminution très importante des concentrations du pimozide, et perte d‘efficacité, par augmentation de son métabolisme hépatique par l’apalutamide.",,197
PIMOZIDE,APREPITANT,pimozide,aprepitant,critical,CI,"Risque majoré de troubles du rythme ventriculaire, notamment de torsades de pointes.",,197
PIMOZIDE,DALFOPRISTINE,pimozide,dalfopristine,high,ASDEC,"Risque majoré de troubles du rythme ventriculaire, notamment de torsades de pointes.",,197
PIMOZIDE,DILTIAZEM,pimozide,diltiazem,critical,CI,"Risque majoré de troubles du rythme ventriculaire, notamment de torsades de pointes.",,197
PIMOZIDE,EFAVIRENZ,pimozide,efavirenz,critical,CI,"Risque majoré de troubles du rythme ventriculaire, notamment de torsades de pointes.",,197
PIMOZIDE,FLUCONAZOLE,pimozide,fluconazole,critical,CI,"Risque majoré de troubles du rythme ventriculaire, notamment de torsades de pointes.",,197
PIMOZIDE,FLUOXETINE,pimozide,fluoxetine,critical,CI,"Risque majoré de troubles du rythme ventriculaire, notamment de torsades de pointes.",,197
PIMOZIDE,INHIBITEURS PUISSANTS DU CYP3A4,pimozide,inhibiteurs puissants du cyp3a4,critical,CI,"Risque majoré de troubles du rythme ventriculaire, notamment de torsades de pointes.",,197
PIMOZIDE,JOSAMYCINE,pimozide,josamycine,critical,CI,"Risque majoré de troubles du rythme ventriculaire, notamment de torsades de pointes.",,197
PIMOZIDE,LÉTERMOVIR,pimozide,letermovir,critical,CI,"Risque majoré de troubles du rythme ventriculaire, notamment de torsades de pointes.",,197
PIMOZIDE,OMBITASVIR + PARITAPRÉVIR,pimozide,ombitasvir + paritaprevir,critical,CI,Augmentation des concentrations plasmatiques du pimozide par diminution de son métabolisme hépatique par la bithérapie.,,198
PIMOZIDE,PAROXETINE,pimozide,paroxetine,critical,CI,"Risque majoré de troubles du rythme ventriculaire, notamment de torsades de pointes.",,198
PIMOZIDE,QUINUPRISTINE,pimozide,quinupristine,high,ASDEC,"Risque majoré de troubles du rythme ventriculaire, notamment de torsades de pointes.",,198
PIMOZIDE,SERTRALINE,pimozide,sertraline,critical,CI,"Risque majoré de troubles du rythme ventriculaire, notamment de torsades de pointes.",,198
PIMOZIDE,STIRIPENTOL,pimozide,stiripentol,critical,CI,"Risque majoré de troubles du rythme ventriculaire, notamment de torsades de pointes.",,198
PIMOZIDE,TRICLABENDAZOLE,pimozide,triclabendazole,critical,CI,"Risque majoré de troubles du rythme ventriculaire, notamment de torsades de pointes (inhibition du métabolisme hépatique du médicament torsadogène).","Respecter un délai de 24 heures entre l’arrêt du triclabendazole et la prise du médicament torsadogène, et inversement.",198
PIMOZIDE,VERAPAMIL,pimozide,verapamil,critical,CI,"Risque majoré de troubles du rythme ventriculaires, notamment, de torsades de pointes.",,198
PIPÉRACILLINE/TAZOBACTAM,VANCOMYCINE,piperacilline/tazobactam,vancomycine,high,ASDEC,Majoration de la néphrotoxicité par comparaison à la vancomycine seule.,,198
PIRFENIDONE,FLUVOXAMINE,pirfenidone,fluvoxamine,critical,CI,Augmentation des concentrations plasmatiques de pirfenidone avec signes de surdosage.,,198
PITAVASTATINE,CICLOSPORINE,pitavastatine,ciclosporine,critical,CI,"Risque majoré d'effets indésirables (concentration-dépendants) à type de rhabdomyolyse, ou de néphrotoxicité, par diminution du métabolisme de la pitavastatine.",,198
POLYMYXINE B,AMINOSIDES,polymyxine b,aminosides,high,ASDEC,Addition des effets néphrotoxiques.,"Si l'association ne peut être évitée, surveillance stricte avec une justification bactériologique indiscutable.",198
POLYMYXINE B,CURARES,polymyxine b,curares,moderate,PE,"Potentialisation des curares lorque l'antibiotique est administré par voie parentérale et/ou péritonéale avant, pendant ou après l'agent curarisant.",Surveiller le degré de curarisation en fin d'anesthésie.,198
POLYSTYRÈNE SULFONATE DE CALCIUM,SORBITOL,polystyrene sulfonate de calcium,sorbitol,critical,CI,"Par voie orale ou rectale du sorbitol ou de la résine, et pour une dose de sorbitol par prise >= 2,5 g chez l'enfant et 5 g chez l'adulte Risque de nécrose colique, éventuellement fatale.",:,199
POLYSTYRÈNE SULFONATE DE CALCIUM,"TOPIQUES GASTRO-INTESTINAUX, ANTIACIDES ET ADSORBANTS",polystyrene sulfonate de calcium,"topiques gastro-intestinaux, antiacides et adsorbants",moderate,PE,Risque d'alcalose métabolique chez l'insuffisant rénal,"Comme avec tout médicament oral pris avec l’un ou l’autre de ces médicaments, respecter un intervalle entre les prises (plus de 2 heures, si possible).",199
POLYSTYRÈNE SULFONATE DE SODIUM,SORBITOL,polystyrene sulfonate de sodium,sorbitol,critical,CI,"Par voie orale ou rectale du sorbitol ou de la résine, et pour une dose de sorbitol par prise >= 2,5 g chez l'enfant et 5 g chez l'adulte Risque de nécrose colique, éventuellement fatale.",:,199
POLYSTYRÈNE SULFONATE DE SODIUM,"TOPIQUES GASTRO-INTESTINAUX, ANTIACIDES ET ADSORBANTS",polystyrene sulfonate de sodium,"topiques gastro-intestinaux, antiacides et adsorbants",moderate,PE,Risque d'alcalose métabolique chez l'insuffisant rénal.,"Comme avec tout médicament oral pris avec l’un ou l’autre de ces médicaments, respecter un intervalle entre les prises (plus de 2 heures, si possible).",199
PONATINIB,ATORVASTATINE,ponatinib,atorvastatine,moderate,PE,Risque d’augmentation des concentrations plasmatiques de l'atrovastatine par augmentation de son absorption intestinale par le ponatinib.,Surveillance clinique et biologique étroite pendant l’association.,199
PONATINIB,COLCHICINE,ponatinib,colchicine,moderate,PE,Risque d’augmentation des concentrations plasmatiques de la colchicine par augmentation de son absorption intestinale par le ponatinib.,Surveillance clinique et biologique étroite pendant l’association.,199
PONATINIB,DABIGATRAN,ponatinib,dabigatran,moderate,PE,Risque d’augmentation des concentrations plasmatiques du dabigatran par augmentation de son absorption intestinale par le ponatinib.,Surveillance clinique et biologique étroite pendant l’association.,199
PONATINIB,DIGOXINE,ponatinib,digoxine,moderate,PE,Risque d’augmentation des concentrations plasmatiques de la digoxine par augmentation de son absorption intestinale par le ponatinib.,Surveillance clinique et biologique étroite pendant l’association.,199
PONATINIB,METHOTREXATE,ponatinib,methotrexate,moderate,PE,Risque d’augmentation des concentrations plasmatiques du méthotrexate par augmentation de son absorption intestinale par le ponatinib.,Surveillance clinique et biologique étroite pendant l’association.,199
PONATINIB,PRAVASTATINE,ponatinib,pravastatine,moderate,PE,Risque d’augmentation des concentrations plasmatiques de la pravastatine par augmentation de son absorption intestinale par le ponatinib.,Surveillance clinique et biologique étroite pendant l’association.,199
PONATINIB,ROSUVASTATINE,ponatinib,rosuvastatine,moderate,PE,Risque d’augmentation des concentrations plasmatiques de la rosuvastatine par augmentation de son absorption intestinale par le ponatinib.,Surveillance clinique et biologique étroite pendant l’association.,199
PONATINIB,SIMVASTATINE,ponatinib,simvastatine,moderate,PE,Risque d’augmentation des concentrations plasmatiques de la simvastatine par augmentation de son absorption intestinale par le ponatinib.,Surveillance clinique et biologique étroite pendant l’association.,199
PONATINIB,SULFASALAZINE,ponatinib,sulfasalazine,moderate,PE,Risque d’augmentation des concentrations plasmatiques de la sulfasalazine par augmentation de son absorption intestinale par le ponatinib.,Surveillance clinique et biologique étroite pendant l’association.,199
PONÉSIMOD,BRADYCARDISANTS,ponesimod,bradycardisants,high,ASDEC,Potentialisation des effets bradycardisants pouvant avoir des conséquences fatales. Les bêta-bloquants sont d’autant plus à risque qu’ils empêchent les mécanismes de compensation adrénergique.,"Surveillance clinique et ECG continu pendant les 4 heures suivant la première dose, jusqu'au lendemain si nécessaire.",200
POSACONAZOLE,ANTISÉCRÉTOIRES ANTIHISTAMINIQUES H2,posaconazole,antisecretoires antihistaminiques h2,high,ASDEC,"Diminution de l'absorption de l'azolé antifongique, par augmentation du pH intragastrique par l'antisécrétoire.",Association déconseillée: - uniquement avec la forme suspension buvable de posaconazole.,200
POSACONAZOLE,ANTISÉCRÉTOIRES INHIBITEURS DE LA POMPE À PROTONS,posaconazole,antisecretoires inhibiteurs de la pompe a protons,high,ASDEC,"Diminution de l'absorption de l'azolé antifongique, par augmentation du pH intragastrique par l'antisécrétoire.",Association déconseillée: - uniquement avec la forme suspension buvable de posaconazole.,200
POSACONAZOLE,ATAZANAVIR,posaconazole,atazanavir,low,APEC,Augmentation des concentrations plasmatiques de l'atazanavir et du risque d'hyperbilirubinémie.,,200
POSACONAZOLE,ATORVASTATINE,posaconazole,atorvastatine,critical,CI,Risque majoré d'effets indésirables (concentration-dépendants) à type de rhabdomyolyse (diminution du métabolisme hépatique de l’inhibiteur de l’HMG-CoA reductase).,,200
POSACONAZOLE,DIGOXINE,posaconazole,digoxine,moderate,PE,"Augmentation de la digoxinémie avec nausées, vomissements, troubles du rythme.","Surveillance clinique et, s'il y a lieu, de l'ECG et de la digoxinémie, avec adaptation de la posologie de la digoxine pendant le traitement par le posaconazole et après son arrêt.",200
POSACONAZOLE,IMMUNOSUPPRESSEURS,posaconazole,immunosuppresseurs,high,ASDEC,Augmentation très importante des concentrations sanguines de l'immunosuppresseur par inhibition de son métabolisme hépatique.,"En cas d’association, contrôle strict de la fonction rénale, dosage des concentrations sanguines de l'immunosuppresseur et adaptation éventuelle de la posologie.",200
POSACONAZOLE,INDUCTEURS ENZYMATIQUES PUISSANTS,posaconazole,inducteurs enzymatiques puissants,moderate,PE,Diminution des concentrations plasmatiques et de l'efficacité du posaconazole.,"Surveillance clinique. Si possible, dosages plasmatiques du posaconazole et adaptation éventuelle de sa posologie.",200
POSACONAZOLE,RIFABUTINE,posaconazole,rifabutine,high,ASDEC,"Risque d'accroissement des effets indésirables de la rifabutine (uvéites), par augmentation de ses concentrations et de celles de son métabolite actif.","Surveillance clinique et biologique régulière, notamment en début d'association.",200
POSACONAZOLE,RIFAMPICINE,posaconazole,rifampicine,high,ASDEC,Diminution des concentrations plasmatiques et de l'efficacité des deux anti-infectieux (induction enzymatique par la rifampicine et diminution de l'absorption intestinale par l’azolé antifongique).,,200
POTASSIUM,ANTAGONISTES DES RÉCEPTEURS DE L'ANGIOTENSINE II,potassium,antagonistes des recepteurs de l'angiotensine ii,high,ASDEC,"Pour une quantité de potassium > à 1 mmol/prise, hyperkaliémie potentiellement létale, notamment chez l'insuffisant rénale (addition des effets hyperkaliémiants).",Sauf en cas d'hypokaliémie.,200
POTASSIUM,CICLOSPORINE,potassium,ciclosporine,high,ASDEC,"Pour une quantité de potassium > à 1 mmol/prise, hyperkaliémie potentiellement létale, notamment chez l'insuffisant rénale ( addition des effets hyperkaliémiants).",Sauf en cas d'hypokaliémie.,200
POTASSIUM,DIURÉTIQUES ÉPARGNEURS DE POTASSIUM (SEULS OU ASSOCIÉS),potassium,diuretiques epargneurs de potassium (seuls ou associes),high,ASDEC,"Pour une quantité de potassium > à 1 mmol/prise, hyperkaliémie potentiellement létale, notamment chez l'insuffisant rénal (addition des effets hyperkaliémiants).",Sauf en cas d'hypokaliémie.,200
POTASSIUM,INHIBITEURS DE L'ENZYME DE CONVERSION,potassium,inhibiteurs de l'enzyme de conversion,high,ASDEC,"Pour une quantité de potassium > à 1 mmol/prise, hyperkaliémie potentiellement létale, notamment chez l'insuffisant rénale ( addition des effets hyperkaliémiants).",Sauf s'il existe une hypokaliémie.,201
POTASSIUM,TACROLIMUS,potassium,tacrolimus,high,ASDEC,"Pour une quantité de potassium > à 1 mmol/prise, hyperkaliémie potentiellement létale, notamment chez l'insuffisant rénale (addition des effets hyperkaliémiants).",Sauf en cas d'hypokaliémie.,201
POVIDONE IODÉE,ANTISEPTIQUES MERCURIELS,povidone iodee,antiseptiques mercuriels,high,ASDEC,"Erythèmes, phlyctènes, voire nécrose cutanéo-muqueuse (formation d'un complexe caustique en cas d'utilisation concomitante d'antiseptiques iodés et mercuriels). L'interaction dépend de la stabilité de l'organo-mercuriel au niveau cutané et de la sensibilité individuelle.",,201
PRAVASTATINE,CICLOSPORINE,pravastatine,ciclosporine,moderate,PE,"Augmentation des concentrations de pravastatine, avec risque musculaire non exclu.",Surveillance clinique et biologique pendant l’association. Débuter le traitement à la dose minimale de pravastatine.,201
PRAVASTATINE,CLARITHROMYCINE,pravastatine,clarithromycine,moderate,PE,Augmentation de la concentration plasmatique de la pravastatine par la clarithromycine.,Surveillance clinique et biologique pendant le traitement par l'antibiotique.,201
PRAVASTATINE,ERYTHROMYCINE,pravastatine,erythromycine,moderate,PE,Avec l'érythromycine utilisée par voie orale : augmentation de la concentration plasmatique de la pravastatine par l' érythromycine.,Surveillance clinique et biologique pendant le traitement par l'antibiotique.,201
PRAVASTATINE,PONATINIB,pravastatine,ponatinib,moderate,PE,Risque d’augmentation des concentrations plasmatiques de la pravastatine par augmentation de son absorption intestinale par le ponatinib.,Surveillance clinique et biologique étroite pendant l’association.,201
PRAZIQUANTEL,DEXAMETHASONE,praziquantel,dexamethasone,moderate,PE,"Diminution des concentrations plasmatiques du praziquantel, avec risque d'échec du traitement, par augmentation du métabolisme hépatique du praziquantel par la dexaméthasone.",Décaler l'administration des deux médicaments d'au moins une semaine.,201
PRAZIQUANTEL,INDUCTEURS ENZYMATIQUES PUISSANTS,praziquantel,inducteurs enzymatiques puissants,high,ASDEC,"Diminution très importante des concentrations plasmatiques du praziquantel, avec risque d'échec du traitement, par augmentation de son métabolisme hépatique par l'inducteur.",,201
PRAZIQUANTEL,RIFAMPICINE,praziquantel,rifampicine,critical,CI,"Diminution très importante des concentrations plasmatiques du praziquantel, avec risque d'échec du traitement, par augmentation du métabolisme hépatique du praziquantel par la rifampicine.",,201
PREDNISOLONE,CICLOSPORINE,prednisolone,ciclosporine,low,APEC,"Augmentation des effets de la prednisolone : aspect cushingoïde, réduction de la tolérance aux glucides (diminution de la clairance de la prednisolone).",,201
PRÉSERVATIFS EN LATEX,HUILES MINÉRALES,preservatifs en latex,huiles minerales,critical,CI,"Risque de rupture du préservatif lors de l'utilisation avec des corps gras ou des lubrifiants contenant des huiles minérales (huile de paraffine, huile de silicone, etc...).","Utiliser un lubrifiant hydrosoluble (glycérine, polyacrylamide...).",201
PRIMIDONE,AFATINIB,primidone,afatinib,moderate,PE,Diminution des concentrations plasmatiques de l’afatinib par augmentation de son métabolisme par la primidone.,Surveillance clinique pendant l’association et 1 à 2 semaines après leur arrêt.,202
PRISTINAMYCINE,ANTIVITAMINES K,pristinamycine,antivitamines k,moderate,PE,Augmentation de l'effet de l'antivitamine K et du risque hémorragique.,Contrôle plus fréquent de l'INR. Adaptation éventuelle de la posologie de l'antivitamine K pendant le traitement par la pristinamycine et après son arrêt.,202
PRISTINAMYCINE,COLCHICINE,pristinamycine,colchicine,critical,CI,Augmentation des effets indésirables de la colchicine aux conséquences potentiellement fatales.,,202
PRISTINAMYCINE,IMMUNOSUPPRESSEURS,pristinamycine,immunosuppresseurs,moderate,PE,Augmentation des concentrations sanguines de l'immunosuppresseur par inhibition de son métabolisme hépatique.,"Dosage des concentrations sanguines de l'immunosuppresseur, contrôle de la fonction rénale et adaptation de sa posologie pendant l'association et après son arrêt.",202
PROBENECIDE,ACIDE ACETYLSALICYLIQUE,probenecide,acide acetylsalicylique,high,ASDEC,Diminution de l’effet uricosurique par compétition de l’élimination de l’acide urique au niveau des tubules rénaux.,,202
PROBENECIDE,DIPROPHYLLINE,probenecide,diprophylline,moderate,PE,Risque de surdosage par augmentation des concentrations plasmatiques de diprophylline (inhibition de sa sécrétion tubulaire rénale).,Réduire la posologie de diprophylline pendant le traitement par le probénécide.,202
PROBENECIDE,METHOTREXATE,probenecide,methotrexate,critical,CI,Augmentation de la toxicité du méthotrexate : inhibition de la sécrétion tubulaire rénale du méthotrexate par le probénécide.,,202
PROCARBAZINE,INDUCTEURS ENZYMATIQUES PUISSANTS,procarbazine,inducteurs enzymatiques puissants,low,APEC,"Augmentation des réactions d'hypersensibilité (hyperéosinophilie, rash), par augmentation du métabolisme de la procarbazine par l'inducteur.",,202
PRODUITS DE CONTRASTE IODÉS,ALDESLEUKINE,produits de contraste iodes,aldesleukine,low,APEC,"Majoration du risque de réaction aux produits de contraste en cas de traitement antérieur par interleukine 2 : éruption cutanée ou plus rarement hypotension, oligurie voire insuffisance rénale.",,202
PRODUITS DE CONTRASTE IODÉS,DIURÉTIQUES,produits de contraste iodes,diuretiques,moderate,PE,"En cas de déshydratation provoquée par les diurétiques, risque majoré d'insuffisance rénale fonctionnelle aiguë, en particulier lors d'utilisation de doses importantes de produits de contraste iodés.",Réhydratation avant administration du produit iodé.,202
PRODUITS DE CONTRASTE IODÉS,METFORMINE,produits de contraste iodes,metformine,critical,CI,"Risque important d'acidose lactique par hémoconcentration de la metformine, dans le cas d'un arrêt cardio-respiratoire induit par l'examen radiologique, avec insuffisance rénale aiguë. Risque important d'acidose lactique par hémoconcentration de la metformine, dans le cas d'un arrêt cardio-respiratoire induit par l'examen radiologique, avec insuffisance rénale aiguë. Risque important d'acidose lactique par hémoconcentration de la metformine, dans le cas d'un arrêt cardio-respiratoire induit par l'examen radiologique, avec insuffisance rénale aiguë.",Le traitement par la metformine doit être suspendu au moment de l'examen radiologique pour n'être repris que 2 jours après. CONTRE-INDICATION Le traitement par la metformine doit être suspendu au moment de l'examen radiologique pour n'être repris que 2 jours après. CONTRE-INDICATION Le traitement par la metformine doit être suspendu au moment de l'examen radiologique pour n'être repris que 2 jours après.,202
PROGESTATIFS CONTRACEPTIFS,APREPITANT,progestatifs contraceptifs,aprepitant,moderate,PE,"(Sauf stérilet), diminution des concentrations du progestatif, avec risque de moindre efficacité contraceptive.","Utiliser de préférence une autre méthode contraceptive, en particulier de type mécanique, pendant la durée de l'association et un cycle suivant.",203
PROGESTATIFS CONTRACEPTIFS,BOSENTAN,progestatifs contraceptifs,bosentan,moderate,PE,Risque de diminution de l'efficacité du contraceptif hormonal par augmentation de son métabolisme hépatique.,"Utiliser une méthode contraceptive fiable, additionnelle ou alternative, pendant la durée de l'association et un cycle suivant.",203
PROGESTATIFS CONTRACEPTIFS,GRISEOFULVINE,progestatifs contraceptifs,griseofulvine,moderate,PE,Risque de diminution de l'efficacité du contraceptif hormonal par augmentation de son métabolisme hépatique.,"Utiliser une méthode contraceptive fiable, additionnelle ou alternative, pendant la durée de l'association et un cycle suivant.",203
PROGESTATIFS CONTRACEPTIFS,INDUCTEURS ENZYMATIQUES,progestatifs contraceptifs,inducteurs enzymatiques,high,ASDEC,"Diminution de l'efficacité contraceptive du contraceptif hormonal, par augmentation de son métabolisme hépatique par l'inducteur.","Utiliser de préférence une autre méthode contraceptive, en particulier de type mécanique, pendant la durée de l'association et un cycle suivant.",203
PROGESTATIFS CONTRACEPTIFS,INHIBITEURS DE PROTÉASES BOOSTÉS PAR RITONAVIR,progestatifs contraceptifs,inhibiteurs de proteases boostes par ritonavir,high,ASDEC,"Risque de diminution de l'efficacité contraceptive par diminution des concentrations en contraceptif hormonal, dûe à l'augmentation de son métabolisme hépatique par le ritonavir.","Utiliser de préférence une autre méthode contraceptive, en particulier de type mécanique (préservatif ou stérilet), pendant la durée de l'association et un cycle suivant.",203
PROGESTATIFS CONTRACEPTIFS,MILLEPERTUIS,progestatifs contraceptifs,millepertuis,critical,CI,"Diminution des concentrations plasmatiques du contraceptif hormonal, en raison de l'effet inducteur enzymatique du millepertuis, avec risque de baisse d'efficacité voire d'annulation de l'effet dont les conséquences peuvent être éventuellement graves (survenue d'une grossesse).",,203
PROGESTATIFS CONTRACEPTIFS,PÉRAMPANEL,progestatifs contraceptifs,perampanel,high,ASDEC,Pour des doses de pérampanel >= 12 mg/jour : Risque de diminution de l’efficacité contraceptive.,"Utiliser de préférence une autre méthode contraceptive, en particulier de type mécanique.",203
PROGESTATIFS CONTRACEPTIFS,ULIPRISTAL,progestatifs contraceptifs,ulipristal,high,ASDEC,"Dans l'indication contraception d'urgence : Antagonisme des effets de l’ulipristal en cas de reprise d’un contraceptif hormonal moins de 5 jours après la prise de la contraception d’urgence. Dans l’indication fibrome : Antagonisme réciproque des effets de l’ulipristal et du progestatif, avec risque d’inefficacité.","- Dans l'indication contraception d'urgence: Dans le cas où la (re)prise d’une contraception hormonale est envisagée, utiliser une contraception additionnelle de type mécanique pendant les 12 jours qui suivent la (dernière) prise de l’ulipristal (au cas où il y en aurait eu plus d’une). - Dans l’indication fibrome : Dans le cas où la (re)prise d’une contraception hormonale est envisagée, utiliser une contraception de type mécanique pendant les 7 premiers jours de la contraception hormonale.",203
"PROGESTATIFS NON CONTRACEPTIFS, ASSOCIÉS OU NON À UN ESTROGÈNE",BOSENTAN,"progestatifs non contraceptifs, associes ou non a un estrogene",bosentan,moderate,PE,Risque de diminution de l’efficacité du progestatif.,Surveillance clinique et adaptation éventuelle de la posologie du traitement hormonal pendant l’administration du bosentan et après son arrêt.,203
"PROGESTATIFS NON CONTRACEPTIFS, ASSOCIÉS OU NON À UN ESTROGÈNE",INDUCTEURS ENZYMATIQUES,"progestatifs non contraceptifs, associes ou non a un estrogene",inducteurs enzymatiques,moderate,PE,Diminution de l'efficacité du progestatif.,Surveillance clinique et adaptation éventuelle de la posologie du traitement hormonal pendant l'administration de l'inducteur et après son arrêt.,203
"PROGESTATIFS NON CONTRACEPTIFS, ASSOCIÉS OU NON À UN ESTROGÈNE",ULIPRISTAL,"progestatifs non contraceptifs, associes ou non a un estrogene",ulipristal,low,APEC,"Dans l’indication fibrome : Antagonisme réciproque des effets de l’ulipristal et du progestatif, avec risque d’inefficacité.",,203
PROGUANIL,ANTIVITAMINES K,proguanil,antivitamines k,moderate,PE,Risque d’augmentation de l’effet de l’antivitamine K et du risque hémorragique.,Contrôle plus fréquent de l’INR. Adaptation éventuelle de la posologie de l’antivitamine K pendant le traitement par le proguanil et après son arrêt.,204
PROGUANIL,HORMONES THYROÏDIENNES,proguanil,hormones thyroidiennes,moderate,PE,Risque d’hypothyroïdie clinique chez les patients substitués par hormones thyroïdiennes.,"Surveillance clinique et biologique. Adaptation, si besoin, de la posologie des hormones thyroïdiennes pendant le traitement par l’antipaludique et après son arrêt.",204
PROPAFENONE,ABIRATERONE,propafenone,abiraterone,moderate,PE,"Risque d'augmentation des effets indésirables de la propafénone, par diminution de son métabolisme hépatique par l'abiratérone.","Surveillance clinique. Si besoin, adaptation de la posologie de la propafénone pendant le traitement par l'abiratérone.",204
PROPAFENONE,BÊTA-BLOQUANTS (SAUF ESMOLOL) (Y COMPRIS COLLYRES),propafenone,beta-bloquants (sauf esmolol) (y compris collyres),moderate,PE,"Troubles de la contractilité, de l'automatisme et de la conduction (suppression des mécanismes sympathiques compensateurs).",Surveillance clinique et ECG.,204
PROPAFENONE,BUPROPION,propafenone,bupropion,moderate,PE,Risque d'augmentation des effets indésirables de la propafénone par diminution de son métabolisme hépatique par le bupropion.,"Surveillance clinique. Si besoin, adaptation de la posologie de la propafénone pendant le traitement par le bupropion.",204
PROPAFENONE,CINACALCET,propafenone,cinacalcet,moderate,PE,"Augmentation des concentrations plasmatiques de propafénone avec risque de surdosage, par diminution de son métabolisme hépatique par le cinacalcet.",Surveillance clinique et réduction de la posologie de la propafénone pendant le traitement par cinacalcet.,204
PROPAFENONE,DARIFENACINE,propafenone,darifenacine,moderate,PE,"Augmentation des concentrations plasmatiques de propafénone, avec risque de surdosage, par diminution de son métabolisme hépatique par la darifénacine.",Surveillance clinique et réduction de la posologie de la propafénone pendant le traitement par darifénacine.,204
PROPAFENONE,DIGOXINE,propafenone,digoxine,moderate,PE,"Risque d’augmentation de la digoxinémie, notamment chez le sujet âgé.",Surveillance clinique et éventuellement de la digoxinémie pendant le traitement par propafénone et après son arrêt.,204
PROPAFENONE,DULOXETINE,propafenone,duloxetine,moderate,PE,"Augmentation des concentrations plasmatiques de propafénone avec risque de surdosage, par diminution de son métabolisme hépatique par la duloxétine.",Surveillance clinique et réduction de la posologie de la propafénone pendant le traitement par la duloxétine et après son arrêt.,204
PROPAFENONE,ESMOLOL,propafenone,esmolol,moderate,PE,"Troubles de la contractilité, de l'automatisme et de la conduction (suppression des mécanismes sympathiques compensateurs).",Surveillance clinique et ECG.,204
PROPAFENONE,INDUCTEURS ENZYMATIQUES PUISSANTS,propafenone,inducteurs enzymatiques puissants,moderate,PE,Diminution des concentrations plasmatiques de la propafénone par augmentation de son métabolisme hépatique par l'inducteur.,"Surveillance clinique et ECG. S'il y a lieu, adaptation de la posologie de la propafénone pendant l'association et après l'arrêt de l'inducteur.",204
PROPAFENONE,MILLEPERTUIS,propafenone,millepertuis,moderate,PE,Diminution des concentrations plasmatiques de la propafénone par augmentation de son métabolisme hépatique par le millepertuis.,"Surveillance clinique et ECG. S'il y a lieu, adaptation de la posologie de la propafénone pendant l'association et après l'arrêt du millepertuis.",204
PROPAFENONE,MIRABÉGRON,propafenone,mirabegron,moderate,PE,Augmentation des concentrations plasmatiques de la propafénone par diminution de son métabolisme par le mirabégron.,Surveillance clinique et réduction éventuelle de la posologie de la propafénone pendant l'association.,204
PROPAFENONE,RIFAMPICINE,propafenone,rifampicine,moderate,PE,"Diminution des concentrations plasmatiques de la propafénone, par augmentation de son métabolisme hépatique par la rifampicine.","Surveillance clinique et ECG. S'il y a lieu, adaptation de la posologie de la propafénone pendant l'association et après l'arrêt de la rifampicine.",205
PROPAFENONE,ROLAPITANT,propafenone,rolapitant,moderate,PE,"Augmentation des concentrations plasmatiques de propafénone avec risque de surdosage, par diminution de son métabolisme hépatique par le rolapitant.",Surveillance clinique et réduction de la posologie de la propafénone pendant le traitement par le rolapitant et après son arrêt.,205
PROPAFENONE,TERBINAFINE,propafenone,terbinafine,moderate,PE,"Risque d'augmentation des effets indésirables de la propafénone, par diminution de son métabolisme hépatique par la terbinafine.","Surveillance clinique. Si besoin, adaptation de la posologie de la propafénone pendant le traitement par la terbinafine.",205
PROPAFENONE,THEOPHYLLINE,propafenone,theophylline,moderate,PE,Risque d’augmentation de la théophyllinémie par diminution de son métabolisme hépatique par la propafénone.,Surveillance clinique et éventuellement de la théophyllinémie.,205
PROPRANOLOL,ERGOTAMINE,propranolol,ergotamine,moderate,PE,Ergotisme : quelques cas de spasme artériel avec ischémie des extrémités ont été observés (addition d'effets vasculaires).,"Surveillance clinique renforcée, en particulier pendant les premières semaines de l'association.",205
PROPRANOLOL,FLUVOXAMINE,propranolol,fluvoxamine,moderate,PE,"Augmentation des concentrations plasmatiques de propranolol par inhibition de son métabolisme hépatique, avec majoration de l'activité et des effets indésirables, par exemple : bradycardie importante.","Surveillance clinique accrue et, si besoin, adaptation de la posologie du propranolol pendant le traitement par la fluvoxamine et après son arrêt.",205
PROPRANOLOL,"PHÉNOBARBITAL (ET, PAR EXTRAPOLATION, PRIMIDONE)",propranolol,"phenobarbital (et, par extrapolation, primidone)",low,APEC,Diminution des concentrations plasmatiques du propranolol avec réduction de ses effets cliniques (augmentation de son métabolisme hépatique).,,205
PROPRANOLOL,RIFAMPICINE,propranolol,rifampicine,low,APEC,Diminution des concentrations plasmatiques et de l'efficacité du bêta-bloquant (augmentation de son métabolisme hépatique).,,205
PYRAZINAMIDE,ISONIAZIDE,pyrazinamide,isoniazide,moderate,PE,Addition des effets hépatotoxiques.,Surveillance clinique et biologique.,205
PYRIMETHAMINE,TRIMETHOPRIME,pyrimethamine,trimethoprime,moderate,PE,"Anémie mégaloblastique, plus particulièrement à fortes doses des deux produits (déficit en acide folique par l'association de deux 2-4 diaminopyrimidines).",Contrôle régulier de l'hémogramme et association d'un traitement par l'acide folique (injections IM régulières).,205
QUETIAPINE,INDUCTEURS ENZYMATIQUES PUISSANTS,quetiapine,inducteurs enzymatiques puissants,high,ASDEC,"Diminution très importante des concentrations plasmatiques de quétiapine par augmentation de son métabolisme hépatique par l'inducteur, avec risque d’inefficacité.",,205
QUETIAPINE,INHIBITEURS PUISSANTS DU CYP3A4,quetiapine,inhibiteurs puissants du cyp3a4,critical,CI,"Augmentation importante des concentrations de quétiapine, avec risque de surdosage.",,205
QUETIAPINE,METHADONE,quetiapine,methadone,low,APEC,"Possible augmentation des concentrations de méthadone, avec signes de surdosage.",,206
QUETIAPINE,MILLEPERTUIS,quetiapine,millepertuis,high,ASDEC,"Diminution très importante des concentrations plasmatiques de quétiapine par augmentation de son métabolisme hépatique par l'inducteur, avec risque d’inefficacité.",,206
QUETIAPINE,OMBITASVIR + PARITAPRÉVIR,quetiapine,ombitasvir + paritaprevir,critical,CI,Augmentation des concentrations plasmatiques de la quétiapine par diminution de son métabolisme hépatique par la bithérapie.,,206
QUETIAPINE,RIFAMPICINE,quetiapine,rifampicine,high,ASDEC,"Diminution très importante des concentrations plasmatiques de quétiapine par augmentation de son métabolisme hépatique par l'inducteur, avec risque d’inefficacité.",,206
QUINIDINE,ALCALINISANTS URINAIRES,quinidine,alcalinisants urinaires,moderate,PE,Augmentation des concentrations plasmatiques de la quinidine et risque de surdosage (diminution de l'excrétion rénale de la quinidine par alcalinisation des urines).,"Surveillance clinique, ECG et éventuellement contrôle de la quinidinémie ; si besoin, adaptation de la posologie pendant le traitement alcalinisant et après son arrêt.",206
QUINIDINE,COBICISTAT,quinidine,cobicistat,critical,CI,Risque de majoration des effets indésirables de la quinidine par diminution de son métabolisme par le cobicistat.,Surveillance clinique.,206
QUINIDINE,CODEINE,quinidine,codeine,high,ASDEC,Diminution de l’efficacité de l’opiacé par inhibition de son métabolisme par l’inhibiteur.,,206
QUINIDINE,DABIGATRAN,quinidine,dabigatran,moderate,PE,"Augmentation des concentrations plasmatiques de dabigatran, avec majoration du risque de saignement.",Dans l'indication post-chirurgicale : surveillance clinique et adaptation de la posologie du dabigatran à 150 mg/j en une prise.,206
QUINIDINE,DIGOXINE,quinidine,digoxine,moderate,PE,"Augmentation de la digoxinémie par diminution de la clairance rénale de la digoxine. De plus, troubles de l'automatisme (bradycardie excessive et troubles de la conduction auriculo- ventriculaire).","Surveillance clinique et ECG. En cas de réponse inattendue, contrôler la digoxinémie et adapter la posologie.",206
QUINIDINE,DRONEDARONE,quinidine,dronedarone,moderate,PE,"Risque de bradycardie ou de bloc auriculo-ventriculaire, notamment chez le sujet âgé. Par ailleurs, légère augmentation des concentrations de dronédarone par diminution de son métabolisme par la quinidine.","Débuter le traitement par la quinidine aux posologies minimales recommandées, et ajuster les doses en fonction de l’ECG.",206
QUINIDINE,INHIBITEURS DE PROTÉASES BOOSTÉS PAR RITONAVIR,quinidine,inhibiteurs de proteases boostes par ritonavir,critical,CI,"Risque majoré de troubles du rythme ventriculaire, notamment de torsades de pointes.",,206
QUINIDINE,ITRACONAZOLE,quinidine,itraconazole,moderate,PE,"Risque majoré de troubles du rythme ventriculaire, notamment de torsades de pointes, ainsi que d'acouphènes et/ou de diminution de l'acuité auditive (cinchonisme), par diminution du métabolisme hépatique de la quinidine.",Surveillance clinique.,206
QUINIDINE,OMBITASVIR + PARITAPRÉVIR,quinidine,ombitasvir + paritaprevir,critical,CI,Augmentation des concentrations plasmatiques de la quinidine par diminution de son métabolisme hépatique par la bithérapie.,,206
QUINIDINE,STIRIPENTOL,quinidine,stiripentol,moderate,PE,"Risque majoré de troubles du rythme ventriculaire, notamment de torsades de pointes.",Surveillance clinique.,206
QUINIDINE,TALAZOPARIB,quinidine,talazoparib,moderate,PE,Augmentation des concentrations de talazoparib avec risque de majoration de la toxicité.,Réduire la dose de talazoparib.,207
QUINIDINE,TAMOXIFENE,quinidine,tamoxifene,high,ASDEC,"Risque de baisse de l'efficacité du tamoxifène, par inhibition de la formation de son métabolite actif par la quinidine.",,207
QUINIDINE,TETRABENAZINE,quinidine,tetrabenazine,critical,CI,Augmentation possiblement très importante de l’exposition des métabolites actifs de la tétrabénazine.,,207
QUINIDINE,TRAMADOL,quinidine,tramadol,high,ASDEC,Diminution de l’efficacité de l’opiacé par inhibition de son métabolisme par l’inhibiteur.,,207
QUINIDINE,TRICLABENDAZOLE,quinidine,triclabendazole,moderate,PE,"Risque majoré de troubles du rythme ventriculaire, notamment de torsades de pointes (inhibition du métabolisme hépatique du médicament torsadogène).",Surveillance clinique.,207
QUINIDINE,VERAPAMIL,quinidine,verapamil,high,ASDEC,"Risque de majoration importante des effets hémodynamiques du vérapamil, avec hypotension et bradycardie sévères.",,207
QUINIDINE,VORICONAZOLE,quinidine,voriconazole,critical,CI,"Risque majoré de troubles du rythme ventriculaire, notamment de torsades de pointes.",,207
QUININE,DIGOXINE,quinine,digoxine,moderate,PE,Augmentation modérée de la digoxinémie.,"Surveillance clinique et ECG, si besoin, avec adaptation éventuelle des doses de digoxine.",207
QUININE,INDUCTEURS ENZYMATIQUES PUISSANTS,quinine,inducteurs enzymatiques puissants,moderate,PE,Risque de perte de l’efficacité de la quinine par augmentation de son métabolisme hépatique par l’inducteur.,Surveillance clinique et adaptation de la posologie de la quinine pendant le traitement par l’inducteur et après son arrêt.,207
QUININE,INHIBITEURS PUISSANTS DU CYP3A4,quinine,inhibiteurs puissants du cyp3a4,high,ASDEC;PE,"Risque de majoration des effets indésirables de la quinine, notamment troubles du rythme ventriculaire et troubles neurosensoriels (cinchonisme).","Association déconseillée : - avec les inhibiteurs de protéases Précaution d’emploi : - avec les azolés antifongiques, certains macrolides, le tucatinib. Surveillance clinique et ECG. Adaptation éventuelle de la posologie de la quinine pendant le traitement par l’inhibiteur enzymatique et après son arrêt.",207
QUININE,MEFLOQUINE,quinine,mefloquine,high,ASDEC,Pour la quinine administrée par voie IV : risque majoré de survenue de crises épileptiques par addition des effets proconvulsivants.,Respecter un délai minimum de 12 heures entre la fin de l'administration IV de quinine et le début de l'administration de méfloquine.,207
QUININE,RIFAMPICINE,quinine,rifampicine,high,ASDEC,Risque de perte de l’efficacité de la quinine par augmentation de son métabolisme hépatique par l’inducteur.,,207
QUINUPRISTINE,DIHYDROERGOTAMINE,quinupristine,dihydroergotamine,critical,CI,Ergotisme avec possibilité de nécrose des extrémités (inhibition du métabolisme hépatique de l'alcaloïde de l'ergot de seigle).,,207
QUINUPRISTINE,ERGOTAMINE,quinupristine,ergotamine,critical,CI,Ergotisme avec possibilité de nécrose des extrémités (inhibition du métabolisme hépatique de l'alcaloïde de l'ergot de seigle).,,208
QUINUPRISTINE,IMMUNOSUPPRESSEURS,quinupristine,immunosuppresseurs,moderate,PE,Augmentation des concentrations sanguines de l'immunosuppresseur par inhibition de son métabolisme hépatique.,"Dosage des concentrations sanguines de l'immunosuppresseur, contrôle de la fonction rénale et adaptation de la posologie pendant l'association et après son arrêt.",208
QUINUPRISTINE,PIMOZIDE,quinupristine,pimozide,high,ASDEC,"Risque majoré de troubles du rythme ventriculaire, notamment de torsades de pointes.",,208
RALTÉGRAVIR,RIFAMPICINE,raltegravir,rifampicine,high,ASDEC,Diminution des concentrations du raltégravir par la rifampicine.,"Si l’association ne peut être évitée, un doublement de la dose de raltégravir peut être envisagé.",208
RANOLAZINE,ATORVASTATINE,ranolazine,atorvastatine,moderate,PE,Risque majoré d'effets indésirables (concentration-dépendants) à type de rhabdomyolyse par inhibition du métabolisme de l'atorvastatine par la ranolazine.,Utiliser des doses plus faibles d’hypocholestérolémiant ou une autre statine non concernée par ce type d’interaction.,208
RANOLAZINE,DIGOXINE,ranolazine,digoxine,moderate,PE,Augmentation de la digoxinémie.,"Surveillance clinique, biologique et éventuellement ECG. Adaptation de la posologie de la digoxine, si besoin.",208
RANOLAZINE,IMMUNOSUPPRESSEURS,ranolazine,immunosuppresseurs,moderate,PE,Augmentation des concentrations sanguines de l'immunosuppresseur par inhibition de son métabolisme par la ranolazine.,"Surveillance clinique et biologique, et adaptation éventuelle de la posologie de l’immunosuppresseur.",208
RANOLAZINE,INDUCTEURS ENZYMATIQUES PUISSANTS,ranolazine,inducteurs enzymatiques puissants,high,ASDEC,Risque de diminution importante des concentrations de ranolazine.,,208
RANOLAZINE,INHIBITEURS PUISSANTS DU CYP3A4,ranolazine,inhibiteurs puissants du cyp3a4,critical,CI,Augmentation des concentrations de ranolazine par diminution de son métabolisme par l'inhibiteur.,,208
RANOLAZINE,RIFAMPICINE,ranolazine,rifampicine,high,ASDEC,Diminution très importante des concentrations de ranolazine.,,208
RANOLAZINE,SIMVASTATINE,ranolazine,simvastatine,moderate,PE,Risque majoré d'effets indésirables (concentration-dépendants) à type de rhabdomyolyse par inhibition du métabolisme de la simvastatine par la ranolazine.,Ne pas dépasser la posologie de 20 mg/j de simvastatine ou utiliser une autre statine non concernée par ce type d’interaction.,208
RÉGORAFÉNIB,INDUCTEURS ENZYMATIQUES,regorafenib,inducteurs enzymatiques,high,ASDEC,Diminution des concentrations plasmatiques de régorafenib par augmentation de son métabolisme par l’inducteur.,,208
RÉGORAFÉNIB,INHIBITEURS PUISSANTS DU CYP3A4,regorafenib,inhibiteurs puissants du cyp3a4,high,ASDEC,Augmentation des concentrations plasmatiques de régorafenib par diminution de son métabolisme hépatique par l’inhibiteur.,,208
RÉGORAFÉNIB,MILLEPERTUIS,regorafenib,millepertuis,high,ASDEC,Diminution des concentrations plasmatiques de régorafenib par augmentation de son métabolisme par le millepertuis,,209
RÉGORAFÉNIB,PAMPLEMOUSSE (JUS ET FRUIT),regorafenib,pamplemousse (jus et fruit),high,ASDEC,Augmentation des concentrations plasmatiques de régorafenib par diminution de son métabolisme hépatique par le pamplemousse.,,209
REPAGLINIDE,ANALOGUES DE LA SOMATOSTATINE,repaglinide,analogues de la somatostatine,moderate,PE,"Risque d'hypoglycémie ou d'hyperglycémie : diminution ou augmentation des besoins en repaglidine, par diminution ou augmentation de la sécrétion de glucagon endogène.",Renforcer l'autosurveillance glycémique et adapter si besoin la posologie de la repaglidine pendant le traitement par l'analogue de la somatostatine.,209
REPAGLINIDE,CICLOSPORINE,repaglinide,ciclosporine,high,ASDEC,Augmentation de plus du double des concentrations du répaglinide par augmentation de son absorption.,,209
REPAGLINIDE,CLARITHROMYCINE,repaglinide,clarithromycine,moderate,PE,Risque d'hypoglycémie par augmentation des concentrations plasmatiques du répaglinide.,"Prévenir le patient, renforcer l'autosurveillance glycémique et adapter éventuellement la posologie de l'hypoglycémiant pendant le traitement par la clarithromycine.",209
REPAGLINIDE,CLOPIDOGREL,repaglinide,clopidogrel,low,APEC,"Augmentation des concentrations du répaglinide par le clopidogrel, avec risque de majoration des effets indésirables.",,209
REPAGLINIDE,DEFERASIROX,repaglinide,deferasirox,high,ASDEC,"Risque d’augmentation des concentrations plasmatique de répaglinide, par inhibition de son métabolisme hépatique par le deferasirox.","Si l’association ne peut être évitée, surveillance clinique et biologique étroite.",209
REPAGLINIDE,GEMFIBROZIL,repaglinide,gemfibrozil,critical,CI,"Risque d'hypoglycémie sévère voire de coma, par augmentation importante des concentrations plasmatiques de repaglinide par le gemfibrozil.",,209
REPAGLINIDE,SELPERCATINIB,repaglinide,selpercatinib,high,ASDEC,"Augmentation importante des concentrations plasmatiques de répaglinide, avec risque d'hypoglycémie, par diminution du métabolisme du répaglinide par le selpercatinib.",,209
REPAGLINIDE,TRIMETHOPRIME,repaglinide,trimethoprime,high,ASDEC,Risque d’augmentation des concentrations plasmatiques de répaglinide par inhibition de son métabolisme hépatique par le triméthoprime.,"Si l’association ne peut être évitée, surveillance clinique et biologique étroite.",209
RESERPINE,IMAO IRRÉVERSIBLES,reserpine,imao irreversibles,critical,CI,"Agitation psychomotrice, convulsions, hypertension.",,209
RESERPINE,LEVODOPA,reserpine,levodopa,critical,CI,Inhibition des effets de la lévodopa.,,209
RÉSINES CHÉLATRICES,MÉDICAMENTS ADMINISTRÉS PAR VOIE ORALE,resines chelatrices,medicaments administres par voie orale,moderate,PE,"La prise de résine chélatrice peut diminuer l’absorption intestinale et, potentiellement, l’efficacité d’autres médicaments pris simultanément.","D’une façon générale, la prise de la résine doit se faire à distance de celle des autres médicaments, en respectant un intervalle de plus de 2 heures, si possible.",209
RÉSINES CHÉLATRICES,HORMONES THYROÏDIENNES,resines chelatrices,hormones thyroidiennes,moderate,PE,Diminution de l'absorption digestive des hormones thyroïdiennes.,"Prendre les hormones thyroïdiennes à distance de la résine (plus de 2 heures, si possible).",210
RÉSINES CHÉLATRICES,ROXADUSTAT,resines chelatrices,roxadustat,moderate,PE,"La prise de résine chélatrice peut diminuer l’absorption intestinale et, potentiellement, l’efficacité du roxadustat pris simultanément.","Prendre le roxadustat à distance de la résine (plus de 1 heure, si possible).",210
RÉTINOÏDES,AUTRES RÉTINOÏDES,retinoides,autres retinoides,critical,CI,Risque de symptômes évocateurs d’une hypervitaminose A.,,210
RÉTINOÏDES,CYCLINES,retinoides,cyclines,critical,CI,Risque d'hypertension intracrânienne.,,210
RÉTINOÏDES,VITAMINE A,retinoides,vitamine a,critical,CI,Risque de symptômes évocateurs d’une hypervitaminose A.,,210
RIBAVIRINE,ANTIPURINES,ribavirine,antipurines,high,ASDEC,"Risque majoré d'effets indésirables graves, par inhibition du métabolisme de l'immunomodulateur par la ribavirine.",,210
RIBAVIRINE,DIDANOSINE,ribavirine,didanosine,high,ASDEC,Risque de majoration de la toxicité mitochondriale de la didanosine par augmentation de son métabolite actif.,,210
RIBAVIRINE,STAVUDINE,ribavirine,stavudine,moderate,PE,"Risque de diminution de l'efficacité de chaque antiviral, par antagonisme compétitif de la réaction de phosphorylation à l'origine des métabolites actifs.","Surveillance clinique et biologique régulière, notamment en début d'association.",210
RIBAVIRINE,ZIDOVUDINE,ribavirine,zidovudine,moderate,PE,"Risque de diminution de l'efficacité de chaque antiviral, par antagonisme compétitif de la réaction de phosphorylation à l'origine des métabolites actifs.","Surveillance clinique et biologique régulière, notamment en début d'association.",210
RIFABUTINE,ATOVAQUONE,rifabutine,atovaquone,low,APEC,Diminution modérée des concentrations plasmatiques d'atovaquone par l'inducteur enzymatique.,,210
RIFABUTINE,CLARITHROMYCINE,rifabutine,clarithromycine,moderate,PE,"Risque d'augmentation des effets indésirables de la rifabutine (uvéites) par augmentation de ses concentrations et de celle de son métabolite actif par la clarithromycine. De plus, augmentation du métabolisme de la clarithromycine par la rifabutine, avec augmentation des concentrations de son métabolite actif.","Surveillance clinique et biologique régulière, notamment en début d'association.",210
RIFABUTINE,COBICISTAT,rifabutine,cobicistat,moderate,PE,"Augmentation très importante du métabolite de la rifabutine, avec risque de majoration de sa toxicité (uvéites, neutropénies). Par ailleurs, possible diminution des concentrations de cobicistat.","Réduction de la dose de rifabutine (150 mg 1 jour sur deux). Surveillance clinique et biologique régulière, notamment en début d'association.",210
RIFABUTINE,EFAVIRENZ,rifabutine,efavirenz,moderate,PE,"Diminution importante des concentrations de rifabutine, par augmentation de son métabolisme hépatique par l’éfavirenz. Egalement, possibilité de diminution importante des concentrations d'éfavirenz par la rifabutine.",Adaptation éventuelle de la posologie de la rifabutine ou de l'éfavirenz pendant la durée de l'association.,210
RIFABUTINE,ELVITÉGRAVIR,rifabutine,elvitegravir,low,APEC,Diminution des concentrations minimales d’elvitégravir.,,211
RIFABUTINE,FLUCONAZOLE,rifabutine,fluconazole,moderate,PE,"Risque d'accroissement des effets indésirables de la rifabutine (uvéites), par augmentation de ses concentrations et de celles de son métabolite actif.","Surveillance clinique et biologique régulière, notamment en début d'association.",211
RIFABUTINE,HORMONES THYROÏDIENNES,rifabutine,hormones thyroidiennes,moderate,PE,"Décrit pour la phénytoïne, la rifampicine, la carbamazépine. Risque d'hypothyroïdie clinique chez les patients hypothyroïdiens, par augmentation du métabolisme de la T3 et de la T4.","Surveillance clinique et biologique. Adaptation, si besoin, de la posologie des hormones thyroïdiennes pendant le traitement par la rifabutine et après son arrêt.",211
RIFABUTINE,INHIBITEURS DE PROTÉASES BOOSTÉS PAR RITONAVIR,rifabutine,inhibiteurs de proteases boostes par ritonavir,moderate,PE,"Risque de baisse de l'efficacité de l'inhibiteur de protéases (ce d'autant que la posologie de la rifabutine est élevée) d'une part, et risque d'augmentation des effets indésirables (uvéites) de la rifabutine, d'autre part.","Réduction de la dose de rifabutine (150 mg 1 jour sur deux). Surveillance clinique et biologique régulière, notamment en début d'association.",211
RIFABUTINE,LÉDIPASVIR,rifabutine,ledipasvir,critical,CI,"Diminution des concentrations plasmatiques de lédipasvir par la rifabutine, avec possible retentissement sur l’efficacité.",,211
RIFABUTINE,POSACONAZOLE,rifabutine,posaconazole,high,ASDEC,"Risque d'accroissement des effets indésirables de la rifabutine (uvéites), par augmentation de ses concentrations et de celles de son métabolite actif.","Surveillance clinique et biologique régulière, notamment en début d'association.",211
RIFABUTINE,VELPATASVIR,rifabutine,velpatasvir,critical,CI,"Diminution des concentrations plasmatiques de velpatasvir par la rifabutine, avec possible retentissement sur l’efficacité.",,211
RIFABUTINE,VORICONAZOLE,rifabutine,voriconazole,high,ASDEC,"Diminution des concentrations plasmatiques du voriconazole avec risque de perte d'efficacité, par augmentation de son métabolisme hépatique par la rifabutine d'une part, et risque d'augmentation des effets indésirables (uvéites) de la rifabutine d'autre part.","Si l'association est jugée néccessaire, surveillance clinique et adaptation de la posologie du voriconazole (en général doublée) pendant le traitement par la rifabutine.",211
RIFAMPICINE,ABIRATERONE,rifampicine,abiraterone,high,ASDEC,"Diminution notable des concentrations plasmatiques de l’abiratérone, avec risque de moindre efficacité.",,211
RIFAMPICINE,AFATINIB,rifampicine,afatinib,moderate,PE,Diminution des concentrations plasmatiques de l’afatinib par augmentation de son métabolisme par la rifampicine.,Surveillance clinique pendant l’association et 1 à 2 semaines après leur arrêt.,211
RIFAMPICINE,ALBENDAZOLE,rifampicine,albendazole,moderate,PE,"Diminution importante des concentrations plasmatiques de l’albendazole et de son métabolite actif par l’inducteur, avec risque de baisse de son efficacité.",Surveillance clinique de la réponse thérapeutique et adaptation éventuelle de la posologie de l’albendazole pendant le traitement avec l’inducteur enzymatique et après son arrêt.,211
RIFAMPICINE,ANTAGONISTES DES CANAUX CALCIQUES,rifampicine,antagonistes des canaux calciques,high,ASDEC;PE,Diminution des concentrations plasmatiques de l'antagoniste du calcium par augmentation de son métabolisme hépatique.,Association déconseillée avec la nimodipine Précaution d'emploi : Surveillance clinique et adaptation éventuelle de la posologie de l'antagoniste du calcium pendant le traitement par la rifampicine et après son arrêt.,211
RIFAMPICINE,ANTIARYTHMIQUES CLASSE IA,rifampicine,antiarythmiques classe ia,moderate,PE,Diminution des concentrations plasmatiques et de l'efficacité de l'antiarythmique (augmentation de son métabolisme hépatique).,"Surveillance clinique, ECG et éventuellement de la concentration plasmatique de l'antiarythmique. Si besoin, adaptation de la posologie de l'antiarythmique pendant le traitement par la rifampicine et après son arrêt (risque de surdosage en antiarythmique).",211
RIFAMPICINE,ANTIVITAMINES K,rifampicine,antivitamines k,moderate,PE,Diminution de l'effet de l'antivitamine K par augmentation de son métabolisme hépatique par la rifampicine.,Contrôle plus fréquent de l'INR. Adaptation éventuelle de la posologie de l'antivitamine K pendant le traitement par la rifampicine et 8 jours après son arrêt.,212
RIFAMPICINE,APIXABAN,rifampicine,apixaban,high,ASDEC,"Diminution des concentrations plasmatiques de l’apixaban par la rifampicine, avec risque de diminution de l’effet thérapeutique.",,212
RIFAMPICINE,APREPITANT,rifampicine,aprepitant,high,ASDEC,Diminution très importante des concentrations d'aprépitant.,,212
RIFAMPICINE,ATORVASTATINE,rifampicine,atorvastatine,high,ASDEC,"Diminution très importante des concentrations plasmatiques d'atorvastatine, par augmentation de son métabolisme hépatique par la rifampicine.",,212
RIFAMPICINE,ATOVAQUONE,rifampicine,atovaquone,high,ASDEC,Diminution des concentrations plasmatiques d'atovaquone par l'inducteur enzymatique.,,212
RIFAMPICINE,BICTÉGRAVIR,rifampicine,bictegravir,critical,CI,"Diminution très importante des concentrations de bictégravir, avec risque de perte d’efficacité.",,212
RIFAMPICINE,BOSENTAN,rifampicine,bosentan,high,ASDEC,"Risque de diminution, importante pour la rifampicine, des concentrations plasmatiques de bosentan.",,212
RIFAMPICINE,BUSPIRONE,rifampicine,buspirone,moderate,PE,Diminution des concentrations plasmatiques de la buspirone par augmentation de son métabolisme hépatique par la rifampicine.,Surveillance clinique et adaptation éventuelle de la posologie de la buspirone pendant le traitement par rifampicine et après son arrêt.,212
RIFAMPICINE,CANNABIDIOL,rifampicine,cannabidiol,high,ASDEC,Diminution des concentrations plasmatiques de cannabidiol avec risque de perte d’efficacité.,,212
RIFAMPICINE,CARBAMAZEPINE,rifampicine,carbamazepine,moderate,PE,Diminution des concentrations plasmatiques et de l'efficacité de la carbamazépine par augmentation de son métabolisme hépatique par la rifampicine.,"Surveillance clinique, contrôle des concentrations plasmatiques et adaptation de la posologie de la carbamazépine pendant le traitement par la rifampicine et après son arrêt.",212
RIFAMPICINE,CARVEDILOL,rifampicine,carvedilol,moderate,PE,"Diminution importante des concentrations plasmatiques du carvédilol, par augmentation de son métabolisme hépatique par la rifampicine.","Surveillance clinique régulière et adaptation de la posologie du carvédilol pendant le traitement par la rifampicine. A l'arrêt de la rifampicine, risque de remontée importante des concentrations plasmatiques de carvédilol imposant une réduction posologique et une surveillance clinique étroite.",212
RIFAMPICINE,CLARITHROMYCINE,rifampicine,clarithromycine,moderate,PE,"Diminution des concentrations plasmatiques et risque de baisse de l'efficacité de la clarithromycine, notamment chez le patient HIV, par augmentation de son métabolisme hépatique par la rifampicine.",Surveillance clinique et biologique régulière.,212
RIFAMPICINE,CLOZAPINE,rifampicine,clozapine,moderate,PE,Risque d'inefficacité du traitement antipsychotique (diminution des concentrations plasmatiques de clozapine par augmentation de son métabolisme hépatique).,Surveillance clinique et augmentation éventuelle de la posologie de la clozapine durant le traitement par la rifampicine.,212
RIFAMPICINE,COBICISTAT,rifampicine,cobicistat,critical,CI,Risque de diminution de l’efficacité du cobicistat par augmentation de son métabolisme par l’inducteur.,,212
RIFAMPICINE,DABIGATRAN,rifampicine,dabigatran,high,ASDEC,"Diminution des concentrations plasmatiques de dabigatran, avec risque de diminution de l'effet thérapeutique.",,213
RIFAMPICINE,DAROLUTAMIDE,rifampicine,darolutamide,high,ASDEC,Diminution des concentrations plasmatiques de dalorutamide avec risque de perte d’efficacité.,,213
RIFAMPICINE,DEFERASIROX,rifampicine,deferasirox,moderate,PE,Risque de diminution des concentrations plasmatiques de déférasirox.,"Surveiller la ferritinémie pendant et après le traitement par l’inducteur enzymatique. Si besoin, adaptation de la posologie de déférasirox.",213
RIFAMPICINE,DÉLAMANID,rifampicine,delamanid,critical,CI,Diminution des concentrations plasmatiques de delamanid par augmentation de son métabolisme hépatique par l’inducteur.,,213
RIFAMPICINE,DIGOXINE,rifampicine,digoxine,moderate,PE,Diminution modeste des concentrations de digoxine.,Surveillance clinique et ECG.,213
RIFAMPICINE,DOXYCYCLINE,rifampicine,doxycycline,low,APEC,Risque de diminution importante des concentrations de doxycycline.,,213
RIFAMPICINE,DRONEDARONE,rifampicine,dronedarone,high,ASDEC,"Diminution importante des concentrations de dronédarone par augmentation de son métabolisme, sans modification notable du métabolite actif.",,213
RIFAMPICINE,EFAVIRENZ,rifampicine,efavirenz,moderate,PE,Diminution des concentrations plasmatiques et de l'efficacité de l'éfavirenz par augmentation de son métabolisme hépatique par la rifampicine.,"Surveillance clinique et biologique régulière, notamment en début d'association.",213
RIFAMPICINE,ESZOPICLONE,rifampicine,eszopiclone,moderate,PE,Risque de diminution des concentrations plasmatiques et de l'efficacité de l’eszopiclone par augmentation de son métabolisme hépatique par la rifampicine.,Surveillance clinique. Utiliser éventuellement un autre hypnotique.,213
RIFAMPICINE,EXEMESTANE,rifampicine,exemestane,low,APEC,Risque de diminution de l'efficacité de l'exemestane par augmentation de son métabolisme hépatique par l'inducteur enzymatique.,,213
RIFAMPICINE,FENTANYL,rifampicine,fentanyl,high,ASDEC,Diminution des concentrations plasmatiques de fentanyl par augmentation de son métabolisme hépatique par la rifampicine.,Préférer un autre morphinique.,213
RIFAMPICINE,FLUCONAZOLE,rifampicine,fluconazole,high,ASDEC,Diminution des concentrations plasmatiques et de l'efficacité du fluconazole par augmentation de son métabolisme par la rifampicine.,,213
RIFAMPICINE,HALOPERIDOL,rifampicine,haloperidol,moderate,PE,"Risque de diminution des concentrations plasmatiques de l'halopéridol et de son efficacité thérapeutique, par augmentation de son métabolisme hépatique par la rifampicine.","Surveillance clinique et, si besoin, adaptation posologique pendant le traitement par la rifampicine et après son arrêt.",213
RIFAMPICINE,HORMONES THYROÏDIENNES,rifampicine,hormones thyroidiennes,moderate,PE,"Risque d'hypothyroïdie clinique chez les patients hypothyroïdiens, par augmentation du métabolisme de la T3 et de la T4.","Surveillance clinique et biologique. Adaptation, si besoin, de la posologie des hormones thyroïdiennes pendant le traitement par la rifampicine et après son arrêt.",213
RIFAMPICINE,IDÉLALISIB,rifampicine,idelalisib,high,ASDEC,Diminution des concentrations plasmatiques d’idélalisib par augmentation de son métabolisme hépatique par l’inducteur.,,213
RIFAMPICINE,INHIBITEURS DE LA 5-ALPHA REDUCTASE,rifampicine,inhibiteurs de la 5-alpha reductase,high,ASDEC,Diminution des concentrations plasmatiques de l’inhibiteur de la 5- alpha réductase par l’inducteur enzymatique.,"Si l’association ne peut être évitée, surveillance clinique étroite.",214
RIFAMPICINE,INHIBITEURS DE PROTÉASES BOOSTÉS PAR RITONAVIR,rifampicine,inhibiteurs de proteases boostes par ritonavir,critical,CI,"Diminution très importante des concentrations plasmatiques de l'inhibiteur de protéases, par augmentation de son métabolisme hépatique par la rifampicine. Pour l'association (saquinavir + ritonavir) : risque de toxicité hépatocellulaire sévère.","Dans l'attente de données complémentaires avec les inhibiteurs de protéases ""boostés"".",214
RIFAMPICINE,INHIBITEURS DE TYROSINE KINASES MÉTABOLISÉS,rifampicine,inhibiteurs de tyrosine kinases metabolises,high,ASDEC,"Diminution des concentrations plasmatiques et de l’efficacité de l’inhibiteur de tyrosine kinase, par augmentation de son métabolisme par l’inducteur.",,214
RIFAMPICINE,ISONIAZIDE,rifampicine,isoniazide,moderate,PE,Augmentation de l'hépatotoxicité de l'isoniazide (augmentation de la formation de métabolites toxiques de l'isoniazide).,"Surveillance clinique et biologique de cette association classique. En cas d'hépatite, arrêter l'isoniazide.",214
RIFAMPICINE,IVABRADINE,rifampicine,ivabradine,moderate,PE,"Risque de diminution de l'efficacité de l’ivabradine, par augmentation de son métabolisme par la rifampicine.",Surveillance clinique et adaptation de la posologie de l’ivabradine pendant l’association et après l’arrêt de la rifampicine.,214
RIFAMPICINE,KETOCONAZOLE,rifampicine,ketoconazole,high,ASDEC,Diminution des concentrations plasmatiques et de l'efficacité des deux anti-infectieux (induction enzymatique par la rifampicine et diminution de l'absorption intestinale par l’azolé antifongique).,,214
RIFAMPICINE,LÉDIPASVIR,rifampicine,ledipasvir,critical,CI,Diminution importante des concentrations plasmatiques du lédipasvir par augmentation de son métabolisme hépatique par la rifampicine.,,214
RIFAMPICINE,LÉNACAPAVIR,rifampicine,lenacapavir,critical,CI,"Diminution, éventuellement considérable, des concentrations de lénacapavir, avec risque de réduction de la réponse virologique.",,214
RIFAMPICINE,LINEZOLIDE,rifampicine,linezolide,moderate,PE,Risque de diminution de l'efficacité du linézolide par augmentation de son métabolisme hépatique par la rifampicine.,Surveillance clinique et augmentation éventuelle de la posologie du linézolide pendant le traitement par la rifampicine.,214
RIFAMPICINE,METOPROLOL,rifampicine,metoprolol,low,APEC,Diminution des concentrations plasmatiques et de l'efficacité du bêta-bloquant (augmentation de son métabolisme hépatique).,,214
RIFAMPICINE,METRONIDAZOLE,rifampicine,metronidazole,moderate,PE,Diminution des concentrations plasmatiques du métronidazole par augmentation de son métabolisme hépatique par la rifampicine.,Surveillance clinique et adaptation éventuelle de la posologie de métronidazole pendant le traitement par la rifampicine et après son arrêt.,214
RIFAMPICINE,MIDAZOLAM,rifampicine,midazolam,high,ASDEC,"Risque d'absence d'effet du midazolam, avec diminution très importante de ses concentrations plasmatiques, par augmentation de son métabolisme hépatique.",,214
RIFAMPICINE,MINÉRALOCORTICOÏDES,rifampicine,mineralocorticoides,moderate,PE,Diminution des concentrations plasmatiques et de l'efficacité des corticoïdes par augmentation de leur métabolisme hépatique par la rifampicine ; les conséquences sont particulièrement importantes chez les addisoniens traités par l'hydrocortisone et en cas de transplantation.,Surveillance clinique et biologique ; adaptation de la posologie des corticoïdes pendant le traitement par la rifampicine et après son arrêt.,214
RIFAMPICINE,MONTELUKAST,rifampicine,montelukast,moderate,PE,Risque de baisse de l'efficacité du montélukast par augmentation de son métabolisme hépatique par la rifampicine.,Surveillance clinique et adaptation éventuelle de la posologie de l'antiasthmatique pendant le traitement par la rifampicine et après son arrêt.,214
RIFAMPICINE,MORPHINE,rifampicine,morphine,moderate,PE,Diminution des concentrations plasmatiques et de l'efficacité de la morphine et de son métabolite actif.,Surveillance clinique et adaptation éventuelle de la posologie de la morphine pendant le traitement par la rifampicine et après son arrêt.,215
RIFAMPICINE,NEVIRAPINE,rifampicine,nevirapine,high,ASDEC,Diminution des concentrations plasmatiques de la névirapine par augmentation de son métabolisme hépatique par la rifampicine.,,215
RIFAMPICINE,NIMODIPINE,rifampicine,nimodipine,high,ASDEC,Diminution des concentrations plasmatiques de l'antagoniste du calcium par augmentation de son métabolisme hépatique.,Surveillance clinique et adaptation éventuelle de la posologie de l'antagoniste du calcium pendant le traitement par la rifampicine et après son arrêt.,215
RIFAMPICINE,NINTÉDANIB,rifampicine,nintedanib,moderate,PE,Diminution des concentrations plasmatiques du nintédanib par diminution de son absorption par la rifampicine.,Surveillance clinique pendant l’association.,215
RIFAMPICINE,OZANIMOD,rifampicine,ozanimod,high,ASDEC,Diminution des concentrations des métabolites actifs de l’ozanimod d’environ 60%.,,215
RIFAMPICINE,PÉRAMPANEL,rifampicine,perampanel,low,APEC,Diminution importante (jusqu’aux deux-tiers) des concentrations de pérampanel.,,215
RIFAMPICINE,POSACONAZOLE,rifampicine,posaconazole,high,ASDEC,Diminution des concentrations plasmatiques et de l'efficacité des deux anti-infectieux (induction enzymatique par la rifampicine et diminution de l'absorption intestinale par l’azolé antifongique).,,215
RIFAMPICINE,PRAZIQUANTEL,rifampicine,praziquantel,critical,CI,"Diminution très importante des concentrations plasmatiques du praziquantel, avec risque d'échec du traitement, par augmentation du métabolisme hépatique du praziquantel par la rifampicine.",,215
RIFAMPICINE,PROPAFENONE,rifampicine,propafenone,moderate,PE,"Diminution des concentrations plasmatiques de la propafénone, par augmentation de son métabolisme hépatique par la rifampicine.","Surveillance clinique et ECG. S'il y a lieu, adaptation de la posologie de la propafénone pendant l'association et après l'arrêt de la rifampicine.",215
RIFAMPICINE,PROPRANOLOL,rifampicine,propranolol,low,APEC,Diminution des concentrations plasmatiques et de l'efficacité du bêta-bloquant (augmentation de son métabolisme hépatique).,,215
RIFAMPICINE,QUETIAPINE,rifampicine,quetiapine,high,ASDEC,"Diminution très importante des concentrations plasmatiques de quétiapine par augmentation de son métabolisme hépatique par l'inducteur, avec risque d’inefficacité.",,215
RIFAMPICINE,QUININE,rifampicine,quinine,high,ASDEC,Risque de perte de l’efficacité de la quinine par augmentation de son métabolisme hépatique par l’inducteur.,,215
RIFAMPICINE,RALTÉGRAVIR,rifampicine,raltegravir,high,ASDEC,Diminution des concentrations du raltégravir par la rifampicine.,"Si l’association ne peut être évitée, un doublement de la dose de raltégravir peut être envisagé.",215
RIFAMPICINE,RANOLAZINE,rifampicine,ranolazine,high,ASDEC,Diminution très importante des concentrations de ranolazine.,,215
RIFAMPICINE,RIVAROXABAN,rifampicine,rivaroxaban,high,ASDEC,"Diminution des concentrations plasmatiques de rivaroxaban, avec risque de diminution de l'effet thérapeutique.",,215
RIFAMPICINE,SACITUZUMAB,rifampicine,sacituzumab,low,APEC,"Pour le SN38 lié au sacizutumab (govitécan) : risque de diminution de son exposition, par augmentation de son métabolisme.",,216
RIFAMPICINE,SIMVASTATINE,rifampicine,simvastatine,high,ASDEC,"Diminution très importante des concentrations plasmatiques de simvastatine, par augmentation de son métabolisme hépatique par la rifampicine.",,216
RIFAMPICINE,SOTORASIB,rifampicine,sotorasib,high,ASDEC,"Diminution notable des concentrations plasmatiques du sotorasib, avec risque de moindre efficacité.",,216
RIFAMPICINE,TELITHROMYCINE,rifampicine,telithromycine,high,ASDEC,"Diminution très importante des concentrations plasmatiques de la télithromycine, avec risque d'échec du traitement anti-infectieux, par augmentation du métabolisme hépatique de la télithromycine par la rifampicine.",,216
RIFAMPICINE,TÉNOFOVIR ALAFÉNAMIDE,rifampicine,tenofovir alafenamide,high,ASDEC,Diminution des concentrations plasmatiques du ténofovir alafénamide par diminution de son absorption par la rifampicine.,Surveillance clinique pendant l’association et 1 à 2 semaines après l’arrêt de la rifampicine.,216
RIFAMPICINE,TERBINAFINE,rifampicine,terbinafine,moderate,PE,"Diminution des concentrations plasmatiques et de l'efficacité de la terbinafine, par augmentation de son métabolisme hépatique par la rifampicine.","Surveillance clinique. Si besoin, adaptation de la posologie de la terbinafine pendant le traitement par la rifampicine.",216
RIFAMPICINE,"THÉOPHYLLINE (ET, PAR EXTRAPOLATION, AMINOPHYLLINE)",rifampicine,"theophylline (et, par extrapolation, aminophylline)",moderate,PE,Diminution des concentrations plasmatiques et de l'efficacité de la théophylline (augmentation de son métabolisme par induction enzymatique).,"Surveillance clinique et, si besoin, de la théophyllinémie. Adapter, s'il y a lieu, la posologie de la théophylline pendant le traitement par la rifampicine et après son arrêt.",216
RIFAMPICINE,TIAGABINE,rifampicine,tiagabine,moderate,PE,Diminution des concentrations plasmatiques de la tiagabine par augmentation de son métabolisme hépatique.,Une augmentation de la posologie de la tiagabine peut s’avérer nécessaire en cas d’association à la rifampicine.,216
RIFAMPICINE,TICAGRELOR,rifampicine,ticagrelor,high,ASDEC,"Diminution importante des concentrations plasmatiques de ticagrelor par augmentation de son métabolisme hépatique par la rifampicine, avec risque de diminution de l’effet thérapeutique.",,216
RIFAMPICINE,ULIPRISTAL,rifampicine,ulipristal,high,ASDEC,"Risque de diminution de l’effet de l’ulipristal, par augmentation de son métabolisme hépatique par l’inducteur.",Préférer une alternative thérapeutique peu ou pas métabolisée.,216
RIFAMPICINE,"VALPROÏQUE (ACIDE) ET, PAR EXTRAPOLATION, VALPROMIDE",rifampicine,"valproique (acide) et, par extrapolation, valpromide",moderate,PE,"Risque de survenue de crises convulsives, par augmentation du métabolisme hépatique du valproate par la rifampicine.","Surveillance clinique et biologique, et adaptation éventuelle de la posologie de l'anticonvulsivant pendant le traitement par la rifampicine et après son arrêt.",216
RIFAMPICINE,VELPATASVIR,rifampicine,velpatasvir,critical,CI,"Diminution des concentrations plasmatiques de velpatasvir par la rifampicine, avec possible retentissement sur l’efficacité.",,216
RIFAMPICINE,VITAMINE D,rifampicine,vitamine d,moderate,PE,Diminution des concentrations de vitamine D plus marquée qu’en l’absence de traitement par la rifampicine,Dosage des concentrations de vitamine D et supplémentation si nécessaire.,216
RIFAMPICINE,VORICONAZOLE,rifampicine,voriconazole,critical,CI,"Diminution importante des concentrations plasmatiques du voriconazole avec risque de perte d'efficacité, par augmentation de son métabolisme hépatique par la rifampicine.",,216
RIFAMPICINE,VOXELOTOR,rifampicine,voxelotor,high,ASDEC,"Diminution notable des concentrations plasmatiques du voxelotor, avec risque de moindre efficacité.",,216
RIFAMPICINE,ZIDOVUDINE,rifampicine,zidovudine,high,ASDEC,Diminution de moitié des concentrations de la zidovudine par augmentation de son métabolisme par la rifampicine.,"Si l'association s'avère nécessaire, surveillance clinique et biologique renforcée.",217
RIFAMPICINE,ZOLPIDEM,rifampicine,zolpidem,moderate,PE,Diminution des concentrations plasmatiques et de l'efficacité du zolpidem par augmentation de son métabolisme hépatique par la rifampicine.,Surveillance clinique. Utiliser éventuellement un autre hypnotique.,217
RIFAMPICINE,ZOPICLONE,rifampicine,zopiclone,moderate,PE,Diminution des concentrations plasmatiques et de l'efficacité de la zopiclone par augmentation de son métabolisme hépatique par la rifampicine.,Surveillance clinique. Utiliser éventuellement un autre hypnotique.,217
RILPIVIRINE,ANTISÉCRÉTOIRES ANTIHISTAMINIQUES H2,rilpivirine,antisecretoires antihistaminiques h2,low,APEC,Risque de diminution des concentrations plasmatiques de la rilpivirine.,"Si nécessaire, utiliser un antihistaminique H2 actif en une prise par jour, à prendre au moins 12 heures avant, ou au moins 4 heures après.",217
RILPIVIRINE,ANTISÉCRÉTOIRES INHIBITEURS DE LA POMPE À PROTONS,rilpivirine,antisecretoires inhibiteurs de la pompe a protons,critical,CI,Diminution des concentrations plasmatiques de rilpivirine par l’inhibiteur de la pompe à protons (absorption diminuée en raison de l’augmentation du pH gastrique).,,217
RILPIVIRINE,DEXAMETHASONE,rilpivirine,dexamethasone,critical,CI,"Avec la dexaméthasone par voie systémique (sauf en cas de prise unique), risque de diminution des concentrations plasmatiques de rilpivirine par augmentation de son métabolisme hépatique par la dexamethasone.",,217
RILPIVIRINE,INDUCTEURS ENZYMATIQUES,rilpivirine,inducteurs enzymatiques,critical,CI,Diminution significative des concentrations plasmatiques de rilpivirine par augmentation de son métabolisme hépatique par l’inducteur.,,217
RILPIVIRINE,MILLEPERTUIS,rilpivirine,millepertuis,critical,CI,Risque de diminution des concentrations plasmatiques de rilpivirine par augmentation de son métabolisme hépatique par le millepertuis.,,217
RIOCIGUAT,DÉRIVÉS NITRÉS ET APPARENTÉS,riociguat,derives nitres et apparentes,critical,CI,Risque d'hypotension importante (effet synergique).,,217
RIOCIGUAT,INHIBITEURS DE LA PHOSPHODIESTERASE DE TYPE 5,riociguat,inhibiteurs de la phosphodiesterase de type 5,critical,CI,Risque d'hypotension importante (effet synergique).,,217
RIOCIGUAT,INHIBITEURS PUISSANTS DU CYP3A4,riociguat,inhibiteurs puissants du cyp3a4,high,ASDEC,Augmentation des concentrations plasmatiques de riociguat par diminution de son métabolisme hépatique par l’inhibiteur.,,217
RISPERIDONE,CARBAMAZEPINE,risperidone,carbamazepine,moderate,PE,Risque de diminution de la fraction active de la rispéridone et de son efficacité thérapeutique par augmentation de son métabolisme hépatique par la carbamazépine.,"Surveillance clinique, et si besoin, adaptation posologique de la rispéridone.",217
RISPERIDONE,FLUOXETINE,risperidone,fluoxetine,moderate,PE,"Augmentation de la fraction active de la rispéridone par diminution de son métabolisme hépatique par la fluoxétine, avec risque de majoration des effets indésirables.","Surveillance clinique et, si besoin, adaptation posologique de la rispéridone.",217
RISPERIDONE,PAROXETINE,risperidone,paroxetine,moderate,PE,"Augmentation de la fraction active de la rispéridone par diminution de son métabolisme hépatique par la paroxétine, avec risque de majoration des effets indésirables.","Surveillance clinique et, si besoin, adaptation posologique de la rispéridone.",218
RITONAVIR,CORTICOÏDES (VOIE INTRA-ARTICULAIRE),ritonavir,corticoides (voie intra-articulaire),low,APEC,"Décrit chez des patients HIV. Risque d’insuffisance surrénale aiguë, même en cas d’injection unique. L’articulation peut constituer un réservoir relarguant de façon continue le corticoïde CYP3A4-dépendant dans la circulation générale, avec augmentation possiblement très importante des concentrations du corticoïde à l’origine d’une freination de la réponse hypothalamo-hypophysaire.",Préférer un corticoïde non CYP3A4-dépendant (hydrocortisone),218
RITONAVIR,GLUCOCORTICOÏDES PAR VOIE INTRA-ARTICULAIRE ET MÉTABOLISÉS,ritonavir,glucocorticoides par voie intra-articulaire et metabolises,moderate,PE,"Décrit chez des patients HIV. Risque d’insuffisance surrénale aiguë, même en cas d’injection unique. L’articulation peut constituer un réservoir relarguant de façon continue le corticoïde CYP3A4-dépendant dans la circulation générale, avec augmentation possiblement très importante des concentrations du corticoïde, à l’origine d’une freination de la réponse hypothalamo-hypophysaire.",Préférer un corticoïde non CYP3A4-dépendant (hydrocortisone).,218
RIVAROXABAN,FLUCONAZOLE,rivaroxaban,fluconazole,high,ASDEC,"Augmentation des concentrations plasmatiques du rivaroxaban par le fluconazole, avec majoration du risque de saignement.",,218
RIVAROXABAN,INDUCTEURS ENZYMATIQUES PUISSANTS,rivaroxaban,inducteurs enzymatiques puissants,high,ASDEC,"Diminution des concentrations plasmatiques de rivaroxaban, avec risque de diminution de l'effet thérapeutique.",,218
RIVAROXABAN,INHIBITEURS PUISSANTS DU CYP3A4,rivaroxaban,inhibiteurs puissants du cyp3a4,high,ASDEC,"Augmentation des concentrations plasmatiques de rivaroxaban, avec majoration du risque de saignement.",,218
RIVAROXABAN,RIFAMPICINE,rivaroxaban,rifampicine,high,ASDEC,"Diminution des concentrations plasmatiques de rivaroxaban, avec risque de diminution de l'effet thérapeutique.",,218
ROLAPITANT,COLCHICINE,rolapitant,colchicine,moderate,PE,"Risque d’augmentation des effets indésirables de la colchicine, aux conséquences potentiellement fatales.",Surveillance clinique et biologique étroite pendant l’association.,218
ROLAPITANT,DABIGATRAN,rolapitant,dabigatran,moderate,PE,Risque d’augmentation des concentrations plasmatiques du dabigatran par augmentation de son absorption intestinale par le rolapitant.,Surveillance clinique et biologique étroite pendant l’association.,218
ROLAPITANT,DIGOXINE,rolapitant,digoxine,moderate,PE,Augmentation de la digoxinémie par majoration de son absorption.,Surveillance clinique et ECG pendant le traitement par le rolapitant et après son arrêt.,218
ROLAPITANT,INDUCTEURS ENZYMATIQUES,rolapitant,inducteurs enzymatiques,high,ASDEC,Diminution très importante des concentrations de rolapitant avec risque de perte d’efficacité.,,218
ROLAPITANT,METOPROLOL,rolapitant,metoprolol,moderate,PE,"Chez l'insuffisant cardiaque, risque d'augmentation des effets indésirables du métoprolol, par diminution de son métabolisme hépatique par le rolapitant.","Surveillance clinique. Si besoin, adaptation de la posologie du métoprolol pendant le traitement par le rolapitant.",218
ROLAPITANT,MILLEPERTUIS,rolapitant,millepertuis,critical,CI,Diminution très importante des concentrations de rolapitant avec risque de perte d’efficacité.,,219
ROLAPITANT,PROPAFENONE,rolapitant,propafenone,moderate,PE,"Augmentation des concentrations plasmatiques de propafénone avec risque de surdosage, par diminution de son métabolisme hépatique par le rolapitant.",Surveillance clinique et réduction de la posologie de la propafénone pendant le traitement par le rolapitant et après son arrêt.,219
ROLAPITANT,ROSUVASTATINE,rolapitant,rosuvastatine,moderate,PE,Risque d’augmentation des concentrations de rosuvastatine.,Utiliser la rosuvastatine à dose minimale.,219
ROLAPITANT,TAMOXIFENE,rolapitant,tamoxifene,high,ASDEC,Risque de baisse de l’efficacité du tamoxifène par inhibition de la formation de son métabollite actif par le rolapitant.,,219
ROPINIROLE,ANTIVITAMINES K,ropinirole,antivitamines k,moderate,PE,Augmentation du risque hémorragique.,Contrôle plus fréquent de l’INR. Adaptation éventuelle de la posologie de l’antivitamine K pendant le traitement par ropinirole et après son arrêt.,219
ROPINIROLE,CIPROFLOXACINE,ropinirole,ciprofloxacine,moderate,PE,"Augmentation des concentrations de ropinirole avec risque de surdosage, par diminution de son métabolisme hépatique par la ciprofloxacine.",Surveillance clinique et réduction éventuelle de la posologie du ropinirole pendant le traitement par la ciprofloxacine et après son arrêt.,219
ROPINIROLE,ENOXACINE,ropinirole,enoxacine,moderate,PE,Augmentation des concentrations plasmatiques de ropinirole avec signes de surdosage par diminution de son métabolisme hépatique.,Surveillance clinique et réduction de la posologie du ropinirole pendant le traitement par l'énoxacine et après son arrêt.,219
ROPINIROLE,FLUVOXAMINE,ropinirole,fluvoxamine,moderate,PE,"Augmentation des concentrations de ropinirole, avec risque de surdosage, par diminution de son métabolisme hépatique par la fluvoxamine.",Surveillance clinique et réduction de la posologie du ropinirole pendant le traitement par fluvoxamine et après son arrêt.,219
ROSUVASTATINE,CICLOSPORINE,rosuvastatine,ciclosporine,critical,CI,"Risque majoré d'effets indésirables (concentration-dépendants) à type de rhabdomyolyse, ou de néphrotoxicité, par diminution du métabolisme de la rosuvastatine.",,219
ROSUVASTATINE,DAROLUTAMIDE,rosuvastatine,darolutamide,high,ASDEC,"Augmentation considérable (d’un facteur 5) des concentrations de rosuvastatine avec risque de rhabdomyolyse et/ou de néphrotoxicité, par augmentation de sa biodisponibilité.",,219
ROSUVASTATINE,FOSTAMATINIB,rosuvastatine,fostamatinib,moderate,PE,Doublement moyen des concentrations plasmatiques de la rosuvastatine.,"Surveillance clinique et biologique, avec adaptation de la posologie de rosuvastatine si nécessaire.",219
ROSUVASTATINE,FOSTEMSAVIR,rosuvastatine,fostemsavir,moderate,PE,Augmentation modérée des concentrations de rosuvastatine.,Débuter par la dose minimale de rosuvastatine. Surveillance clinique régulière.,219
ROSUVASTATINE,INHIBITEURS DE PROTÉASES BOOSTÉS PAR RITONAVIR,rosuvastatine,inhibiteurs de proteases boostes par ritonavir,moderate,PE,Augmentation des concentrations plasmatiques de la rosuvastatine par augmentation de son absorption.,Surveillance clinique et biologique.,219
ROSUVASTATINE,PONATINIB,rosuvastatine,ponatinib,moderate,PE,Risque d’augmentation des concentrations plasmatiques de la rosuvastatine par augmentation de son absorption intestinale par le ponatinib.,Surveillance clinique et biologique étroite pendant l’association.,220
ROSUVASTATINE,ROLAPITANT,rosuvastatine,rolapitant,moderate,PE,Risque d’augmentation des concentrations de rosuvastatine.,Utiliser la rosuvastatine à dose minimale.,220
ROSUVASTATINE,TÉDIZOLIDE,rosuvastatine,tedizolide,high,ASDEC,"Risque d’augmentation des concentrations plasmatiques de la rosuvastatine, par augmentation de son absorption avec le tédizolide administré par voie orale, ou par diminution de son élimination avec le tédizolide administré par voie IV.",,220
ROSUVASTATINE,VELPATASVIR,rosuvastatine,velpatasvir,moderate,PE,Augmentation des concentrations plasmatiques de rosuvastatine par augmentation de son absorption intestinale par le velpatasvir.,"En cas d’association, ne pas dépasser 10 mg par jour de rosuvastatine.",220
ROXADUSTAT,CALCIUM,roxadustat,calcium,moderate,PE,"La prise de cation divalent peut diminuer l’absorption intestinale et, potentiellement, l’efficacité du roxadustat pris simultanément.","Prendre le roxadustat à distance des sels de calcium (plus de 1 heure, si possible).",220
ROXADUSTAT,FER,roxadustat,fer,moderate,PE,"La prise de cation divalent peut diminuer l’absorption intestinale et, potentiellement, l’efficacité du roxadustat pris simultanément.","Prendre le roxadustat à distance des sels de fer (plus de 1 heure, si possible).",220
ROXADUSTAT,GEMFIBROZIL,roxadustat,gemfibrozil,moderate,PE,"Augmentation de l’exposition du roxadustat, par diminution de son métabolisme par le gemfibrozil.",Surveillance clinique et biologique (hémoglobine).,220
ROXADUSTAT,INHIBITEURS DE L'HMG-COA RÉDUCTASE (STATINES),roxadustat,inhibiteurs de l'hmg-coa reductase (statines),moderate,PE,"Augmentation d’un facteur 2 à 3 de l’exposition de la statine, par diminution de son métabolisme par le roxadustat.",Surveillance clinique et adaptation de la posologie de la statine pendant le traitement par roxadustat.,220
ROXADUSTAT,MAGNÉSIUM,roxadustat,magnesium,moderate,PE,"La prise de cation divalent peut diminuer l’absorption intestinale et, potentiellement, l’efficacité du roxadustat pris simultanément.","Prendre le roxadustat à distance des sels de magnésium (plus de 1 heure, si possible).",220
ROXADUSTAT,RÉSINES CHÉLATRICES,roxadustat,resines chelatrices,moderate,PE,"La prise de résine chélatrice peut diminuer l’absorption intestinale et, potentiellement, l’efficacité du roxadustat pris simultanément.","Prendre le roxadustat à distance de la résine (plus de 1 heure, si possible).",220
ROXITHROMYCINE,ATORVASTATINE,roxithromycine,atorvastatine,moderate,PE,Risque majoré d'effets indésirables (concentration-dépendants) à type de rhabdomyolyse.,Utiliser des doses plus faibles d’hypocholestérolémiant.,220
ROXITHROMYCINE,CICLOSPORINE,roxithromycine,ciclosporine,moderate,PE,Risque d'augmentation des concentrations sanguines de ciclosporine et de la créatininémie.,"Dosage des concentrations sanguines de la ciclosporine, contrôle de la fonction rénale et adaptation de la posologie pendant l'association et après l'arrêt du macrolide.",220
ROXITHROMYCINE,MIDAZOLAM,roxithromycine,midazolam,low,APEC,Majoration légère de la sédation.,,220
ROXITHROMYCINE,SIMVASTATINE,roxithromycine,simvastatine,moderate,PE,Risque majoré d'effets indésirables (concentration-dépendants) à type de rhabdomyolyse.,Utiliser des doses plus faibles d’hypocholestérolémiant.,221
ROXITHROMYCINE,SUBSTANCES SUSCEPTIBLES DE DONNER DES TORSADES DE POINTES,roxithromycine,substances susceptibles de donner des torsades de pointes,moderate,PE,"Risque majoré de troubles du rythme ventriculaire, notamment de torsades de pointes.",Surveillance clinique et électrocardiographique pendant l'association.,221
ROXITHROMYCINE,"THÉOPHYLLINE (ET, PAR EXTRAPOLATION, AMINOPHYLLINE)",roxithromycine,"theophylline (et, par extrapolation, aminophylline)",low,APEC,"Risque d'augmentation de la théophyllinémie, particulièrement chez l'enfant.",,221
RUFINAMIDE,ESTROPROGESTATIFS CONTRACEPTIFS,rufinamide,estroprogestatifs contraceptifs,moderate,PE,Diminution de l’efficacité contraceptive par augmentation du métabolisme hépatique du contraceptif hormonal par le rufinamide.,"Utiliser une méthode additionnelle de type mécanique (préservatif) pendant la durée de l’association, et un cycle suivant l’arrêt du rufinamide.",221
RUFINAMIDE,"VALPROÏQUE (ACIDE) ET, PAR EXTRAPOLATION, VALPROMIDE",rufinamide,"valproique (acide) et, par extrapolation, valpromide",moderate,PE,"Possible augmentation des concentrations de rufinamide, notamment chez l’enfant de moins de 30 kg.",Chez l’enfant de moins de 30 kg : ne pas dépasser la dose totale de 600 mg/j après la période de titration.,221
SACITUZUMAB,INDUCTEURS ENZYMATIQUES PUISSANTS,sacituzumab,inducteurs enzymatiques puissants,low,APEC,"Pour le SN38 lié au sacizutumab (govitécan) : risque de diminution de son exposition, par augmentation de son métabolisme.",,221
SACITUZUMAB,RIFAMPICINE,sacituzumab,rifampicine,low,APEC,"Pour le SN38 lié au sacizutumab (govitécan) : risque de diminution de son exposition, par augmentation de son métabolisme.",,221
SACUBITRIL,INHIBITEURS DE L'ENZYME DE CONVERSION,sacubitril,inhibiteurs de l'enzyme de conversion,critical,CI,Augmentation du risque d'angioedème.,,221
SALMETEROL,ITRACONAZOLE,salmeterol,itraconazole,low,APEC,Augmentation importante des concentrations de salmétérol par diminution de son métabolisme hépatique par l'itraconazole.,,221
SALMETEROL,KETOCONAZOLE,salmeterol,ketoconazole,low,APEC,Augmentation importante des concentrations de salmétérol par diminution de son métabolisme hépatique par le kétoconazole.,,221
SALMETEROL,OMBITASVIR + PARITAPRÉVIR,salmeterol,ombitasvir + paritaprevir,critical,CI,Risque d’augmentation des concentrations de salmétérol.,,221
SELEXIPAG,CLOPIDOGREL,selexipag,clopidogrel,moderate,PE,Risque d’augmentation des effets indésirables du sélexipag par diminution de son métabolisme.,Surveillance clinique étroite pendant l’association. Réduire de moitié la posologie (une seule prise par jour).,221
SELEXIPAG,DEFERASIROX,selexipag,deferasirox,moderate,PE,Risque d’augmentation des effets indésirables du sélexipag par diminution de son métabolisme.,Surveillance clinique étroite pendant l’association. Réduire de moitié la posologie (une seule prise par jour).,221
SELEXIPAG,GEMFIBROZIL,selexipag,gemfibrozil,critical,CI,Risque d’augmentation des effets indésirables du sélexipag par diminution de son métabolisme.,,222
SELEXIPAG,TÉRIFLUNOMIDE,selexipag,teriflunomide,moderate,PE,Risque d’augmentation des effets indésirables du sélexipag par diminution de son métabolisme.,Surveillance clinique étroite pendant l’association. Réduire de moitié la posologie (une seule prise par jour).,222
SELEXIPAG,TRIMETHOPRIME,selexipag,trimethoprime,moderate,PE,Risque d’augmentation des effets indésirables du sélexipag par diminution de son métabolisme.,Surveillance clinique étroite pendant l’association. Réduire de moitié la posologie (une seule prise par jour).,222
SELPERCATINIB,HORMONES THYROÏDIENNES,selpercatinib,hormones thyroidiennes,moderate,PE,Risque de moindre efficacité de la supplémentation en lévothyroxine par baisse de la conversion de T4 en T3 en cas de traitement par selpercatinib.,"Surveillance clinique et biologique, et adjonction éventuelle de liothyronine au traitement par la lévothyroxine.",222
SELPERCATINIB,REPAGLINIDE,selpercatinib,repaglinide,high,ASDEC,"Augmentation importante des concentrations plasmatiques de répaglinide, avec risque d'hypoglycémie, par diminution du métabolisme du répaglinide par le selpercatinib.",,222
SERTRALINE,INDUCTEURS ENZYMATIQUES,sertraline,inducteurs enzymatiques,high,ASDEC,Risque d’inefficacité du traitement antidépresseur.,,222
SERTRALINE,PAMPLEMOUSSE (JUS ET FRUIT),sertraline,pamplemousse (jus et fruit),high,ASDEC,Augmentation parfois importante des concentrations de l’antidépresseur chez certains patients par diminution de son métabolisme intestinal.,,222
SERTRALINE,PIMOZIDE,sertraline,pimozide,critical,CI,"Risque majoré de troubles du rythme ventriculaire, notamment de torsades de pointes.",,222
SÉTRONS,APOMORPHINE,setrons,apomorphine,critical,CI,Des hypotensions sévères et des pertes de connaissance ont été rapportées lors de l’association d’un sétron avec l’apomorphine.,,222
SILDENAFIL,JOSAMYCINE,sildenafil,josamycine,moderate,PE,"Augmentation des concentrations plasmatiques de sildénafil, avec risque d'hypotension.",Débuter le traitement par sildénafil à la dose minimale en cas d'association avec la josamycine.,222
SILDENAFIL,OMBITASVIR + PARITAPRÉVIR,sildenafil,ombitasvir + paritaprevir,critical,CI,Augmentation des concentrations plasmatiques du sildénafil par diminution de son métabolisme hépatique par la bithérapie.,,222
SILODOSINE,INHIBITEURS PUISSANTS DU CYP3A4,silodosine,inhibiteurs puissants du cyp3a4,high,ASDEC,"Risque d’augmentation des effets indésirables de la silodosine par l’inhibiteur, notamment à type d’hypotension orthostatique.",,222
SIMVASTATINE,AMIODARONE,simvastatine,amiodarone,moderate,PE,Risque majoré d'effets indésirables (concentration-dépendants) à type de rhabdomyolyse (diminution du métabolisme hépatique de la simvastatine).,Ne pas dépasser la posologie de 20 mg/j de simvastatine ou utiliser une autre statine non concernée par ce type d’interaction.,223
SIMVASTATINE,AMLODIPINE,simvastatine,amlodipine,moderate,PE,Risque majoré d’effets indésirables (dose-dépendants) à type de rhabdomyolyse (diminution du métabolisme hépatique de l’hypocholestérolémiant).,Ne pas dépasser la posologie de 20 mg/j de simvastatine ou utiliser une autre statine non concernée par ce type d’interaction.,223
SIMVASTATINE,APALUTAMIDE,simvastatine,apalutamide,high,ASDEC,"Risque de diminution très importante des concentrations de la simvastatine, et perte d‘efficacité, par augmentation de son métabolisme hépatique par l’apalutamide.",,223
SIMVASTATINE,AZITHROMYCINE,simvastatine,azithromycine,moderate,PE,"Risque majoré d'effets indésirables (concentration-dépendants) à type de rhabdomyolyse, par diminution du métabolisme hépatique de l'hypocholestérolémiant.",Utiliser des doses plus faibles d’hypocholestérolémiant ou une autre statine non concernée par ce type d’interaction.,223
SIMVASTATINE,CARBAMAZEPINE,simvastatine,carbamazepine,high,ASDEC,"Diminution importante des concentrations plasmatiques de simvastatine, par augmentation de son métabolisme hépatique.",,223
SIMVASTATINE,CICLOSPORINE,simvastatine,ciclosporine,critical,CI,Risque majoré d'effets indésirables (concentration-dépendants) à type de rhabdomyolyse par diminution du métabolisme de la simvastatine.,,223
SIMVASTATINE,DANAZOL,simvastatine,danazol,critical,CI,Risque majoré d'effets indésirables (concentration-dépendants) à type de rhabdomyolyse par diminution du métabolisme de la simvastatine.,,223
SIMVASTATINE,DILTIAZEM,simvastatine,diltiazem,moderate,PE,"Risque majoré d'effets indésirables (concentration-dépendants) à type de rhabdomyolyse, par diminution du métabolisme hépatique de l'hypocholestérolémiant.","Ne pas dépasser la posologie de 20 mg/jour de simvastatine. Si l'objectif thérapeutique n'est pas atteint à cette posologie, utiliser une autre statine non concernée par ce type d'interaction.",223
SIMVASTATINE,DRONEDARONE,simvastatine,dronedarone,high,ASDEC,Risque majoré d'effets indésirables (concentration-dépendants) à type de rhabdomyolyse (diminution du métabolisme hépatique de la simvastatine).,,223
SIMVASTATINE,FLUCONAZOLE,simvastatine,fluconazole,moderate,PE,Risque majoré d'effets indésirables concentration-dépendants à type de rhabdomyolyse (diminution du métabolisme hépatique de la simvastatine).,"Ne pas dépasser la posologie de 20 mg/j de simvastatine. Si l'objectif thérapeutique n'est pas atteint, utiliser une autre statine non concernée par ce type d’interaction.",223
SIMVASTATINE,GLÉCAPRÉVIR + PIBRENTASVIR,simvastatine,glecaprevir + pibrentasvir,critical,CI,"Augmentation importante des concentrations plasmatiques de simvastatine par la bithérapie, avec risque majoré d’effets indésirables (concentration-dépendants) à type de rhabdomyolyses",.,223
SIMVASTATINE,INHIBITEURS PUISSANTS DU CYP3A4,simvastatine,inhibiteurs puissants du cyp3a4,critical,CI,Risque majoré d'effets indésirables (concentration-dépendants) à type de rhabdomyolyse par diminution du métabolisme de la simvastatine.,,223
SIMVASTATINE,MILLEPERTUIS,simvastatine,millepertuis,high,ASDEC,Diminution de l’efficacité de l’hypocholestérolémiant par augmentation de son métabolisme hépatique par le millepertuis.,,223
SIMVASTATINE,OMBITASVIR + PARITAPRÉVIR,simvastatine,ombitasvir + paritaprevir,critical,CI,Augmentation des concentrations plasmatiques de la simvastatine par diminution de son métabolisme hépatique par la bithérapie.,,223
SIMVASTATINE,PAMPLEMOUSSE (JUS ET FRUIT),simvastatine,pamplemousse (jus et fruit),high,ASDEC,"Augmentation considérable des concentrations plasmatiques de l'hypolipémiant, avec risque de survenue d'effets indésirables, notamment musculaires.",,224
SIMVASTATINE,PONATINIB,simvastatine,ponatinib,moderate,PE,Risque d’augmentation des concentrations plasmatiques de la simvastatine par augmentation de son absorption intestinale par le ponatinib.,Surveillance clinique et biologique étroite pendant l’association.,224
SIMVASTATINE,RANOLAZINE,simvastatine,ranolazine,moderate,PE,Risque majoré d'effets indésirables (concentration-dépendants) à type de rhabdomyolyse par inhibition du métabolisme de la simvastatine par la ranolazine.,Ne pas dépasser la posologie de 20 mg/j de simvastatine ou utiliser une autre statine non concernée par ce type d’interaction.,224
SIMVASTATINE,RIFAMPICINE,simvastatine,rifampicine,high,ASDEC,"Diminution très importante des concentrations plasmatiques de simvastatine, par augmentation de son métabolisme hépatique par la rifampicine.",,224
SIMVASTATINE,ROXITHROMYCINE,simvastatine,roxithromycine,moderate,PE,Risque majoré d'effets indésirables (concentration-dépendants) à type de rhabdomyolyse.,Utiliser des doses plus faibles d’hypocholestérolémiant.,224
SIMVASTATINE,STIRIPENTOL,simvastatine,stiripentol,critical,CI,Risque majoré d’effets indésirables (dose-dépendants) à type de rhabdomyolyse (diminution du métabolisme hépatique de l’hypocholestérolémiant).,,224
SIMVASTATINE,VERAPAMIL,simvastatine,verapamil,moderate,PE,Risque majoré d’effets indésirables (dose-dépendants) à type de rhabdomyolyse (diminution du métabolisme hépatique de l’hypocholestérolémiant).,Ne pas dépasser la posologie de 20 mg/j de simvastatine ou utiliser une autre statine non concernée par ce type d’interaction.,224
SIROLIMUS,CICLOSPORINE,sirolimus,ciclosporine,moderate,PE,Augmentation des concentrations sanguines de sirolimus par la ciclosporine. La néphrotoxicité de la ciclosporine est également augmentée lors de l’association.,"Il est recommandé d’administrer le sirolimus 4 heures après la ciclosporine. Contrôle de la fonction rénale, pendant l’association et après son arrêt.",224
SIROLIMUS,INHIBITEURS DE L'ENZYME DE CONVERSION,sirolimus,inhibiteurs de l'enzyme de conversion,low,APEC,Majoration du risque d’angio-oedème.,,224
SIROLIMUS,OMBITASVIR + PARITAPRÉVIR,sirolimus,ombitasvir + paritaprevir,high,ASDEC,En association avec le ritonavir : augmentation significative des concentrations de l’immunosuppresseur avec risque de majoration de sa toxicité par la bithérapie.,"Si l’association s’avère nécessaire, contrôle strict de la fonction rénale, dosage des concentrations sanguines de l'immunosuppresseur et adaptation éventuelle de la posologie.",224
SIROLIMUS,VERAPAMIL,sirolimus,verapamil,moderate,PE,Augmentation des concentrations sanguines du sirolimus (diminution de son métabolisme hépatique par le vérapamil).,"Dosage des concentrations sanguines de l’immunosuppresseur, contrôle de la fonction rénale et adaptation de la posologie pendant l’association et après son arrêt.",224
SODIUM (BICARBONATE DE),LITHIUM,sodium (bicarbonate de),lithium,moderate,PE,Risque de baisse de l’efficacité du lithium par augmentation de son élimination rénale par les sels de sodium.,Eviter les surcharges sodées et tenir compte de la présence de sodium dans certains médicaments comme les antiacides.,224
SODIUM (CHLORURE DE),LITHIUM,sodium (chlorure de),lithium,moderate,PE,Risque de baisse de l’efficacité du lithium par augmentation de son élimination rénale par les sels de sodium.,Eviter les surcharges sodées et tenir compte de la présence de sodium dans certains médicaments comme les antiacides.,224
SOFOSBUVIR,AMIODARONE,sofosbuvir,amiodarone,high,ASDEC,"Survenue de bradycardie éventuellement brutale, pouvant avoir des conséquences fatales.","Si l'association ne peut être évitée, surveillance clinique et ECG étroite, en particulier pendant les premières semaines de traitement. Une surveillance continue en milieu hospitalier est requise pendant les 48 heures qui suivent la co-adminsitration. Prendre en compte la longue demi-vie de l'amiodarone chez les patients l'ayant arrêtée au cours des derniers mois et qui doivent débuter un traitement contenant du sofosbuvir.",225
SOFOSBUVIR,INDUCTEURS ENZYMATIQUES,sofosbuvir,inducteurs enzymatiques,critical,CI;ASDEC,Risque de diminution des concentrations plasmatiques de sofosbuvir par diminution de son absorption intestinale par l’inducteur.,Contre-indication : - avec la rifampicine - avec les anticonvulsivants inducteurs enzymatiques Association déconseillée: - avec les autres inducteurs.,225
SOFOSBUVIR,MILLEPERTUIS,sofosbuvir,millepertuis,critical,CI,Risque de diminution des concentrations plasmatiques de sofosbuvir par diminution de son absorption intestinale par le millepertuis.,,225
SORBITOL,LAMIVUDINE,sorbitol,lamivudine,high,ASDEC,Diminution des concentrations plasmatiques de lamivudine par le sorbitol.,"Si l’association ne peut être évitée, surveillance plus fréquente de la charge virale.",225
SORBITOL,POLYSTYRÈNE SULFONATE DE CALCIUM,sorbitol,polystyrene sulfonate de calcium,critical,CI,"Par voie orale ou rectale du sorbitol ou de la résine, et pour une dose de sorbitol par prise >= 2,5 g chez l'enfant et 5 g chez l'adulte Risque de nécrose colique, éventuellement fatale.",:,225
SORBITOL,POLYSTYRÈNE SULFONATE DE SODIUM,sorbitol,polystyrene sulfonate de sodium,critical,CI,"Par voie orale ou rectale du sorbitol ou de la résine, et pour une dose de sorbitol par prise >= 2,5 g chez l'enfant et 5 g chez l'adulte Risque de nécrose colique, éventuellement fatale.",:,225
SOTORASIB,ANTISÉCRÉTOIRES ANTIHISTAMINIQUES H2,sotorasib,antisecretoires antihistaminiques h2,low,APEC,"Risque de diminution de l’effet du sotorasib, par diminution de son absorption.",,225
SOTORASIB,ANTISÉCRÉTOIRES INHIBITEURS DE LA POMPE À PROTONS,sotorasib,antisecretoires inhibiteurs de la pompe a protons,low,APEC,"Risque de diminution de l’effet du sotorasib, par diminution de son absorption.",,225
SOTORASIB,INDUCTEURS ENZYMATIQUES PUISSANTS,sotorasib,inducteurs enzymatiques puissants,high,ASDEC,"Diminution notable des concentrations plasmatiques du sotorasib, avec risque de moindre efficacité.",,225
SOTORASIB,RIFAMPICINE,sotorasib,rifampicine,high,ASDEC,"Diminution notable des concentrations plasmatiques du sotorasib, avec risque de moindre efficacité.",,225
SPERMICIDES,MÉDICAMENTS UTILISÉS PAR VOIE VAGINALE,spermicides,medicaments utilises par voie vaginale,high,ASDEC,Tout traitement local vaginal est susceptible d'inactiver une contraception locale spermicide.,,225
SPIRAMYCINE,LEVODOPA,spiramycine,levodopa,moderate,PE,En cas d'association avec la carbidopa : inhibition de l'absorption de la carbidopa avec diminution des concentrations plasmatiques de la lévodopa.,Surveillance clinique et adaptation éventuelle de la posologie de la lévodopa.,226
SPIRONOLACTONE,INHIBITEURS DE L'ENZYME DE CONVERSION,spironolactone,inhibiteurs de l'enzyme de conversion,moderate,PE,"Avec la spironolactone à la posologie de 12,5 à 50 mg par jour, et avec des doses faibles d’IEC. Dans le traitement de l’insuffisance cardiaque de classe III ou IV (NYHA) avec fraction d’éjection <35 % et préalablement traitée par l’association inhibiteur de conversion + diurétique de l’anse : risque d’hyperkaliémie, potentiellement létale, en cas de non-respect des conditions de prescription de cette association.","Vérifier au préalable l’absence d’hyperkaliémie et d’insuffisance rénale. Surveillance biologique étroite de la kaliémie et de la créatininémie (1 fois par semaine pendant le premier mois, puis une fois par mois ensuite).",226
SPIRONOLACTONE,MITOTANE,spironolactone,mitotane,critical,CI,"Possible réduction voire abolition de l'effet pharmacodynamique du mitotane par la spironolactone, associé à une baisse des concentrations du mitotane.",,226
STAVUDINE,ISONIAZIDE,stavudine,isoniazide,moderate,PE,Risque majoré de survenue de neuropathies périphériques par addition d'effets indésirables.,"Surveillance clinique et biologique régulière, notamment en début d'association.",226
STAVUDINE,PENTAMIDINE,stavudine,pentamidine,moderate,PE,Risque majoré de survenue de neuropathies périphériques par addition d'effets indésirables.,"Surveillance clinique et biologique régulière, notamment en début d'association.",226
STAVUDINE,RIBAVIRINE,stavudine,ribavirine,moderate,PE,"Risque de diminution de l'efficacité de chaque antiviral, par antagonisme compétitif de la réaction de phosphorylation à l'origine des métabolites actifs.","Surveillance clinique et biologique régulière, notamment en début d'association.",226
STAVUDINE,THALIDOMIDE,stavudine,thalidomide,moderate,PE,Risque majoré de survenue de neuropathies périphériques par addition d'effets indésirables.,"Surveillance clinique et biologique régulière, notamment en début d'association.",226
STAVUDINE,ZIDOVUDINE,stavudine,zidovudine,high,ASDEC,Risque de diminution de l'efficacité de chaque antiviral par antagoniste compétitif de la réaction de phosphorylation à l'origine des métabolites actifs.,,226
STIRIPENTOL,ATORVASTATINE,stiripentol,atorvastatine,critical,CI,Risque majoré d’effets indésirables (dose-dépendants) à type de rhabdomyolyse (diminution du métabolisme hépatique de l’hypocholestérolémiant).,,226
STIRIPENTOL,CAFEINE,stiripentol,cafeine,moderate,PE,"Augmentation possible des concentrations plasmatiques de la caféine, avec risque de surdosage, par inhibition de son métabolisme hépatique.",Surveillance clinique et adaptation éventuelle de la posologie de caféine.,226
STIRIPENTOL,CLOBAZAM,stiripentol,clobazam,moderate,PE,"Augmentation des concentrations plasmatiques de ces anticonvulsivants, avec risque de surdosage, par inhibition de leur métabolisme hépatique.","Surveillance clinique, dosage plasmatique, lorsque cela est possible, de l'anticonvulsivant associé au stiripentol et éventuelle adaptation posologique de l'anticonvulsivant associé.",226
STIRIPENTOL,DIAZEPAM,stiripentol,diazepam,moderate,PE,"Augmentation des concentrations plasmatiques du diazépam, avec risque de surdosage, par inhibition de son métabolisme hépatique.","Surveillance clinique et dosage plasmatique, lorsque cela est possible, de l'anticonvulsivant associé au stiripentol et éventuelle adaptation posologique de l'anticonvulsivant associé.",226
STIRIPENTOL,DIHYDROERGOTAMINE,stiripentol,dihydroergotamine,critical,CI,Ergotisme avec possibilité de nécrose des extrémités (inhibition de l’élimination hépatique de l'alcaloïde de l’ergot de seigle).,,227
STIRIPENTOL,ERGOTAMINE,stiripentol,ergotamine,critical,CI,Ergotisme avec possibilité de nécrose des extrémités (inhibition de l’élimination hépatique de l'alcaloïde de l’ergot de seigle).,,227
STIRIPENTOL,HALOFANTRINE,stiripentol,halofantrine,high,ASDEC,"Risque majoré de troubles du rythme ventriculaire, notamment de torsades de pointes.",,227
STIRIPENTOL,IMMUNOSUPPRESSEURS,stiripentol,immunosuppresseurs,critical,CI,Augmentation des concentrations sanguines de l’immunosuppresseur (diminution de son métabolisme hépatique).,,227
STIRIPENTOL,INDUCTEURS ENZYMATIQUES PUISSANTS,stiripentol,inducteurs enzymatiques puissants,moderate,PE,"Augmentation des concentrations plasmatiques de l'inducteur, avec risque de surdosage, par inhibition de son métabolisme hépatique par le stiripentol.","Surveillance clinique et dosage plasmatique, lorsque cela est possible, de l'inducteur associé au stiripentol et adaptation éventuelle de sa posologie.",227
STIRIPENTOL,MIDAZOLAM,stiripentol,midazolam,moderate,PE,Augmentation des concentrations plasmatiques du midazolam par diminution de son métabolisme hépatique avec majoration de la sédation.,Surveillance clinique et réduction de la posologie pendant le traitement par le stiripentol.,227
STIRIPENTOL,PIMOZIDE,stiripentol,pimozide,critical,CI,"Risque majoré de troubles du rythme ventriculaire, notamment de torsades de pointes.",,227
STIRIPENTOL,QUINIDINE,stiripentol,quinidine,moderate,PE,"Risque majoré de troubles du rythme ventriculaire, notamment de torsades de pointes.",Surveillance clinique.,227
STIRIPENTOL,SIMVASTATINE,stiripentol,simvastatine,critical,CI,Risque majoré d’effets indésirables (dose-dépendants) à type de rhabdomyolyse (diminution du métabolisme hépatique de l’hypocholestérolémiant).,,227
STIRIPENTOL,"THÉOPHYLLINE (ET, PAR EXTRAPOLATION, AMINOPHYLLINE)",stiripentol,"theophylline (et, par extrapolation, aminophylline)",moderate,PE,"Augmentation possible de la théophyllinémie, avec risque de surdosage, par inhibition de son métabolisme hépatique.","Surveillance clinique, dosage plasmatique et adaptation éventuelle de la posologie de théophylline.",227
STRONTIUM,CALCIUM,strontium,calcium,moderate,PE,Avec les sels de calcium administrés par voie orale : diminution de l'absorption digestive du strontium.,"Prendre le strontium à distance des sels de calcium (plus de deux heures, si possible).",227
STRONTIUM,CYCLINES,strontium,cyclines,moderate,PE,Diminution de l'absorption digestive du strontium.,"Prendre le strontium à distance des cyclines (plus de deux heures, si possible).",227
STRONTIUM,FER,strontium,fer,moderate,PE,Diminution de l'absorption digestive du strontium.,"Prendre le strontium à distance des sels de fer (plus de deux heures, si possible).",227
STRONTIUM,FLUOROQUINOLONES,strontium,fluoroquinolones,moderate,PE,Diminution de l'absorption digestive du strontium.,"Prendre le strontium à distance des fluoroquinolones (plus de deux heures, si possible).",227
STRONTIUM,ZINC,strontium,zinc,moderate,PE,Diminution de l'absorption digestive du strontium.,"Prendre le strontium à distance des sels de zinc (plus de deux heures, si possible).",228
ADSORBANTS,"TOPIQUES GASTRO-INTESTINAUX, ANTIACIDES ET ADSORBANTS",adsorbants,"topiques gastro-intestinaux, antiacides et adsorbants",high,ASDEC;PE,Diminution de l'absorption de ces substances.,"Association déconseillée: - avec les inhibiteurs d'intégrase (raltégravir, bictégravir, dolutégravir, cabotégravir) Précaution d'emploi: - avec les autres substances. Par mesure de précaution, il convient de prendre ces topiques ou antiacides à distance de tout autre médicament (plus de 2 heures, si possible).",228
SUBSTANCES SUSCEPTIBLES DE DONNER DES TORSADES DE POINTES,ANAGRELIDE,substances susceptibles de donner des torsades de pointes,anagrelide,moderate,PE,"Risque majoré de troubles du rythme ventriculaire, notamment de torsades de pointes.",Surveillance clinique et électrocardiographique pendant l'association.,228
SUBSTANCES SUSCEPTIBLES DE DONNER DES TORSADES DE POINTES,ANTIPARASITAIRES SUSCEPTIBLES DE DONNER DES TORSADES DE POINTES,substances susceptibles de donner des torsades de pointes,antiparasitaires susceptibles de donner des torsades de pointes,critical,CI;ASDEC,"Risque majoré de troubles du rythme ventriculaire, notamment de torsades de pointes.","Contre-indication: - avec le citalopram, la dompéridone, l'escitalopram, l'hydroxyzine et la pipéraquine. Association déconseillée: - avec les autres médicaments susceptibles de donner des torsades de pointes. Si cela est possible, interrompre l'un des deux traitements. Si l'association ne peut être évitée, contrôle préalable du QT et surveillance ECG monitorée.",228
SUBSTANCES SUSCEPTIBLES DE DONNER DES TORSADES DE POINTES,ARSENIEUX,substances susceptibles de donner des torsades de pointes,arsenieux,critical,CI;ASDEC,"Risque majoré de troubles du rythme ventriculaires, notamment de torsades de pointes.","Contre-indication : - avec le citalopram, la dompéridone, l'escitalopram, l'hydroxyzine et la pipéraquine. Association déconseillée: - avec les autres médicaments susceptibles de donner des torsades de pointes. Si l’association ne peut être évitée, contrôle clinique et électrocardiographique régulier.",228
SUBSTANCES SUSCEPTIBLES DE DONNER DES TORSADES DE POINTES,AZITHROMYCINE,substances susceptibles de donner des torsades de pointes,azithromycine,moderate,PE,"Risque majoré de troubles du rythme ventriculaire, notamment de torsades de pointes.",Surveillance clinique et électrocardiographique pendant l'association.,228
SUBSTANCES SUSCEPTIBLES DE DONNER DES TORSADES DE POINTES,BÊTA-BLOQUANTS DANS L'INSUFFISANCE CARDIAQUE,substances susceptibles de donner des torsades de pointes,beta-bloquants dans l'insuffisance cardiaque,moderate,PE,"Risque majoré de troubles du rythme ventriculaire, notamment de torsades de pointes.",Surveillance clinique et électrocardiographique.,229
SUBSTANCES SUSCEPTIBLES DE DONNER DES TORSADES DE POINTES,BRADYCARDISANTS,substances susceptibles de donner des torsades de pointes,bradycardisants,moderate,PE,"Risque majoré de troubles du rythme ventriculaire, notamment de torsades de pointes.",Surveillance clinique et électrocardiographique pendant l'association.,229
SUBSTANCES SUSCEPTIBLES DE DONNER DES TORSADES DE POINTES,CIPROFLOXACINE,substances susceptibles de donner des torsades de pointes,ciprofloxacine,moderate,PE,"Risque majoré de troubles du rythme ventriculaire, notamment de torsades de pointes.",Surveillance clinique et électrocardiographique pendant l'association.,229
SUBSTANCES SUSCEPTIBLES DE DONNER DES TORSADES DE POINTES,CLARITHROMYCINE,substances susceptibles de donner des torsades de pointes,clarithromycine,moderate,PE,"Risque majoré de troubles du rythme ventriculaire, notamment de torsades de pointes.",Surveillance clinique et électrocardiographique pendant l'association.,229
SUBSTANCES SUSCEPTIBLES DE DONNER DES TORSADES DE POINTES,CRIZOTINIB,substances susceptibles de donner des torsades de pointes,crizotinib,high,ASDEC,"Risque majoré de troubles du rythme ventriculaire, notamment de torsades de pointes.","Contre-indication : - avec le citalopram, la dompéridone, l'escitalopram, l'hydroxyzine et la pipéraquine. Association déconseillée: - avec les autres médicaments susceptibles de donner des torsades de pointes. Si l’association ne peut être évitée, contrôle clinique et électrocardiographique régulier.",229
SUBSTANCES SUSCEPTIBLES DE DONNER DES TORSADES DE POINTES,DÉLAMANID,substances susceptibles de donner des torsades de pointes,delamanid,critical,CI;ASDEC,"Risque majoré de troubles du rythme ventriculaire, notamment de torsades de pointes.","Contre-indication: - avec citalopram, dompéridone, escitalopram, hydroxyzine et pipéraquine Associations déconseillées - avec les autres susbtances susceptibles de donner des torsades de pointes. Si l’association ne peut être évitée, contrôle clinique et électrocardiographique régulier.",229
SUBSTANCES SUSCEPTIBLES DE DONNER DES TORSADES DE POINTES,GLASDÉGIB,substances susceptibles de donner des torsades de pointes,glasdegib,moderate,PE,"Risque majoré de troubles du rythme ventriculaire, notamment de torsades de pointes.",Surveillance clinique et électrocardiographique pendant l'association.,229
SUBSTANCES SUSCEPTIBLES DE DONNER DES TORSADES DE POINTES,HYDROXYCHLOROQUINE,substances susceptibles de donner des torsades de pointes,hydroxychloroquine,critical,CI;ASDEC,"Risque majoré de troubles du rythme ventriculaire, notamment de torsades de pointes.","Contre-indication : - avec le citalopram, la dompéridone, l'escitalopram, l'hydroxyzine et la pipéraquine. Association déconseillée: - avec les autres médicaments susceptibles de donner des torsades de pointes. Si l’association ne peut être évitée, contrôle clinique et électrocardiographique régulier.",229
SUBSTANCES SUSCEPTIBLES DE DONNER DES TORSADES DE POINTES,HYPOKALIÉMIANTS,substances susceptibles de donner des torsades de pointes,hypokaliemiants,moderate,PE,"Risque majoré de troubles du rythme ventriculaire, notamment de torsades de pointes.","Corriger toute hypokaliémie avant d’administrer le produit et réaliser une surveillance clinique, électrolytique et électrocardiographique.",229
SUBSTANCES SUSCEPTIBLES DE DONNER DES TORSADES DE POINTES,LEVOFLOXACINE,substances susceptibles de donner des torsades de pointes,levofloxacine,moderate,PE,"Risque majoré de troubles du rythme ventriculaire, notamment de torsades de pointes.",Surveillance clinique et électrocardiographique pendant l'association.,229
SUBSTANCES SUSCEPTIBLES DE DONNER DES TORSADES DE POINTES,MÉDICAMENTS À L'ORIGINE D'UN HYPOGONADISME MASCULIN,substances susceptibles de donner des torsades de pointes,medicaments a l'origine d'un hypogonadisme masculin,moderate,PE,"Risque majoré de troubles du rythme ventriculaire, notamment de torsades de pointes.",Surveillance clinique et électrocardiographique pendant l'association.,229
SUBSTANCES SUSCEPTIBLES DE DONNER DES TORSADES DE POINTES,METHADONE,substances susceptibles de donner des torsades de pointes,methadone,critical,CI;ASDEC,"Risque majoré de troubles du rythme ventriculaire, notamment de torsades de pointes.","Contre-indication : - avec le citalopram, la dompéridone, l'escitalopram, l'hydroxyzine et la pipéraquine. Association déconseillée: - avec les autres médicaments susceptibles de donner des torsades de pointes. Si l’association ne peut être évitée, contrôle clinique et électrocardiographique régulier.",230
SUBSTANCES SUSCEPTIBLES DE DONNER DES TORSADES DE POINTES,NEUROLEPTIQUES SUSCEPTIBLES DE DONNER DES TORSADES DE POINTES,substances susceptibles de donner des torsades de pointes,neuroleptiques susceptibles de donner des torsades de pointes,critical,CI;ASDEC,"Risque majoré de troubles du rythme ventriculaire, notamment de torsades de pointes.","Contre-indication : - avec le citalopram, la dompéridone, l'escitalopram, l'hydroxyzine et la pipéraquine. Association déconseillée: - avec les autres médicaments susceptibles de donner des torsades de pointes. Si l’association ne peut être évitée, contrôle clinique et électrocardiographique régulier.",230
SUBSTANCES SUSCEPTIBLES DE DONNER DES TORSADES DE POINTES,NORFLOXACINE,substances susceptibles de donner des torsades de pointes,norfloxacine,moderate,PE,"Risque majoré de troubles du rythme ventriculaire, notamment de torsades de pointes.",Surveillance clinique et électrocardiographique pendant l'association.,230
SUBSTANCES SUSCEPTIBLES DE DONNER DES TORSADES DE POINTES,ONDANSETRON,substances susceptibles de donner des torsades de pointes,ondansetron,moderate,PE,"Risque majoré de troubles du rythme ventriculaire, notamment de torsades de pointes.",Surveillance clinique et électrocardiographique pendant l'association.,230
SUBSTANCES SUSCEPTIBLES DE DONNER DES TORSADES DE POINTES,ROXITHROMYCINE,substances susceptibles de donner des torsades de pointes,roxithromycine,moderate,PE,"Risque majoré de troubles du rythme ventriculaire, notamment de torsades de pointes.",Surveillance clinique et électrocardiographique pendant l'association.,230
SUBSTANCES SUSCEPTIBLES DE DONNER DES TORSADES DE POINTES,SULFAMÉTHOXAZOLE + TRIMÉTHOPRIME,substances susceptibles de donner des torsades de pointes,sulfamethoxazole + trimethoprime,high,ASDEC,"Risque de troubles ventriculaires, notamment de torsades de pointes.","Contre-indication : - avec le citalopram, la dompéridone, l'escitalopram, l'hydroxyzine et la pipéraquine. Association déconseillée: - avec les autres médicaments susceptibles de donner des torsades de pointes. Si l’association ne peut être évitée, contrôle clinique et électrocardiographique régulier.",230
SUBSTANCES SUSCEPTIBLES DE DONNER DES TORSADES DE POINTES,"TORSADOGÈNES (SAUF ARSÉNIEUX, ANTIPARASITAIRES, NEUROLEPTIQUES, MÉTHADONE...)",substances susceptibles de donner des torsades de pointes,"torsadogenes (sauf arsenieux, antiparasitaires, neuroleptiques, methadone...)",critical,CI;ASDEC,"Risque majoré de troubles du rythme ventriculaire, notamment de torsades de pointes.","Contre-indication: - Pour l'érythromycine et la vincamine, seules les formes administrées par voie intraveineuse sont concernées par cette interaction. - Pour la spiramycine, la voie IV et la voie orale sont concernées. - Le citalopram, l'escitalopram, l'hydroxyzine, la dompéridone, la pipéraquinei sont contre-indiqués quel que soit le torsadogène. Association déconseillée: - avec les antiparasitaires (chloroquine, halofantrine, luméfantrine, pentamidine), les neuroleptiques, la méthadone, l'arsénieux et l'hydroxychloroquine. Si l’association ne peut être évitée, contrôle clinique et électrocardiographique régulier.",230
SUBSTRATS À RISQUE DU CYP3A4,CRIZOTINIB,substrats a risque du cyp3a4,crizotinib,high,ASDEC,Risque de majoration de la toxicité de ces molécules par diminution de leur métabolisme et/ou augmentation de leur biodisponibilité par le crizotinib.,,230
SUBSTRATS À RISQUE DU CYP3A4,IDÉLALISIB,substrats a risque du cyp3a4,idelalisib,high,ASDEC,Augmentation des concentrations plasmatiques du substrat par diminution de son métabolisme hépatique par l’idelalisib.,,231
SUBSTRATS À RISQUE DU CYP3A4,INHIBITEURS PUISSANTS DU CYP3A4,substrats a risque du cyp3a4,inhibiteurs puissants du cyp3a4,low,APEC,"Majoration des effets indésirables propres à chaque substrat, avec conséquences souvent sévères.",,231
SUCRALFATE,DIGOXINE,sucralfate,digoxine,moderate,PE,Diminution de l'absorption digestive de la digoxine.,"Prendre le sucralfate à distance de la digoxine (plus de 2 heures, si possible).",231
SUCRALFATE,FLUOROQUINOLONES,sucralfate,fluoroquinolones,moderate,PE,Diminution de l'absorption digestive des fluoroquinolones.,"Prendre le sucralfate à distance des fluoroquinolones (plus de 2 heures, si possible).",231
SUCRALFATE,HORMONES THYROÏDIENNES,sucralfate,hormones thyroidiennes,moderate,PE,Diminution de l'absorption digestive des hormones thyroïdiennes.,"Prendre les hormones thyroïdiennes à distance du sucralfate (plus de 2 heures, si possible).",231
SUCRALFATE,"PHÉNYTOÏNE (ET, PAR EXTRAPOLATION, FOSPHÉNYTOÏNE)",sucralfate,"phenytoine (et, par extrapolation, fosphenytoine)",moderate,PE,Diminution de l'absorption digestive de la phénytoïne.,"Prendre le sucralfate à distance de la phénytoïne (plus de 2 heures, si possible).",231
SUCRALFATE,SULPIRIDE,sucralfate,sulpiride,moderate,PE,Diminution de l'absorption digestive du sulpiride.,"Prendre le sucralfate à distance du sulpiride (plus de 2 heures, si possible).",231
SUFENTANIL,INHIBITEURS PUISSANTS DU CYP3A4,sufentanil,inhibiteurs puissants du cyp3a4,moderate,PE,Augmentation de l’effet dépresseur respiratoire de l’analgésique opiacé par diminution de son métabolisme hépatique.,Surveillance clinique et adaptation de la posologie de l’analgésique opiacé en cas de traitement par un inhibiteur puissant du CYP3A4.,231
SULFAFURAZOL,"PHÉNYTOÏNE (ET, PAR EXTRAPOLATION, FOSPHÉNYTOÏNE)",sulfafurazol,"phenytoine (et, par extrapolation, fosphenytoine)",high,ASDEC,Augmentation des concentrations plasmatiques de phénytoïne jusqu'à des valeurs toxiques (inhibition de son métabolisme).,"Utiliser de préférence une autre classe d'anti-infectieux, sinon surveillance clinique étroite, dosage des concentrations de phénytoïne et adaptation éventuelle de sa posologie pendant le traitement par le sulfamide anti-infectieux et après son arrêt.",231
SULFAMETHIZOL,METHENAMINE,sulfamethizol,methenamine,high,ASDEC,Précipitation cristalline dans les voies urinaires (favorisée par l'acidification des urines).,,231
SULFAMETHIZOL,"PHÉNYTOÏNE (ET, PAR EXTRAPOLATION, FOSPHÉNYTOÏNE)",sulfamethizol,"phenytoine (et, par extrapolation, fosphenytoine)",high,ASDEC,Augmentation des concentrations plasmatiques de phénytoïne jusqu'à des valeurs toxiques (inhibition de son métabolisme).,"Utiliser de préférence une autre classe d'anti-infectieux, sinon surveillance clinique étroite, dosage des concentrations de phénytoïne et adaptation éventuelle de sa posologie pendant le traitement par le sulfamide anti-infectieux et après son arrêt.",231
SULFAMETHOXAZOLE,ANTIVITAMINES K,sulfamethoxazole,antivitamines k,high,ASDEC,Augmentation importante de l’effet de l’antivitamine K et du risque hémorragique.,"Si l’association ne peut être évitée, contrôle plus fréquent de l’INR et adaptation de la posologie de l’antivitamine K pendant le traitement par cotrimoxazole et après son arrêt.",231
SULFAMETHOXAZOLE,"PHÉNYTOÏNE (ET, PAR EXTRAPOLATION, FOSPHÉNYTOÏNE)",sulfamethoxazole,"phenytoine (et, par extrapolation, fosphenytoine)",high,ASDEC,Augmentation des concentrations plasmatiques de phénytoïne jusqu'à des valeurs toxiques (inhibition de son métabolisme).,"Utiliser de préférence une autre classe d'anti-infectieux, sinon surveillance clinique étroite, dosage des concentrations de phénytoïne et adaptation éventuelle de sa posologie pendant le traitement par le sulfamide anti-infectieux et après son arrêt.",232
SULFAMÉTHOXAZOLE + TRIMÉTHOPRIME,SUBSTANCES SUSCEPTIBLES DE DONNER DES TORSADES DE POINTES,sulfamethoxazole + trimethoprime,substances susceptibles de donner des torsades de pointes,high,ASDEC,"Risque de troubles ventriculaires, notamment de torsades de pointes.","Contre-indication : - avec le citalopram, la dompéridone, l'escitalopram, l'hydroxyzine et la pipéraquine. Association déconseillée: - avec les autres médicaments susceptibles de donner des torsades de pointes. Si l’association ne peut être évitée, contrôle clinique et électrocardiographique régulier.",232
SULFAMÉTHOXAZOLE + TRIMÉTHOPRIME,SULFAMIDES HYPOGLYCÉMIANTS,sulfamethoxazole + trimethoprime,sulfamides hypoglycemiants,low,APEC,"Rares survenues d’hypoglycémies, notamment chez le sujet âgé, dénutri ou insuffisant rénal.",,232
SULFAMIDES ANTIBACTÉRIENS,METHOTREXATE,sulfamides antibacteriens,methotrexate,moderate,PE,Augmentation de la toxicité hématologique du méthotrexate.,Dosage des concentrations de méthotrexate. Adapatation posologique si nécessaire pendant l'association et après son arrêt.,232
SULFAMIDES HYPOGLYCÉMIANTS,ALCOOL (BOISSON OU EXCIPIENT),sulfamides hypoglycemiants,alcool (boisson ou excipient),high,ASDEC,"Effet antabuse, notamment pour glibenclamide, glipizide, tolbutamide. Augmentation de la réaction hypoglycémique (inhibition des réactions de compensation) pouvant faciliter la survenue de coma hypoglycémique.",Eviter la prise de boissons alcoolisées et de médicaments contenant de l'alcool.,232
SULFAMIDES HYPOGLYCÉMIANTS,ANALOGUES DE LA SOMATOSTATINE,sulfamides hypoglycemiants,analogues de la somatostatine,moderate,PE,"Risque d'hypoglycémie ou d'hyperglycémie : diminution ou augmentation des besoins en sulfamide hypoglycemiant, par diminution ou augmentation de la sécrétion de glucagon endogène.",Renforcer l'autosurveillance glycémique et adapter si besoin la posologie du sulfamide hypoglycemiant pendant le traitement par l'analogue de la somatostatine.,232
SULFAMIDES HYPOGLYCÉMIANTS,BÊTA-2 MIMÉTIQUES,sulfamides hypoglycemiants,beta-2 mimetiques,moderate,PE,Elévation de la glycémie par le bêta-2 mimétique.,"Renforcer la surveillance sanguine et urinaire. Passer éventuellement à l'insuline, le cas échéant.",232
SULFAMIDES HYPOGLYCÉMIANTS,BÊTA-BLOQUANTS (SAUF ESMOLOL) (Y COMPRIS COLLYRES),sulfamides hypoglycemiants,beta-bloquants (sauf esmolol) (y compris collyres),moderate,PE,Tous les bêta-bloquants peuvent masquer certains symptômes de l'hypoglycémie : palpitations et tachycardie.,"Prévenir le patient et renforcer, surtout en début de traitement, l'autosurveillance glycémique.",232
SULFAMIDES HYPOGLYCÉMIANTS,BÊTA-BLOQUANTS DANS L'INSUFFISANCE CARDIAQUE,sulfamides hypoglycemiants,beta-bloquants dans l'insuffisance cardiaque,moderate,PE,Tous les bêta-bloquants peuvent masquer certains symptômes de l'hypoglycémie : palpitations et tachycardie.,"Prévenir le malade et renforcer, surtout au début du traitement, l'autosurveillance sanguine.",232
SULFAMIDES HYPOGLYCÉMIANTS,CHLORPROMAZINE,sulfamides hypoglycemiants,chlorpromazine,moderate,PE,A fortes posologies (100 mg par jour de chlorpromazine) : élévation de la glycémie (diminution de la libération de l'insuline).,Prévenir le patient et renforcer l'autosurveillance glycémique. Adapter éventuellement la posologie du neuroleptique pendant le traitement et après son arrêt.,232
SULFAMIDES HYPOGLYCÉMIANTS,CLARITHROMYCINE,sulfamides hypoglycemiants,clarithromycine,moderate,PE,Risque d'hypoglycémie par augmentation des concentrations plasmatiques de l’antidiabétique.,"Prévenir le patient, renforcer l'autosurveillance glycémique et adapter éventuellement la posologie du sulfamide hypoglycémiant pendant le traitement par la clarithromycine.",232
SULFAMIDES HYPOGLYCÉMIANTS,DANAZOL,sulfamides hypoglycemiants,danazol,high,ASDEC,Effet diabétogène du danazol.,"Si l'association ne peut être évitée, prévenir le patient et renforcer l'autosurveillance glycémique. Adapter éventuellement la posologie de l'antidiabétique pendant le traitement par le danazol et après son arrêt.",233
SULFAMIDES HYPOGLYCÉMIANTS,FLUCONAZOLE,sulfamides hypoglycemiants,fluconazole,moderate,PE,Augmentation du temps de demi-vie du sulfamide avec survenue possible de manifestations d'hypoglycémie.,"Prévenir le patient, renforcer l'autosurveillance glycémique et adapter éventuellement la posologie du sulfamide pendant le traitement par le fluconazole.",233
SULFAMIDES HYPOGLYCÉMIANTS,INHIBITEURS DE L'ENZYME DE CONVERSION,sulfamides hypoglycemiants,inhibiteurs de l'enzyme de conversion,moderate,PE,L'utilisation des IEC peut entraîner une majoration de l'effet hypoglycémiant chez le diabétique traité par sulfamides hypoglycémiants. La survenue de malaises hypoglycémiques semble exceptionnelle (amélioration de la tolérance au glucose qui aurait pour conséquence une réduction des besoins en sulfamides hypoglycémiants).,Renforcer l'autosurveillance glycémique.,233
SULFAMIDES HYPOGLYCÉMIANTS,MICONAZOLE,sulfamides hypoglycemiants,miconazole,critical,CI,"Augmentation de l'effet hypoglycémiant avec survenue possible de manifestations hypoglycémiques, voire de coma.",,233
SULFAMIDES HYPOGLYCÉMIANTS,SULFAMÉTHOXAZOLE + TRIMÉTHOPRIME,sulfamides hypoglycemiants,sulfamethoxazole + trimethoprime,low,APEC,"Rares survenues d’hypoglycémies, notamment chez le sujet âgé, dénutri ou insuffisant rénal.",,233
SULFASALAZINE,DIGOXINE,sulfasalazine,digoxine,moderate,PE,Diminution de la digoxinémie pouvant atteindre 50 %.,"Surveillance clinique, ECG et, éventuellement, de la digoxinémie. S'il y a lieu, adaptation de la posologie de la digoxine pendant le traitement par la sulfasalazine et après son arrêt.",233
SULFASALAZINE,PONATINIB,sulfasalazine,ponatinib,moderate,PE,Risque d’augmentation des concentrations plasmatiques de la sulfasalazine par augmentation de son absorption intestinale par le ponatinib.,Surveillance clinique et biologique étroite pendant l’association.,233
SULFASALAZINE,TÉDIZOLIDE,sulfasalazine,tedizolide,high,ASDEC,"Risque d’augmentation des concentrations plasmatiques de la sulfasalazine, par augmentation de son absorption avec le tédizolide administré par voie orale.",,233
SULFINPYRAZONE,CICLOSPORINE,sulfinpyrazone,ciclosporine,moderate,PE,Diminution des concentrations sanguines de ciclosporine par augmentation de son métabolisme par la sulfinpyrazone.,Contrôle des concentrations sanguines de ciclosporine et adaptation éventuelle de sa posologie pendant le traitement par sulfinpyrazone et après son arrêt.,233
SULPIRIDE,SUCRALFATE,sulpiride,sucralfate,moderate,PE,Diminution de l'absorption digestive du sulpiride.,"Prendre le sucralfate à distance du sulpiride (plus de 2 heures, si possible).",233
SULPROSTONE,MÉTHYLERGOMÉTRINE,sulprostone,methylergometrine,critical,CI,Risque de vasoconstriction coronaire pouvant être fatale.,Ne pas utiliser ces deux médicaments simultanément ou successivement.,233
SUNITINIB,GRAZOPREVIR + ELBASVIR,sunitinib,grazoprevir + elbasvir,high,ASDEC,Risque d’augmentation des effets indésirables du sunitinib par le grazoprévir/elbasvir.,"Si l’association ne peut être évitée, surveillance clinique étroite.",234
SUXAMETHONIUM,ANTICHOLINESTÉRASIQUES,suxamethonium,anticholinesterasiques,low,APEC,"Risque d'allongement du bloc moteur, majoré en cas de déficit partiel en pseudocholinestérase.",,234
SYMPATHOMIMÉTIQUES ALPHA (VOIES ORALE ET/OU NASALE),ALCALOÏDES DE L'ERGOT DE SEIGLE DOPAMINERGIQUES,sympathomimetiques alpha (voies orale et/ou nasale),alcaloides de l'ergot de seigle dopaminergiques,high,ASDEC,Risque de vasoconstriction et/ou de poussées hypertensives.,,234
SYMPATHOMIMÉTIQUES ALPHA (VOIES ORALE ET/OU NASALE),ALCALOÏDES DE L'ERGOT DE SEIGLE VASOCONSTRICTEURS,sympathomimetiques alpha (voies orale et/ou nasale),alcaloides de l'ergot de seigle vasoconstricteurs,high,ASDEC,Risque de vasoconstriction et/ou de poussées hypertensives.,,234
SYMPATHOMIMÉTIQUES ALPHA (VOIES ORALE ET/OU NASALE),IMAO IRRÉVERSIBLES,sympathomimetiques alpha (voies orale et/ou nasale),imao irreversibles,high,ASDEC,"Crises hypertensives (inhibition du métabolisme des amines pressives). Du fait de la durée d'action de l'IMAO, cette interaction est encore possible 15 jours après l'arrêt de l'IMAO.",,234
SYMPATHOMIMÉTIQUES ALPHA (VOIES ORALE ET/OU NASALE),SYMPATHOMIMÉTIQUES INDIRECTS,sympathomimetiques alpha (voies orale et/ou nasale),sympathomimetiques indirects,critical,CI,Risque de vasoconstriction et/ou de poussées hypertensives.,,234
SYMPATHOMIMÉTIQUES ALPHA ET BÊTA (VOIE IM ET IV),ANESTHÉSIQUES VOLATILS HALOGÉNÉS,sympathomimetiques alpha et beta (voie im et iv),anesthesiques volatils halogenes,low,APEC,Décrit avec l'halothane et le cyclopropane. Troubles du rythme ventriculaire graves par augmentation de l'excitabilité cardiaque.,,234
SYMPATHOMIMÉTIQUES ALPHA ET BÊTA (VOIE IM ET IV),ANTIDÉPRESSEURS IMIPRAMINIQUES,sympathomimetiques alpha et beta (voie im et iv),antidepresseurs imipraminiques,high,ASDEC,Hypertension paroxystique avec possibilité de troubles du rythme (inhibition de l'entrée du sympathomimétique dans la fibre sympathique).,,234
SYMPATHOMIMÉTIQUES ALPHA ET BÊTA (VOIE IM ET IV),IMAO IRRÉVERSIBLES,sympathomimetiques alpha et beta (voie im et iv),imao irreversibles,moderate,PE,"Augmentation de l'action pressive du sympathomimétique, le plus souvent modérée.",A n'utiliser que sous contrôle médical strict.,234
SYMPATHOMIMÉTIQUES ALPHA ET BÊTA (VOIE IM ET IV),"IMAO-A RÉVERSIBLES, Y COMPRIS OXAZOLIDINONES ET BLEU DE MÉTHYLÈNE",sympathomimetiques alpha et beta (voie im et iv),"imao-a reversibles, y compris oxazolidinones et bleu de methylene",moderate,PE,Par extrapolation à partir des IMAO non sélectifs : risque d'augmentation de l'action pressive.,A n'utiliser que sous contrôle médical strict.,234
SYMPATHOMIMÉTIQUES ALPHA ET BÊTA (VOIE IM ET IV),MÉDICAMENTS MIXTES ADRÉNERGIQUES-SÉROTONINERGIQUES,sympathomimetiques alpha et beta (voie im et iv),medicaments mixtes adrenergiques-serotoninergiques,high,ASDEC,Hypertension paroxystique avec possibilité de troubles du rythme (inhibition de l'entrée du sympathomimétique dans la fibre sympathique).,,234
SYMPATHOMIMÉTIQUES INDIRECTS,AUTRES SYMPATHOMIMETIQUES INDIRECTS,sympathomimetiques indirects,autres sympathomimetiques indirects,critical,CI,Risque de vasoconstriction et/ou de crises hypertensives.,,234
SYMPATHOMIMÉTIQUES INDIRECTS,ALCALOÏDES DE L'ERGOT DE SEIGLE DOPAMINERGIQUES,sympathomimetiques indirects,alcaloides de l'ergot de seigle dopaminergiques,high,ASDEC,Risque de vasoconstriction et/ou de poussées hypertensives.,,235
SYMPATHOMIMÉTIQUES INDIRECTS,ALCALOÏDES DE L'ERGOT DE SEIGLE VASOCONSTRICTEURS,sympathomimetiques indirects,alcaloides de l'ergot de seigle vasoconstricteurs,high,ASDEC,Risque de vasoconstriction et/ou de poussées hypertensives.,,235
SYMPATHOMIMÉTIQUES INDIRECTS,ANESTHÉSIQUES VOLATILS HALOGÉNÉS,sympathomimetiques indirects,anesthesiques volatils halogenes,moderate,PE,Poussée hypertensive peropératoire.,"En cas d'intervention programmée, il est préférable d'interrompre le traitement quelques jours avant l'intervention.",235
SYMPATHOMIMÉTIQUES INDIRECTS,IMAO IRRÉVERSIBLES,sympathomimetiques indirects,imao irreversibles,critical,CI,"Hypertension paroxystique, hyperthermie pouvant être fatale. Du fait de la durée d'action de l'IMAO, cette interaction est encore possible 15 jours après l'arrêt de l'IMAO.",,235
SYMPATHOMIMÉTIQUES INDIRECTS,"IMAO-A RÉVERSIBLES, Y COMPRIS OXAZOLIDINONES ET BLEU DE MÉTHYLÈNE",sympathomimetiques indirects,"imao-a reversibles, y compris oxazolidinones et bleu de methylene",critical,CI;ASDEC,Risque de vasoconstriction et/ou de poussées hypertensives.,Contre-indication : avec le bupropion Association déconseillée : avec les autres sympathomimétiques indirects,235
SYMPATHOMIMÉTIQUES INDIRECTS,SYMPATHOMIMÉTIQUES ALPHA (VOIES ORALE ET/OU NASALE),sympathomimetiques indirects,sympathomimetiques alpha (voies orale et/ou nasale),critical,CI,Risque de vasoconstriction et/ou de poussées hypertensives.,,235
TACROLIMUS,AMINOSIDES,tacrolimus,aminosides,low,APEC,Augmentation de la créatininémie plus importante que sous tacrolimus seul (synergie des effets néphrotoxiques des deux substances).,,235
TACROLIMUS,AMIODARONE,tacrolimus,amiodarone,moderate,PE,Augmentation des concentrations sanguines de tacrolimus par inhibition de son métabolisme par l’amiodarone.,"Dosage des concentrations sanguines de tacrolimus, contrôle de la fonction rénale et adaptation de la posologie de tacrolimus pendant l’association et à l’arrêt de l’amiodarone.",235
TACROLIMUS,AMPHOTERICINE B,tacrolimus,amphotericine b,low,APEC,Avec l'amphotéricine B administrée par voie IV : augmentation de la créatininémie plus importante que sous tacrolimus seul (synergie des effets néphrotoxiques des deux substances).,,235
TACROLIMUS,ANTI-INFLAMMATOIRES NON STÉROÏDIENS,tacrolimus,anti-inflammatoires non steroidiens,moderate,PE,"Risque d’addition des effets néphrotoxiques, notamment chez le sujet âgé.",Surveiller la fonction rénale en début de traitement par l’AINS.,235
TACROLIMUS,CLINDAMYCINE,tacrolimus,clindamycine,moderate,PE,"Diminution des concentrations sanguines de l'immunosuppresseur, avec risque de perte de l'activité immunosuppressive.",Contrôle renforcé des dosages sanguins de tacrolimus et augmentation éventuelle de sa posologie.,235
TACROLIMUS,DABIGATRAN,tacrolimus,dabigatran,high,ASDEC,Risque d'augmentation des concentrations plasmatiques de dabigatran.,,235
TACROLIMUS,DANAZOL,tacrolimus,danazol,moderate,PE,Augmentation des concentrations sanguines du tacrolimus par inhibition de son métabolisme hépatique.,"Dosage des concentrations sanguines du tacrolimus et adaptation de sa posologie pendant l'association et après son arrêt, avec contrôle de la fonction rénale.",235
TACROLIMUS,DIURÉTIQUES ÉPARGNEURS DE POTASSIUM (SEULS OU ASSOCIÉS),tacrolimus,diuretiques epargneurs de potassium (seuls ou associes),high,ASDEC,"Hyperkaliémie potentiellement létale, surtout lors d'une insuffisance rénale (addition des effets hyperkaliémiants).",,235
TACROLIMUS,GRAZOPREVIR + ELBASVIR,tacrolimus,grazoprevir + elbasvir,moderate,PE,Augmentation des concentrations plasmatiques de tacrolimus par inhibition de son métabolisme hépatique.,Surveillance clinique et biologique étroite.,236
TACROLIMUS,JOSAMYCINE,tacrolimus,josamycine,high,ASDEC,"Augmentation des concentrations sanguines de tacrolimus et de la créatininémie, par inhibition du métabolisme hépatique du tacrolimus par la josamycine.",,236
TACROLIMUS,LANSOPRAZOLE,tacrolimus,lansoprazole,moderate,PE,Augmentation des concentrations sanguines du tacrolimus.,"Dosage des concentrations sanguines du tacrolimus, contrôle de la fonction rénale et adaptation de la posologie pendant l'association et après son arrêt.",236
TACROLIMUS,MIFAMURTIDE,tacrolimus,mifamurtide,critical,CI,Risque d'atteinte des macrophages spléniques et des cellules phagocytaires mononuclées.,,236
TACROLIMUS,OMBITASVIR + PARITAPRÉVIR,tacrolimus,ombitasvir + paritaprevir,high,ASDEC,En association avec le ritonavir : augmentation significative des concentrations de l’immunosuppresseur avec risque de majoration de sa toxicité par la bithérapie.,"Si l’association s’avère nécessaire, contrôle strict de la fonction rénale, dosage des concentrations sanguines de l'immunosuppresseur et adaptation éventuelle de la posologie.",236
TACROLIMUS,OMEPRAZOLE,tacrolimus,omeprazole,moderate,PE,Augmentation des concentrations sanguines du tacrolimus.,"Dosage des concentrations sanguines du tacrolimus, contrôle de la fonction rénale et adaptation de la posologie pendant l'association et après son arrêt.",236
TACROLIMUS,POTASSIUM,tacrolimus,potassium,high,ASDEC,"Pour une quantité de potassium > à 1 mmol/prise, hyperkaliémie potentiellement létale, notamment chez l'insuffisant rénale (addition des effets hyperkaliémiants).",Sauf en cas d'hypokaliémie.,236
TACROLIMUS,TIGECYCLINE,tacrolimus,tigecycline,moderate,PE,"Augmentation des concentrations sanguines de l’immunosuppresseur, avec risque d'effets néphrotoxiques.","Dosage des concentrations sanguines de l’immunosuppresseur, contrôle de la fonction rénale et adaptation de la posologie pendant le traitement par la tigécycline.",236
TACROLIMUS,VERAPAMIL,tacrolimus,verapamil,moderate,PE,Augmentation des concentrations sanguines du tacrolimus (diminution de son métabolisme hépatique par le verapamil).,"Dosage des concentrations sanguines de l’immunosuppresseur, contrôle de la fonction rénale et adaptation de la posologie pendant l’association et après son arrêt.",236
TALAZOPARIB,AMIODARONE,talazoparib,amiodarone,moderate,PE,Augmentation des concentrations de talazoparib avec risque de majoration de la toxicité.,Réduire la dose de talazoparib.,236
TALAZOPARIB,CICLOSPORINE,talazoparib,ciclosporine,moderate,PE,Augmentation des concentrations de talazoparib avec risque de majoration de la toxicité.,Réduire la dose de talazoparib.,236
TALAZOPARIB,CLARITHROMYCINE,talazoparib,clarithromycine,moderate,PE,Augmentation des concentrations de talazoparib avec risque de majoration de la toxicité.,Réduire la dose de talazoparib.,236
TALAZOPARIB,DRONEDARONE,talazoparib,dronedarone,moderate,PE,Augmentation des concentrations de talazoparib avec risque de majoration de la toxicité.,Réduire la dose de talazoparib.,236
TALAZOPARIB,ERYTHROMYCINE,talazoparib,erythromycine,moderate,PE,Augmentation des concentrations de talazoparib avec risque de majoration de la toxicité.,Réduire la dose de talazoparib.,236
TALAZOPARIB,INHIBITEURS DE PROTÉASES BOOSTÉS PAR RITONAVIR,talazoparib,inhibiteurs de proteases boostes par ritonavir,moderate,PE,Augmentation des concentrations de talazoparib avec risque de majoration de la toxicité.,Réduire la dose de talazoparib.,237
TALAZOPARIB,ITRACONAZOLE,talazoparib,itraconazole,moderate,PE,Augmentation des concentrations de talazoparib avec risque de majoration de la toxicité.,Réduire la dose de talazoparib.,237
TALAZOPARIB,QUINIDINE,talazoparib,quinidine,moderate,PE,Augmentation des concentrations de talazoparib avec risque de majoration de la toxicité.,Réduire la dose de talazoparib.,237
TALAZOPARIB,VERAPAMIL,talazoparib,verapamil,moderate,PE,Augmentation des concentrations de talazoparib avec risque de majoration de la toxicité.,Réduire la dose de talazoparib.,237
TAMOXIFENE,ANTIVITAMINES K,tamoxifene,antivitamines k,moderate,PE,Risque d'augmentation de l'effet de l'antivitamine K et du risque hémorragique.,Contrôle plus fréquent de l'INR. Adaptation éventuelle de la posologie de l'antivitamine K.,237
TAMOXIFENE,BUPROPION,tamoxifene,bupropion,high,ASDEC,"Risque de baisse de l'efficacité du tamoxifène, par inhibition de la formation de son métabolite actif par le bupropion.",,237
TAMOXIFENE,DULOXETINE,tamoxifene,duloxetine,high,ASDEC,"Risque de baisse de l'efficacité du tamoxifène, par inhibition de la formation de son métabolite actif par la duloxétine.",,237
TAMOXIFENE,FLUOXETINE,tamoxifene,fluoxetine,high,ASDEC,"Baisse de l’efficacité du tamoxifène, par inhibition de la formation de son métabolite actif par la fluoxétine.",,237
TAMOXIFENE,INDUCTEURS ENZYMATIQUES,tamoxifene,inducteurs enzymatiques,low,APEC,Risque d’inefficacité du tamoxifène par augmentation de son métabolisme par l’inducteur.,,237
TAMOXIFENE,MILLEPERTUIS,tamoxifene,millepertuis,critical,CI,Risque d’inefficacité du tamoxifène par augmentation de son métabolisme par le millepertuis.,,237
TAMOXIFENE,PAROXETINE,tamoxifene,paroxetine,high,ASDEC,"Baisse de l’efficacité du tamoxifène, par inhibition de la formation de son métabolite actif par la paroxétine.",,237
TAMOXIFENE,QUINIDINE,tamoxifene,quinidine,high,ASDEC,"Risque de baisse de l'efficacité du tamoxifène, par inhibition de la formation de son métabolite actif par la quinidine.",,237
TAMOXIFENE,ROLAPITANT,tamoxifene,rolapitant,high,ASDEC,Risque de baisse de l’efficacité du tamoxifène par inhibition de la formation de son métabollite actif par le rolapitant.,,237
TAMOXIFENE,TERBINAFINE,tamoxifene,terbinafine,high,ASDEC,"Risque de baisse de l'efficacité du tamoxifène, par inhibition de la formation de son métabolite actif par la terbinafine.",,237
TAMSULOSINE,AMIODARONE,tamsulosine,amiodarone,moderate,PE,"Risque de majoration des effets indésirables de la tamsulosine, par inhibition de son métabolisme hépatique.","Surveillance clinique et adaptation de la posologie de la tamsulosine pendant le traitement par l’inhibiteur enzymatique et après son arrêt, le cas échéant.",238
TAMSULOSINE,DILTIAZEM,tamsulosine,diltiazem,moderate,PE,"Risque de majoration des effets indésirables de la tamsulosine, par inhibition de son métabolisme hépatique.","Surveillance clinique et adaptation de la posologie de la tamsulosine pensant le traitement par l’inhibiteur enzymatique et après son arrêt, le cas échéant.",238
TAMSULOSINE,INHIBITEURS PUISSANTS DU CYP3A4,tamsulosine,inhibiteurs puissants du cyp3a4,high,ASDEC,"Risque de majoration des effets indésirables de la tamsulosine, par inhibition de son métabolisme hépatique.",,238
TAMSULOSINE,VERAPAMIL,tamsulosine,verapamil,moderate,PE,"Risque de majoration des effets indésirables de la tamsulosine, par inhibition de son métabolisme hépatique.","Surveillance clinique et adaptation de la posologie de la tamsulosine pensant le traitement par l’inhibiteur enzymatique et après son arrêt, le cas échéant.",238
TÉDIZOLIDE,IMATINIB,tedizolide,imatinib,high,ASDEC,"Risque d’augmentation des concentrations plasmatiques de l'imatinib, par augmentation de son absorption avec le tédizolide administré par voie orale.",,238
TÉDIZOLIDE,LAPATINIB,tedizolide,lapatinib,high,ASDEC,"Risque d’augmentation des concentrations plasmatiques du lapatinib, par augmentation de son absorption avec le tédizolide administré par voie orale, ou par diminution de son élimination avec le tédizolide administré par voie IV.",,238
TÉDIZOLIDE,METHOTREXATE,tedizolide,methotrexate,high,ASDEC,"Risque d’augmentation des concentrations plasmatiques du méthotrexate, par augmentation de son absorption avec le tédizolide administré par voie orale, ou par diminution de son élimination avec le tédizolide administré par voie IV.",,238
TÉDIZOLIDE,ROSUVASTATINE,tedizolide,rosuvastatine,high,ASDEC,"Risque d’augmentation des concentrations plasmatiques de la rosuvastatine, par augmentation de son absorption avec le tédizolide administré par voie orale, ou par diminution de son élimination avec le tédizolide administré par voie IV.",,238
TÉDIZOLIDE,SULFASALAZINE,tedizolide,sulfasalazine,high,ASDEC,"Risque d’augmentation des concentrations plasmatiques de la sulfasalazine, par augmentation de son absorption avec le tédizolide administré par voie orale.",,238
TÉDIZOLIDE,TOPOTECANE,tedizolide,topotecane,high,ASDEC,"Risque d’augmentation des concentrations plasmatiques du topotécan, par augmentation de son absorption avec le tédizolide administré par voie orale, ou par diminution de son élimination avec le tédizolide administré par voie IV.",,238
TELBIVUDINE,PEG-INTERFERON ALFA-2A,telbivudine,peg-interferon alfa-2a,critical,CI,Risque majoré de neuropathies périphériques.,,238
TELITHROMYCINE,ATORVASTATINE,telithromycine,atorvastatine,critical,CI,Risque majoré d’effets indésirables (dose-dépendants) à type de rhabdomyolyse (diminution du métabolisme hépatique de l’hypocholestérolémiant).,,238
TELITHROMYCINE,DIGOXINE,telithromycine,digoxine,moderate,PE,Augmentation de la digoxinémie par augmentation de son absorption.,Surveillance clinique et éventuellement de la digoxinémie pendant le traitement par la télithromycine et après son arrêt.,239
TELITHROMYCINE,IMMUNOSUPPRESSEURS,telithromycine,immunosuppresseurs,high,ASDEC,Augmentation très importante des concentrations sanguines de l'immunosuppresseur par inhibition de son métabolisme hépatique.,"En cas d’association, contrôle strict de la fonction rénale, dosage des concentrations sanguines de l'immunosuppresseur et adaptation éventuelle de la posologie.",239
TELITHROMYCINE,INDUCTEURS ENZYMATIQUES PUISSANTS,telithromycine,inducteurs enzymatiques puissants,high,ASDEC,"Diminution des concentrations plasmatiques de la télithromycine, avec risque d'échec du traitement anti-infectieux, par augmentation de son métabolisme hépatique par l'inducteur.",,239
TELITHROMYCINE,INHIBITEURS PUISSANTS DU CYP3A4,telithromycine,inhibiteurs puissants du cyp3a4,critical,CI,"Risque de majoration des effets indésirables, notamment à type de troubles du rythme cardiaque.",chez le patient insuffisant rénal ou hépatique sévère.,239
TELITHROMYCINE,MILLEPERTUIS,telithromycine,millepertuis,high,ASDEC,"Diminution des concentrations plasmatiques de la télithromycine, avec risque d'échec du traitement anti-infectieux, par augmentation du métabolisme hépatique de la télithromycine par le millepertuis.",,239
TELITHROMYCINE,RIFAMPICINE,telithromycine,rifampicine,high,ASDEC,"Diminution très importante des concentrations plasmatiques de la télithromycine, avec risque d'échec du traitement anti-infectieux, par augmentation du métabolisme hépatique de la télithromycine par la rifampicine.",,239
TELITHROMYCINE,VENLAFAXINE,telithromycine,venlafaxine,low,APEC,Augmentation des concentrations de venlafaxine avec risque de surdosage.,,239
TEMSIROLIMUS,INHIBITEURS DE L'ENZYME DE CONVERSION,temsirolimus,inhibiteurs de l'enzyme de conversion,low,APEC,Majoration du risque d’angio-oedème.,,239
TENOFOVIR ALAFÉNAMIDE,P A S SODIQUE,tenofovir alafenamide,p a s sodique,low,APEC,Diminution des deux tiers de l’exposition du ténofovir avec une formulation de PAS calcique.,,239
TÉNOFOVIR ALAFÉNAMIDE,CICLOSPORINE,tenofovir alafenamide,ciclosporine,moderate,PE,Augmentation des concentrations plasmatiques du ténofovir alafénamide par augmentation de son absorption.,"En cas de co-administration avec la ciclosporine, la dose de ténofovir alafénamide doit être limitée à 10 mg par jour.",239
TÉNOFOVIR ALAFÉNAMIDE,COBICISTAT,tenofovir alafenamide,cobicistat,moderate,PE,"Avec l'atazanavir, le darunavir ou le lopinavir boostés par cobicistat, augmentation des concentrations plasmatiques du ténofovir alafénamide par augmentation de son absorption.","En cas de co-administration, la dose de ténofovir alafénamide doit être limitée à 10 mg par jour. L’association avec les autres inhibiteurs de protéases du VIH n’a pas été étudiée.",239
TÉNOFOVIR ALAFÉNAMIDE,INDUCTEURS ENZYMATIQUES,tenofovir alafenamide,inducteurs enzymatiques,high,ASDEC,Diminution des concentrations plasmatiques du ténofovir alafénamide par diminution de son absorption par l’inducteur.,"Si l'association ne peut être évitée, surveillance clinique pendant l’association et 1 à 2 semaines après l’arrêt de l’inducteur.",239
TÉNOFOVIR ALAFÉNAMIDE,INHIBITEURS DE PROTÉASES BOOSTÉS PAR RITONAVIR,tenofovir alafenamide,inhibiteurs de proteases boostes par ritonavir,moderate,PE,"Avec l'atazanavir, le darunavir ou le lopinavir, augmentation des concentrations plasmatiques du ténofovir alafénamide par augmentation de son absorption.","En cas de co-administration, la dose de ténofovir alafénamide doit être limitée à 10 mg par jour. L’association avec les autres inhibiteurs de protéases du VIH n’a pas été étudiée.",239
TÉNOFOVIR ALAFÉNAMIDE,ITRACONAZOLE,tenofovir alafenamide,itraconazole,moderate,PE,Augmentation des concentrations plasmatiques du ténofovir alafénamide par augmentation de son absorption.,"En cas de co-administration avec l’itraconazole, la dose de ténofovir alafénamide doit être limitée à 10 mg par jour.",240
TÉNOFOVIR ALAFÉNAMIDE,KETOCONAZOLE,tenofovir alafenamide,ketoconazole,moderate,PE,Augmentation des concentrations plasmatiques du ténofovir alafénamide par augmentation de son absorption.,"En cas de co-administration avec le kétoconazole, la dose de ténofovir alafénamide doit être limitée à 10 mg par jour.",240
TÉNOFOVIR ALAFÉNAMIDE,RIFAMPICINE,tenofovir alafenamide,rifampicine,high,ASDEC,Diminution des concentrations plasmatiques du ténofovir alafénamide par diminution de son absorption par la rifampicine.,Surveillance clinique pendant l’association et 1 à 2 semaines après l’arrêt de la rifampicine.,240
TÉNOFOVIR ALAFÉNAMIDE,VERAPAMIL,tenofovir alafenamide,verapamil,moderate,PE,Augmentation des concentrations plasmatiques du ténofovir alafénamide par augmentation de son absorption.,"En cas de co-administration avec le vérapamil, la dose de ténofovir alafénamide doit être limitée à 10 mg par jour.",240
TENOFOVIR DISOPROXIL,ANTI-INFLAMMATOIRES NON STÉROÏDIENS,tenofovir disoproxil,anti-inflammatoires non steroidiens,moderate,PE,"Risque de majoration de la néphrotoxicité du ténofovir, notamment avec des doses élevées de l'anti-inflammatoire ou en présence de facteurs de risque d'insuffisance rénale.","En cas d’association, surveiller la fonction rénale.",240
TENOFOVIR DISOPROXIL,ATAZANAVIR,tenofovir disoproxil,atazanavir,low,APEC,"Diminution d’environ un tiers de l’exposition à l’atazanavir chez le patient en cas d’association au ténofovir, comparativement au sujet sain recevant la même association.",Ne pas administrer l’atazanavir avec le ténofovir sans ritonavir.,240
TENOFOVIR DISOPROXIL,DIDANOSINE,tenofovir disoproxil,didanosine,high,ASDEC,"Risque d'échec du traitement antirétroviral, voire émergence de résistances. De plus, majoration du risque de la toxicité mitochondriale de la didanosine.",,240
TENOFOVIR DISOPROXIL,LÉDIPASVIR,tenofovir disoproxil,ledipasvir,moderate,PE,"Lors de sa co-administration avec un inhibiteur de protéase, augmentation des concentrations plasmatiques du ténofovir par le lédipasvir.","Surveillance clinique et biologique, notamment de la fonction rénale.",240
TENOFOVIR DISOPROXIL,P A S SODIQUE,tenofovir disoproxil,p a s sodique,low,APEC,Diminution des deux tiers de l’exposition du ténofovir avec une formulation de PAS calcique.,,240
TERBINAFINE,CICLOSPORINE,terbinafine,ciclosporine,moderate,PE,Diminution des concentrations sanguines de ciclosporine.,Contrôle des concentrations sanguines de ciclosporine et adaptation éventuelle de sa posologie pendant le traitement par terbinafine et après son arrêt.,240
TERBINAFINE,CODEINE,terbinafine,codeine,high,ASDEC,Risque d’inefficacité de l’opiacé par inhibition de son métabolisme par l’inhibiteur.,,240
TERBINAFINE,MEQUITAZINE,terbinafine,mequitazine,high,ASDEC,"Risque de majoration des effets indésirables de la méquitazine, par inhibition de son métabolisme par l’inhibiteur enzymatique.",,240
TERBINAFINE,METOPROLOL,terbinafine,metoprolol,moderate,PE,"Chez l'insuffisant cardiaque, risque d'augmentation des effets indésirables du métoprolol, par diminution de son métabolisme hépatique par la terbinafine.","Surveillance clinique. Si besoin, adaptation de la posologie du métoprolol pendant le traitement par la terbinafine.",240
TERBINAFINE,PROPAFENONE,terbinafine,propafenone,moderate,PE,"Risque d'augmentation des effets indésirables de la propafénone, par diminution de son métabolisme hépatique par la terbinafine.","Surveillance clinique. Si besoin, adaptation de la posologie de la propafénone pendant le traitement par la terbinafine.",240
TERBINAFINE,RIFAMPICINE,terbinafine,rifampicine,moderate,PE,"Diminution des concentrations plasmatiques et de l'efficacité de la terbinafine, par augmentation de son métabolisme hépatique par la rifampicine.","Surveillance clinique. Si besoin, adaptation de la posologie de la terbinafine pendant le traitement par la rifampicine.",241
TERBINAFINE,TAMOXIFENE,terbinafine,tamoxifene,high,ASDEC,"Risque de baisse de l'efficacité du tamoxifène, par inhibition de la formation de son métabolite actif par la terbinafine.",,241
TERBINAFINE,TETRABENAZINE,terbinafine,tetrabenazine,critical,CI,"Augmentation, possiblement très importante, de l’exposition des métabolites actifs de la tétrabénazine.",,241
TERBINAFINE,TRAMADOL,terbinafine,tramadol,high,ASDEC,Risque d’inefficacité de l’opiacé par inhibition de son métabolisme par l’inhibiteur.,,241
TÉRIFLUNOMIDE,SELEXIPAG,teriflunomide,selexipag,moderate,PE,Risque d’augmentation des effets indésirables du sélexipag par diminution de son métabolisme.,Surveillance clinique étroite pendant l’association. Réduire de moitié la posologie (une seule prise par jour).,241
TÉRIFLUNOMIDE,VACCINS VIVANTS ATTÉNUÉS,teriflunomide,vaccins vivants attenues,high,ASDEC,"Risque de maladie vaccinale généralisée, éventuellement mortelle.",,241
TETRABENAZINE,BUPROPION,tetrabenazine,bupropion,critical,CI,Augmentation possiblement très importante de l’exposition des métabolites actifs de la tétrabénazine.,,241
TETRABENAZINE,CINACALCET,tetrabenazine,cinacalcet,critical,CI,Augmentation possiblement très importante de l’exposition des métabolites actifs de la tétrabénazine.,,241
TETRABENAZINE,DOPAMINERGIQUES,tetrabenazine,dopaminergiques,high,ASDEC,Antagonisme réciproque entre le dopaminergique et la tétrabénazine.,,241
TETRABENAZINE,DULOXETINE,tetrabenazine,duloxetine,critical,CI,Augmentation possiblement très importante de l’exposition des métabolites actifs de la tétrabénazine.,,241
TETRABENAZINE,FLUOXETINE,tetrabenazine,fluoxetine,critical,CI,Augmentation possiblement très importante de l’exposition des métabolites actifs de la tétrabénazine.,,241
TETRABENAZINE,IMAO IRRÉVERSIBLES,tetrabenazine,imao irreversibles,critical,CI,"Risque de crises hypertensives. Du fait de la durée d'action de l'IMAO, cette interaction est encore théoriquement possible 15 jours après son arrêt.",,241
TETRABENAZINE,LEVODOPA,tetrabenazine,levodopa,high,ASDEC,Antagonisme réciproque entre la lévodopa et la tétrabénazine.,,241
TETRABENAZINE,PAROXETINE,tetrabenazine,paroxetine,critical,CI,Augmentation possiblement très importante de l’exposition des métabolites actifs de la tétrabénazine.,,241
TETRABENAZINE,QUINIDINE,tetrabenazine,quinidine,critical,CI,Augmentation possiblement très importante de l’exposition des métabolites actifs de la tétrabénazine.,,242
TETRABENAZINE,TERBINAFINE,tetrabenazine,terbinafine,critical,CI,"Augmentation, possiblement très importante, de l’exposition des métabolites actifs de la tétrabénazine.",,242
THALIDOMIDE,DIDANOSINE,thalidomide,didanosine,moderate,PE,Risque majoré de survenue de neuropathies périphériques par addition d'effets indésirables.,"Surveillance clinique et biologique régulière, notamment en début d'association.",242
THALIDOMIDE,STAVUDINE,thalidomide,stavudine,moderate,PE,Risque majoré de survenue de neuropathies périphériques par addition d'effets indésirables.,"Surveillance clinique et biologique régulière, notamment en début d'association.",242
THEOPHYLLINE,GIVOSIRAN,theophylline,givosiran,moderate,PE,Risque d’augmentation de la théophyllinémie avec signes de surdosage par diminution de son métabolisme hépatique.,Surveillance clinique et éventuellement de la théophyllinémie.,242
THEOPHYLLINE,LITHIUM,theophylline,lithium,moderate,PE,Diminution de la lithémie avec risque de baisse de l’efficacité thérapeutique.,Surveillance stricte de la lithémie et adaptation éventuelle de la posologie du lithium.,242
THEOPHYLLINE,PROPAFENONE,theophylline,propafenone,moderate,PE,Risque d’augmentation de la théophyllinémie par diminution de son métabolisme hépatique par la propafénone.,Surveillance clinique et éventuellement de la théophyllinémie.,242
THEOPHYLLINE,VÉMURAFÉNIB,theophylline,vemurafenib,moderate,PE,"Augmentation importante des concentrations de théophylline, avec risques de majoration de ses effets indésirables.",Surveillance clinique et adaptation de la posologie de la théophylline pendant le traitement par vémurafénib et après son arrêt.,242
"THÉOPHYLLINE (ET, PAR EXTRAPOLATION, AMINOPHYLLINE)",CIMETIDINE,"theophylline (et, par extrapolation, aminophylline)",cimetidine,moderate,PE,Avec la cimétidine utilisée à des doses supérieures ou égales à 800 mg/j : augmentation de la théophyllinémie avec risque de surdosage (diminution du métabolisme de la théophylline).,"Surveillance clinique et éventuellement de la théophyllinémie. S'il y a lieu, adaptation de la théophylline pendant le traitement par la cimétidine et après son arrêt.",242
"THÉOPHYLLINE (ET, PAR EXTRAPOLATION, AMINOPHYLLINE)",CIPROFLOXACINE,"theophylline (et, par extrapolation, aminophylline)",ciprofloxacine,moderate,PE,"Augmentation de la théophyllinémie avec risque de surdosage, par diminution de son métabolisme hépatique par la ciprofloxacine.",Surveillance clinique et éventuellement de la théophyllinémie.,242
"THÉOPHYLLINE (ET, PAR EXTRAPOLATION, AMINOPHYLLINE)",CLARITHROMYCINE,"theophylline (et, par extrapolation, aminophylline)",clarithromycine,low,APEC,"Risque d'augmentation de la théophyllinémie, particulièrement chez l'enfant.",,242
"THÉOPHYLLINE (ET, PAR EXTRAPOLATION, AMINOPHYLLINE)",DIPYRIDAMOLE,"theophylline (et, par extrapolation, aminophylline)",dipyridamole,moderate,PE,Avec le dipyridamole par voie injectable : réduction de l’effet vasodilatateur du dipyridamole par la théophylline.,Interrompre un traitement par théophylline au moins 5 jours avant une imagerie myocardique avec le dipyridamole.,242
"THÉOPHYLLINE (ET, PAR EXTRAPOLATION, AMINOPHYLLINE)",ENOXACINE,"theophylline (et, par extrapolation, aminophylline)",enoxacine,critical,CI,Surdosage en théophylline par diminution importante de son métabolisme.,,242
"THÉOPHYLLINE (ET, PAR EXTRAPOLATION, AMINOPHYLLINE)",ERYTHROMYCINE,"theophylline (et, par extrapolation, aminophylline)",erythromycine,high,ASDEC,"Surdosage en théophylline par diminution de son élimination hépatique, plus particulièrement à risque chez l'enfant.",,243
"THÉOPHYLLINE (ET, PAR EXTRAPOLATION, AMINOPHYLLINE)",FLUCONAZOLE,"theophylline (et, par extrapolation, aminophylline)",fluconazole,moderate,PE,Augmentation de la théophyllinémie avec risque de surdosage (diminution de la clairance de la théophylline).,"Surveillance clinique et éventuellement de la théophyllinémie ; s'il y a lieu, adaptation de la posologie de la théophylline pendant le traitement par le fluconazole et après son arrêt.",243
"THÉOPHYLLINE (ET, PAR EXTRAPOLATION, AMINOPHYLLINE)",FLUVOXAMINE,"theophylline (et, par extrapolation, aminophylline)",fluvoxamine,moderate,PE,Augmentation de la théophyllinémie avec signes de surdosage (diminution du métabolisme hépatique de la théophylline).,"Surveillance clinique et éventuellement de la théophyllinémie ; si besoin, adaptation de la posologie de la théophylline pendant le traitement par la fluvoxamine et après son arrêt.",243
"THÉOPHYLLINE (ET, PAR EXTRAPOLATION, AMINOPHYLLINE)",HALOTHANE,"theophylline (et, par extrapolation, aminophylline)",halothane,high,ASDEC,Troubles du rythme ventriculaire graves par augmentation de l'excitabilité cardiaque.,,243
"THÉOPHYLLINE (ET, PAR EXTRAPOLATION, AMINOPHYLLINE)",INDUCTEURS ENZYMATIQUES PUISSANTS,"theophylline (et, par extrapolation, aminophylline)",inducteurs enzymatiques puissants,moderate,PE,Diminution des concentrations plasmatiques et de l'efficacité de la théophylline par augmentation de son métabolisme hépatique par l'inducteur.,"Surveillance clinique et, si besoin, de la théophyllinémie. Adaptation éventuelle de la posologie de la théophylline pendant le traitement par l'inducteur et après son arrêt.",243
"THÉOPHYLLINE (ET, PAR EXTRAPOLATION, AMINOPHYLLINE)",INHIBITEURS DE LA XANTHINE OXYDASE,"theophylline (et, par extrapolation, aminophylline)",inhibiteurs de la xanthine oxydase,moderate,PE,"En cas de posologies élevées de l'inhibiteur, augmentation des concentrations plasmatiques de théophylline par inhibition de son métabolisme.","Surveillance clinique et contrôle de la théophyllinémie jusqu'à deux à trois semaines après la mise en route du traitement par l'inhibiteur ; s'il y a lieu, adaptation de la posologie pendant le traitement par l'association.",243
"THÉOPHYLLINE (ET, PAR EXTRAPOLATION, AMINOPHYLLINE)",INHIBITEURS DE PROTÉASES BOOSTÉS PAR RITONAVIR,"theophylline (et, par extrapolation, aminophylline)",inhibiteurs de proteases boostes par ritonavir,moderate,PE,"Diminution des concentrations plasmatiques de la théophylline, par augmentation de son métabolisme hépatique.","Surveillance clinique et éventuellement de la théophyllinémie ; s'il y a lieu, adaptation de la posologie de la théophylline pendant le traitement par l'inhibiteur de protéases et après son arrêt.",243
"THÉOPHYLLINE (ET, PAR EXTRAPOLATION, AMINOPHYLLINE)",JOSAMYCINE,"theophylline (et, par extrapolation, aminophylline)",josamycine,low,APEC,"Risque d'augmentation de la théophyllinémie, particulièrement chez l'enfant.",,243
"THÉOPHYLLINE (ET, PAR EXTRAPOLATION, AMINOPHYLLINE)",MEXILETINE,"theophylline (et, par extrapolation, aminophylline)",mexiletine,moderate,PE,Augmentation de la théophyllinémie avec risque de surdosage (diminution du métabolisme hépatique de la théophylline).,"Surveillance clinique et éventuellement de la théophyllinémie ; s'il y a lieu, adaptation de la posologie de la théophylline pendant le traitement par la mexilétine et après son arrêt.",243
"THÉOPHYLLINE (ET, PAR EXTRAPOLATION, AMINOPHYLLINE)",MILLEPERTUIS,"theophylline (et, par extrapolation, aminophylline)",millepertuis,critical,CI,"Diminution des concentrations plasmatiques de la théophylline, en raison de l'effet inducteur enzymatique du millepertuis, avec risque de baisse d'efficacité voire d'annulation de l'effet dont les conséquences peuvent être éventuellement graves (survenue d'un trouble ventilatoire obstructif).","En cas d'association fortuite, ne pas interrompre brutalement la prise de millepertuis mais contrôler les concentrations plasmatiques (ou l'efficacité) du médicament associé avant puis après l'arrêt du millepertuis.",243
"THÉOPHYLLINE (ET, PAR EXTRAPOLATION, AMINOPHYLLINE)",NORFLOXACINE,"theophylline (et, par extrapolation, aminophylline)",norfloxacine,moderate,PE,Augmentation de la théophyllinémie avec risque de surdosage (diminution du métabolisme de la théophylline).,Surveillance clinique et éventuellement de la théophyllinémie.,243
"THÉOPHYLLINE (ET, PAR EXTRAPOLATION, AMINOPHYLLINE)",PEFLOXACINE,"theophylline (et, par extrapolation, aminophylline)",pefloxacine,moderate,PE,Augmentation de la théophyllinémie avec risque de surdosage (diminution du métabolisme de la théophylline).,Surveillance clinique et éventuellement de la théophyllinémie.,243
"THÉOPHYLLINE (ET, PAR EXTRAPOLATION, AMINOPHYLLINE)",PENTOXIFYLLINE,"theophylline (et, par extrapolation, aminophylline)",pentoxifylline,moderate,PE,Augmentation de la théophyllinémie avec risque de surdosage (compétition au niveau du métabolisme hépatique de la théophylline).,"Surveillance clinique et éventuellement de la théophyllinémie ; s'il y a lieu, adaptation de la posologie de la théophylline pendant le traitement par la pentoxifylline et après son arrêt.",243
"THÉOPHYLLINE (ET, PAR EXTRAPOLATION, AMINOPHYLLINE)",RIFAMPICINE,"theophylline (et, par extrapolation, aminophylline)",rifampicine,moderate,PE,Diminution des concentrations plasmatiques et de l'efficacité de la théophylline (augmentation de son métabolisme par induction enzymatique).,"Surveillance clinique et, si besoin, de la théophyllinémie. Adapter, s'il y a lieu, la posologie de la théophylline pendant le traitement par la rifampicine et après son arrêt.",243
"THÉOPHYLLINE (ET, PAR EXTRAPOLATION, AMINOPHYLLINE)",ROXITHROMYCINE,"theophylline (et, par extrapolation, aminophylline)",roxithromycine,low,APEC,"Risque d'augmentation de la théophyllinémie, particulièrement chez l'enfant.",,244
"THÉOPHYLLINE (ET, PAR EXTRAPOLATION, AMINOPHYLLINE)",STIRIPENTOL,"theophylline (et, par extrapolation, aminophylline)",stiripentol,moderate,PE,"Augmentation possible de la théophyllinémie, avec risque de surdosage, par inhibition de son métabolisme hépatique.","Surveillance clinique, dosage plasmatique et adaptation éventuelle de la posologie de théophylline.",244
"THÉOPHYLLINE (ET, PAR EXTRAPOLATION, AMINOPHYLLINE)",TIABENDAZOLE,"theophylline (et, par extrapolation, aminophylline)",tiabendazole,moderate,PE,"Augmentation de la théophyllinémie avec risque de surdosage, par diminution du métabolisme hépatique de la théophylline.","Surveillance clinique et éventuellement de la théophyllinémie ; s'il y a lieu, adaptation de la posologie de la théophylline pendant le traitement (et après son arrêt, dans le cas où l'anthelminthique est prescrit pour une durée excédant 48 heures).",244
"THÉOPHYLLINE (ET, PAR EXTRAPOLATION, AMINOPHYLLINE)",TICLOPIDINE,"theophylline (et, par extrapolation, aminophylline)",ticlopidine,moderate,PE,Augmentation de la théophyllinémie avec risque de surdosage (diminution de la clairance plasmatique de la théophylline).,"Surveillance clinique et éventuellement de la théophyllinémie ; s'il y a lieu, adaptation de la posologie de la théophylline pendant le traitement par la ticlopidine et après son arrêt.",244
THROMBOLYTIQUES,ANTIAGRÉGANTS PLAQUETTAIRES,thrombolytiques,antiagregants plaquettaires,low,APEC,Augmentation du risque hémorragique.,,244
THROMBOLYTIQUES,ANTICOAGULANTS ORAUX,thrombolytiques,anticoagulants oraux,low,APEC,Augmentation du risque hémorragique.,,244
THROMBOLYTIQUES,DÉFIBROTIDE,thrombolytiques,defibrotide,critical,CI,Risque hémorragique accru.,,244
THROMBOLYTIQUES,HÉPARINES (DOSES CURATIVES ET/OU SUJET ÂGÉ),thrombolytiques,heparines (doses curatives et/ou sujet age),low,APEC,Augmentation du risque hémorragique.,,244
TIABENDAZOLE,"THÉOPHYLLINE (ET, PAR EXTRAPOLATION, AMINOPHYLLINE)",tiabendazole,"theophylline (et, par extrapolation, aminophylline)",moderate,PE,"Augmentation de la théophyllinémie avec risque de surdosage, par diminution du métabolisme hépatique de la théophylline.","Surveillance clinique et éventuellement de la théophyllinémie ; s'il y a lieu, adaptation de la posologie de la théophylline pendant le traitement (et après son arrêt, dans le cas où l'anthelminthique est prescrit pour une durée excédant 48 heures).",244
TIAGABINE,INDUCTEURS ENZYMATIQUES PUISSANTS,tiagabine,inducteurs enzymatiques puissants,moderate,PE,Diminution des concentrations plasmatiques de la tiagabine par augmentation de son métabolisme hépatique par l'inducteur.,Une augmentation de la posologie de tiagabine peut s'avérer nécessaire en cas d'association à un anticonvulsivant inducteur enzymatique.,244
TIAGABINE,RIFAMPICINE,tiagabine,rifampicine,moderate,PE,Diminution des concentrations plasmatiques de la tiagabine par augmentation de son métabolisme hépatique.,Une augmentation de la posologie de la tiagabine peut s’avérer nécessaire en cas d’association à la rifampicine.,244
TIANEPTINE,IMAO IRRÉVERSIBLES,tianeptine,imao irreversibles,high,ASDEC,"Risque de collapsus, hypertension paroxystique, hyperthermie, convulsions, décès.",,244
TIBOLONE,ANTIVITAMINES K,tibolone,antivitamines k,moderate,PE,Augmentation de l'effet de l'antivitamine K et du risque hémorragique.,Contrôle plus fréquent de l'INR. Adaptation éventuelle de la posologie de l'antivitamine K pendant le traitement par la tibolone et après son arrêt.,245
TICAGRELOR,ACIDE ACETYLSALICYLIQUE,ticagrelor,acide acetylsalicylique,high,ASDEC;PE,Majoration du risque hémorragique par addition des activités antiagrégantes plaquettaires.,Association déconseillée : - en dehors des indications validées pour cette association dans les syndromes coronariens aigus. Précaution d'emploi : - dans les indications validées pour cette association dans les syndromes coronariens aigus. Surveillance clinique.,245
TICAGRELOR,DABIGATRAN,ticagrelor,dabigatran,low,APEC,"Augmentation des concentrations plasmatiques de dabigatran, avec majoration du risque de saignement.",,245
TICAGRELOR,DILTIAZEM,ticagrelor,diltiazem,low,APEC,Risque d’augmentation des concentrations plasmatiques de ticagrelor par diminution de son métabolisme hépatique.,,245
TICAGRELOR,INDUCTEURS ENZYMATIQUES PUISSANTS,ticagrelor,inducteurs enzymatiques puissants,high,ASDEC,"Diminution importante des concentrations plasmatiques de ticagrelor par augmentation de son métabolisme hépatique par l'inducteur enzymatique, avec risque de diminution de l’effet thérapeutique.",,245
TICAGRELOR,INHIBITEURS PUISSANTS DU CYP3A4,ticagrelor,inhibiteurs puissants du cyp3a4,critical,CI,Augmentation des concentrations plasmatiques de ticagrelor par diminution de son métabolisme hépatique par l’inhibiteur.,,245
TICAGRELOR,MILLEPERTUIS,ticagrelor,millepertuis,critical,CI,"Risque de diminution importante des concentrations plasmatiques de ticagrelor par augmentation de son métabolisme hépatique par le millepertuis, avec diminution de son effet thérapeutique.",,245
TICAGRELOR,OMBITASVIR + PARITAPRÉVIR,ticagrelor,ombitasvir + paritaprevir,critical,CI,Augmentation des concentrations plasmatiques du ticagrélor par diminution de son métabolisme hépatique par la bithérapie.,,245
TICAGRELOR,PAMPLEMOUSSE (JUS ET FRUIT),ticagrelor,pamplemousse (jus et fruit),high,ASDEC,"Doublement des concentrations plasmatiques de l'antiagrégant, avec risque de majoration des effets indésirables, notamment hémorragiques.",,245
TICAGRELOR,RIFAMPICINE,ticagrelor,rifampicine,high,ASDEC,"Diminution importante des concentrations plasmatiques de ticagrelor par augmentation de son métabolisme hépatique par la rifampicine, avec risque de diminution de l’effet thérapeutique.",,245
TICAGRELOR,VERAPAMIL,ticagrelor,verapamil,low,APEC,Risque d’augmentation des concentrations plasmatiques de ticagrelor par diminution de son métabolisme hépatique.,,245
TICLOPIDINE,ACIDE ACETYLSALICYLIQUE,ticlopidine,acide acetylsalicylique,high,ASDEC,Majoration du risque hémorragique par addition des activités antiagrégantes plaquettaires.,"Si l’association ne peut être évitée, surveillance clinique étroite.",245
TICLOPIDINE,CICLOSPORINE,ticlopidine,ciclosporine,moderate,PE,Diminution des concentrations sanguines de ciclosporine.,Augmentation de la posologie de la ciclosporine sous contrôle des concentrations sanguines. Réduction de la posologie en cas d'arrêt de la ticlopidine.,246
TICLOPIDINE,KETAMINE,ticlopidine,ketamine,low,APEC,Augmentation des concentrations plasmatiques de kétamine par diminution de son métabolisme par la ticlopidine.,,246
TICLOPIDINE,"PHÉNYTOÏNE (ET, PAR EXTRAPOLATION, FOSPHÉNYTOÏNE)",ticlopidine,"phenytoine (et, par extrapolation, fosphenytoine)",moderate,PE,Augmentation des concentrations plasmatiques de phénytoïne avec signes de surdosage (inhibition du métabolisme de la,Surveillance clinique et contrôle des concentrations plasmatiques de phénytoïne.,246
TICLOPIDINE,"THÉOPHYLLINE (ET, PAR EXTRAPOLATION, AMINOPHYLLINE)",ticlopidine,"theophylline (et, par extrapolation, aminophylline)",moderate,PE,Augmentation de la théophyllinémie avec risque de surdosage (diminution de la clairance plasmatique de la théophylline).,"Surveillance clinique et éventuellement de la théophyllinémie ; s'il y a lieu, adaptation de la posologie de la théophylline pendant le traitement par la ticlopidine et après son arrêt.",246
TIGECYCLINE,CICLOSPORINE,tigecycline,ciclosporine,moderate,PE,"Augmentation des concentrations sanguines de l’immunosuppresseur, avec risque d'effets néphrotoxiques.","Dosage des concentrations sanguines de l’immunosuppresseur, contrôle de la fonction rénale et adaptation de la posologie pendant le traitement par la tigécycline.",246
TIGECYCLINE,TACROLIMUS,tigecycline,tacrolimus,moderate,PE,"Augmentation des concentrations sanguines de l’immunosuppresseur, avec risque d'effets néphrotoxiques.","Dosage des concentrations sanguines de l’immunosuppresseur, contrôle de la fonction rénale et adaptation de la posologie pendant le traitement par la tigécycline.",246
TOLVAPTAN,AMIODARONE,tolvaptan,amiodarone,moderate,PE,"Augmentation des concentrations de tolvaptan, avec risque de majoration importante des effets indésirables, notamment diurèse importante, déshydratation, insuffisance rénale aiguë.",Réduire la posologie de tolvaptan de moitié.,246
TOLVAPTAN,DILTIAZEM,tolvaptan,diltiazem,moderate,PE,"Augmentation des concentrations de tolvaptan, avec risque de majoration importante des effets indésirables, notamment diurèse importante, déshydratation, insuffisance rénale aiguë.",Réduire la posologie de tolvaptan de moitié.,246
TOLVAPTAN,FLUCONAZOLE,tolvaptan,fluconazole,moderate,PE,"Augmentation des concentrations de tolvaptan, avec risque de majoration importante des effets indésirables, notamment diurèse importante, déshydratation, insuffisance rénale aiguë.",Réduire la posologie de tolvaptan de moitié.,246
TOLVAPTAN,INHIBITEURS PUISSANTS DU CYP3A4,tolvaptan,inhibiteurs puissants du cyp3a4,moderate,PE,"Augmentation importante (entre 2 à 5 fois en moyenne) des concentrations de tolvaptan, avec risque de majoration importante des effets indésirables, notamment diurèse importante, déshydratation, insuffisance rénale aiguë.","Réduire la posologie des deux tiers aux trois quarts, selon la dose prescrite.",246
TOLVAPTAN,PAMPLEMOUSSE (JUS ET FRUIT),tolvaptan,pamplemousse (jus et fruit),high,ASDEC,"Augmentation importante (entre 2 à 5 fois en moyenne) des concentrations de tolvaptan, avec risque de majoration importante des effets indésirables, notamment diurèse importante, déshydratation, insuffisance rénale aiguë.",,246
TOLVAPTAN,VERAPAMIL,tolvaptan,verapamil,moderate,PE,"Augmentation des concentrations de tolvaptan, avec risque de majoration importante des effets indésirables, notamment diurèse importante, déshydratation, insuffisance rénale aiguë.",Réduire la posologie de tolvaptan de moitié.,246
"TOPIQUES GASTRO-INTESTINAUX, ANTIACIDES ET ADSORBANTS",MÉDICAMENTS ADMINISTRÉS PAR VOIE ORALE,"topiques gastro-intestinaux, antiacides et adsorbants",medicaments administres par voie orale,high,ASDEC;PE,Diminution de l'absorption de certains autres médicaments ingérés simultanément.,"Prendre les topiques ou antiacides, adsorbants à distance de ces substances (plus de 2 heures, si possible).",247
"TOPIQUES GASTRO-INTESTINAUX, ANTIACIDES ET ADSORBANTS",POLYSTYRÈNE SULFONATE DE CALCIUM,"topiques gastro-intestinaux, antiacides et adsorbants",polystyrene sulfonate de calcium,moderate,PE,Risque d'alcalose métabolique chez l'insuffisant rénal,"Comme avec tout médicament oral pris avec l’un ou l’autre de ces médicaments, respecter un intervalle entre les prises (plus de 2 heures, si possible).",247
"TOPIQUES GASTRO-INTESTINAUX, ANTIACIDES ET ADSORBANTS",POLYSTYRÈNE SULFONATE DE SODIUM,"topiques gastro-intestinaux, antiacides et adsorbants",polystyrene sulfonate de sodium,moderate,PE,Risque d'alcalose métabolique chez l'insuffisant rénal.,"Comme avec tout médicament oral pris avec l’un ou l’autre de ces médicaments, respecter un intervalle entre les prises (plus de 2 heures, si possible).",247
TOPIRAMATE,CARBAMAZEPINE,topiramate,carbamazepine,moderate,PE,"Diminution des concentrations du topiramate avec risque de moindre efficacité, par augmentation de son métabolisme hépatique par la carbamazépine.","Surveillance clinique, et si besoin, adaptation posologique du topiramate pendant le traitement par la carbamazépine et après son arrêt.",247
TOPIRAMATE,ESTROPROGESTATIFS CONTRACEPTIFS,topiramate,estroprogestatifs contraceptifs,high,ASDEC,Pour des doses de topiramate >= 200 mg/jour : Risque de diminution de l’efficacité contraceptive par diminution des concentrations en estrogène.,"Si l’association s’avère nécessaire, utiliser une méthode additionnel de type mécanique pendant la durée de l’association et un cycle suivant l’arrêt du topiramate.",247
TOPIRAMATE,LITHIUM,topiramate,lithium,moderate,PE,"Pour des doses de topiramate >= 200 mg par jour : augmentation de la lithémie pouvant atteindre des valeurs toxiques, avec signes de surdosage en lithium.",Surveillance clinique et biologique. Adaptation de la posologie du lithium.,247
TOPIRAMATE,OXCARBAZEPINE,topiramate,oxcarbazepine,moderate,PE,"Risque de diminution des concentrations du topiramate avec risque de moindre efficacité, par augmentation de son métabolisme hépatique par l'oxcarbazépine.","Surveillance clinique, et si besoin, adaptation posologique du topiramate pendant le traitement par l'oxcarbazépine et après son arrêt.",247
TOPIRAMATE,"VALPROÏQUE (ACIDE) ET, PAR EXTRAPOLATION, VALPROMIDE",topiramate,"valproique (acide) et, par extrapolation, valpromide",moderate,PE,"Augmentation de l'hyperammoniémie, avec risque accru d'encéphalopathie.",Surveillance clinique et biologique régulière.,247
TOPOTECANE,TÉDIZOLIDE,topotecane,tedizolide,high,ASDEC,"Risque d’augmentation des concentrations plasmatiques du topotécan, par augmentation de son absorption avec le tédizolide administré par voie orale, ou par diminution de son élimination avec le tédizolide administré par voie IV.",,247
"TORSADOGÈNES (SAUF ARSÉNIEUX, ANTIPARASITAIRES, NEUROLEPTIQUES, MÉTHADONE...)",SUBSTANCES SUSCEPTIBLES DE DONNER DES TORSADES DE POINTES,"torsadogenes (sauf arsenieux, antiparasitaires, neuroleptiques, methadone...)",substances susceptibles de donner des torsades de pointes,critical,CI;ASDEC,"Risque majoré de troubles du rythme ventriculaire, notamment de torsades de pointes.","Contre-indication: - Pour l'érythromycine et la vincamine, seules les formes administrées par voie intraveineuse sont concernées par cette interaction. - Pour la spiramycine, la voie IV et la voie orale sont concernées. - Le citalopram, l'escitalopram, l'hydroxyzine, la dompéridone, la pipéraquinei sont contre-indiqués quel que soit le torsadogène. Association déconseillée: - avec les antiparasitaires (chloroquine, halofantrine, luméfantrine, pentamidine), les neuroleptiques, la méthadone, l'arsénieux et l'hydroxychloroquine. Si l’association ne peut être évitée, contrôle clinique et électrocardiographique régulier.",248
TRABECTÉDINE,ITRACONAZOLE,trabectedine,itraconazole,high,ASDEC,Risque d’augmentation des concentrations plasmatiques de la trabectedine par l’itraconazole.,"Si l’association est nécessaire, surveillance clinique et adaptation éventuelle de la posologie de la trabectedine pendant la durée du traitement par l’itraconazole.",248
TRAITEMENTS DE SUBSTITUTION NICOTINIQUE,MÉDICAMENTS À RISQUE LORS DU SEVRAGE TABAGIQUE,traitements de substitution nicotinique,medicaments a risque lors du sevrage tabagique,low,APEC,Risque de surdosage lors du remplacement du tabac par le traitement substitutif.,,248
TRAMADOL,ANTICOAGULANTS ORAUX,tramadol,anticoagulants oraux,low,APEC,Augmentation du risque hémorragique,Surveillance particulièrement chez le sujet âgé.,248
TRAMADOL,BUPROPION,tramadol,bupropion,high,ASDEC,Risque d’inefficacité de l’opiacé par inhibition de son métabolisme par l’inhibiteur.,,248
TRAMADOL,CINACALCET,tramadol,cinacalcet,high,ASDEC,Risque d’inefficacité de l’opiacé par inhibition de son métabolisme par l’inhibiteur.,,248
TRAMADOL,DULOXETINE,tramadol,duloxetine,high,ASDEC,Risque d’inefficacité de l’opiacé par inhibition de son métabolisme par l’inhibiteur.,,248
TRAMADOL,FLUOXETINE,tramadol,fluoxetine,high,ASDEC,Diminution de l’efficacité de l’opiacé par inhibition de son métabolisme par l’inhibiteur.,,248
TRAMADOL,IMAO IRRÉVERSIBLES,tramadol,imao irreversibles,critical,CI,"Risque d'apparition d'un syndrome sérotoninergique : diarrhée, sueurs, tremblements, confusion, voire coma.",,248
TRAMADOL,"IMAO-A RÉVERSIBLES, Y COMPRIS OXAZOLIDINONES ET BLEU DE MÉTHYLÈNE",tramadol,"imao-a reversibles, y compris oxazolidinones et bleu de methylene",high,ASDEC,"Risque d'apparition d'un syndrome sérotoninergique : diarrhée, tachycardie, sueurs, tremblements, confusion voire coma.",,248
TRAMADOL,IMAO-B,tramadol,imao-b,low,APEC,Risque d’apparition d’un syndrome sérotoninergique.,,248
TRAMADOL,INHIBITEURS SÉLECTIFS DE LA RECAPTURE DE LA SÉROTONINE,tramadol,inhibiteurs selectifs de la recapture de la serotonine,low,APEC,Risque d'apparition de convulsions et/ou d'un syndrome sérotoninergique.,,249
TRAMADOL,ONDANSETRON,tramadol,ondansetron,low,APEC,Diminution de l’intensité et de la durée de l’effet analgésique du tramadol et risque de diminution de l’effet antiémétique de l’ondansétron.,,249
TRAMADOL,PAROXETINE,tramadol,paroxetine,high,ASDEC,Diminution de l’efficacité de l’opiacé par inhibition de son métabolisme par l’inhibiteur.,,249
TRAMADOL,QUINIDINE,tramadol,quinidine,high,ASDEC,Diminution de l’efficacité de l’opiacé par inhibition de son métabolisme par l’inhibiteur.,,249
TRAMADOL,TERBINAFINE,tramadol,terbinafine,high,ASDEC,Risque d’inefficacité de l’opiacé par inhibition de son métabolisme par l’inhibiteur.,,249
TRAMADOL,VENLAFAXINE,tramadol,venlafaxine,low,APEC,Risque d'apparition de convulsions et/ou d'un syndrome sérotoninergique.,,249
TRASTUZUMAB EMTANSINE,INHIBITEURS PUISSANTS DU CYP3A4,trastuzumab emtansine,inhibiteurs puissants du cyp3a4,high,ASDEC,"Augmentation des concentrations plasmatiques du DM1, un composant du trastuzumab emtansine, par inhibition de son métabolisme par l’inhibiteur.",,249
TRÉTINOÏNE,INHIBITEURS PUISSANTS DU CYP3A4,tretinoine,inhibiteurs puissants du cyp3a4,moderate,PE,"Décrit pour les antifongiques azolés Augmentation des concentrations de trétinoïne par diminution de son métabolisme, avec risque de majoration de sa toxicité (pseudo- tumor cerebrii, hypercalcémie…)",Adaptation de la posologie de la trétinoïne pendant le traitement par l’inhibiteur et après son arrêt.,249
TRICLABENDAZOLE,DIHYDROERGOTAMINE,triclabendazole,dihydroergotamine,critical,CI,Ergotisme avec possibilité de nécrose des extrémités (inhibition du métabolisme hépatique de l’alcaloïde de l’ergot de seigle).,"Respecter un délai de 24 heures entre l’arrêt du triclabendazole et la prise du médicament dérivé de l’ergot, et inversement.",249
TRICLABENDAZOLE,ERGOTAMINE,triclabendazole,ergotamine,critical,CI,Ergotisme avec possibilité de nécrose des extrémités (inhibition du métabolisme hépatique de l’alcaloïde de l’ergot de seigle).,"Respecter un délai de 24 heures entre l’arrêt du triclabendazole et l’ergotamine, et inversement.",249
TRICLABENDAZOLE,PIMOZIDE,triclabendazole,pimozide,critical,CI,"Risque majoré de troubles du rythme ventriculaire, notamment de torsades de pointes (inhibition du métabolisme hépatique du médicament torsadogène).","Respecter un délai de 24 heures entre l’arrêt du triclabendazole et la prise du médicament torsadogène, et inversement.",249
TRICLABENDAZOLE,QUINIDINE,triclabendazole,quinidine,moderate,PE,"Risque majoré de troubles du rythme ventriculaire, notamment de torsades de pointes (inhibition du métabolisme hépatique du médicament torsadogène).",Surveillance clinique.,249
TRIENTINE,FER,trientine,fer,moderate,PE,Diminution des concentrations de fer sérique.,Prendre la trientine à distance des sels de fer.,249
TRIMETHOPRIME,CICLOSPORINE,trimethoprime,ciclosporine,low,APEC,Avec le triméthoprime (seul ou associé) par voie orale : augmentation de la créatininémie avec diminution possible des concentrations sanguines de ciclosporine. Avec le trimethoprime (seul ou associé) par voie IV : la diminution des concentrations sanguines de ciclosporine peut être très importante avec disparition possible du pouvoir immunosuppresseur.,,250
TRIMETHOPRIME,METHOTREXATE,trimethoprime,methotrexate,critical,CI;ASDEC,Augmentation de la toxicité hématologique du méthotrexate (diminution de son excrétion rénale ainsi qu'inhibition de la dihydrofolate réductase).,Contre-indication - avec le méthotrexate utilisé à doses > 20 mg/semaine Association déconseillée - Avec le méthotrexate utilisé à des doses =< 20 mg/semaine,250
TRIMETHOPRIME,PACLITAXEL,trimethoprime,paclitaxel,moderate,PE,Risque d’augmentation des concentrations plasmatiques du paclitaxel par inhibition de son métabolisme hépatique par le triméthoprime.,Surveillance clinique et biologique étroite et adaptation de la posologie du paclitaxel pendant l’association.,250
TRIMETHOPRIME,PYRIMETHAMINE,trimethoprime,pyrimethamine,moderate,PE,"Anémie mégaloblastique, plus particulièrement à fortes doses des deux produits (déficit en acide folique par l'association de deux 2-4 diaminopyrimidines).",Contrôle régulier de l'hémogramme et association d'un traitement par l'acide folique (injections IM régulières).,250
TRIMETHOPRIME,REPAGLINIDE,trimethoprime,repaglinide,high,ASDEC,Risque d’augmentation des concentrations plasmatiques de répaglinide par inhibition de son métabolisme hépatique par le triméthoprime.,"Si l’association ne peut être évitée, surveillance clinique et biologique étroite.",250
TRIMETHOPRIME,SELEXIPAG,trimethoprime,selexipag,moderate,PE,Risque d’augmentation des effets indésirables du sélexipag par diminution de son métabolisme.,Surveillance clinique étroite pendant l’association. Réduire de moitié la posologie (une seule prise par jour).,250
TRIPTANS,ALCALOÏDES DE L'ERGOT DE SEIGLE VASOCONSTRICTEURS,triptans,alcaloides de l'ergot de seigle vasoconstricteurs,critical,CI,"Risque d'hypertension artérielle, de vasoconstriction artérielle coronaire.","Respecter un délai de 6 à 24 heures, selon le triptan, entre la prise de celui-ci et celle de l'alcaloïde ergoté",250
TRIPTANS,INHIBITEURS SÉLECTIFS DE LA RECAPTURE DE LA SÉROTONINE,triptans,inhibiteurs selectifs de la recapture de la serotonine,low,APEC,Risque d'apparition d'un syndrome sérotoninergique.,,250
TRIPTANS MÉTABOLISÉS PAR LA MAO,IMAO IRRÉVERSIBLES,triptans metabolises par la mao,imao irreversibles,critical,CI,"Risque d'hypertension artérielle, de vasoconstriction artérielle coronaire.",,250
TRIPTANS MÉTABOLISÉS PAR LA MAO,"IMAO-A RÉVERSIBLES, Y COMPRIS OXAZOLIDINONES ET BLEU DE MÉTHYLÈNE",triptans metabolises par la mao,"imao-a reversibles, y compris oxazolidinones et bleu de methylene",critical,CI,"Risque d'hypertension artérielle, de vasoconstriction artérielle coronaire.",,250
TRIPTANS MÉTABOLISÉS PAR LA MAO,IMAO-B,triptans metabolises par la mao,imao-b,critical,CI,"Risque d'hypertension artérielle, de vasoconstriction artérielle coronaire.",,250
TRIPTANS NON MÉTABOLISÉS PAR LA MAO,IMAO IRRÉVERSIBLES,triptans non metabolises par la mao,imao irreversibles,high,ASDEC,"Risque d'hypertension artérielle, de vasoconstriction artérielle coronaire.",,251
TRIPTANS NON MÉTABOLISÉS PAR LA MAO,"IMAO-A RÉVERSIBLES, Y COMPRIS OXAZOLIDINONES ET BLEU DE MÉTHYLÈNE",triptans non metabolises par la mao,"imao-a reversibles, y compris oxazolidinones et bleu de methylene",high,ASDEC,"Risque d'hypertension artérielle, de vasoconstriction artérielle coronaire.",,251
TRIPTANS NON MÉTABOLISÉS PAR LA MAO,IMAO-B,triptans non metabolises par la mao,imao-b,high,ASDEC,"Risque d'hypertension artérielle, de vasoconstriction artérielle coronaire.",,251
TUCATINIB,GEMFIBROZIL,tucatinib,gemfibrozil,high,ASDEC,Augmentation importante des concentrations de tucatinib par diminution de son métabolisme par le gemfibrozil.,,251
ULIPRISTAL,ANTISÉCRÉTOIRES ANTIHISTAMINIQUES H2,ulipristal,antisecretoires antihistaminiques h2,low,APEC,"Risque de diminution de l’effet de l’ulipristal, par diminution de son absorption.",,251
ULIPRISTAL,ANTISÉCRÉTOIRES INHIBITEURS DE LA POMPE À PROTONS,ulipristal,antisecretoires inhibiteurs de la pompe a protons,low,APEC,"Risque de diminution de l’effet de l’ulipristal, par diminution de son absorption.",,251
ULIPRISTAL,CYPROTERONE,ulipristal,cyproterone,high,ASDEC;APEC,"Dans l'indication contraception d'urgence de l'ulipristal : Antagonisme des effets de l’ulipristal en cas de reprise d’un contraceptif hormonal moins de 5 jours après la prise de la contraception d’urgence. Dans l’indication fibrome de l'ulipristal : Antagonisme réciproque des effets de l’ulipristal et du progestatif, avec risque d’inefficacité.","Association déconseillée Dans l'utilisation à visée contraceptive de la cyprotérone - Dans l'indication contraception d'urgence de l'ulipristal Dans le cas où la (re)prise d’une contraception hormonale est envisagée, utiliser une contraception additionnelle de type mécanique pendant les 12 jours qui suivent la (dernière) prise de l’ulipristal (au cas où il y en aurait eu plus d’une). - Dans l’indication fibrome de l'ulipristal : Dans le cas où la (re)prise d’une contraception hormonale est envisagée, utiliser une contraception de type mécanique pendant les 7 premiers jours de la contraception hormonale. Association à prendre en compte Lorsque la cyprotérone n'est pas à visée contraceptive.",251
ULIPRISTAL,INDUCTEURS ENZYMATIQUES PUISSANTS,ulipristal,inducteurs enzymatiques puissants,high,ASDEC,"Risque de diminution de l’effet de l’ulipristal, par augmentation de son métabolisme hépatique par l’inducteur.",Préférer une alternative thérapeutique peu ou pas métabolisée.,251
ULIPRISTAL,INHIBITEURS DE PROTÉASES BOOSTÉS PAR RITONAVIR,ulipristal,inhibiteurs de proteases boostes par ritonavir,high,ASDEC,"Risque de diminution de l’effet de l’ulipristal, par augmentation de son métabolisme hépatique par le ritonavir.",Préférer une alternative thérapeutique peu ou pas métabolisée.,251
ULIPRISTAL,MILLEPERTUIS,ulipristal,millepertuis,high,ASDEC,"Risque de diminution de l’effet de l’ulipristal, par augmentation de son métabolisme hépatique par l’inducteur.",Préférer une alternative thérapeutique peu ou pas métabolisée.,251
ULIPRISTAL,PROGESTATIFS CONTRACEPTIFS,ulipristal,progestatifs contraceptifs,high,ASDEC,"Dans l'indication contraception d'urgence : Antagonisme des effets de l’ulipristal en cas de reprise d’un contraceptif hormonal moins de 5 jours après la prise de la contraception d’urgence. Dans l’indication fibrome : Antagonisme réciproque des effets de l’ulipristal et du progestatif, avec risque d’inefficacité.","- Dans l'indication contraception d'urgence: Dans le cas où la (re)prise d’une contraception hormonale est envisagée, utiliser une contraception additionnelle de type mécanique pendant les 12 jours qui suivent la (dernière) prise de l’ulipristal (au cas où il y en aurait eu plus d’une). - Dans l’indication fibrome : Dans le cas où la (re)prise d’une contraception hormonale est envisagée, utiliser une contraception de type mécanique pendant les 7 premiers jours de la contraception hormonale.",252
ULIPRISTAL,"PROGESTATIFS NON CONTRACEPTIFS, ASSOCIÉS OU NON À UN ESTROGÈNE",ulipristal,"progestatifs non contraceptifs, associes ou non a un estrogene",low,APEC,"Dans l’indication fibrome : Antagonisme réciproque des effets de l’ulipristal et du progestatif, avec risque d’inefficacité.",,252
ULIPRISTAL,RIFAMPICINE,ulipristal,rifampicine,high,ASDEC,"Risque de diminution de l’effet de l’ulipristal, par augmentation de son métabolisme hépatique par l’inducteur.",Préférer une alternative thérapeutique peu ou pas métabolisée.,252
VACCINS VIVANTS ATTÉNUÉS,ABATACEPT,vaccins vivants attenues,abatacept,high,ASDEC,"Risque de maladie vaccinale généralisée, éventuellement mortelle.",ainsi que pendant les 3 mois suivant l'arrêt du traitement.,252
VACCINS VIVANTS ATTÉNUÉS,ANTICORPS MONOCLONAUX (HORS ANTI-TNF ALPHA),vaccins vivants attenues,anticorps monoclonaux (hors anti-tnf alpha),high,ASDEC;APEC,"Risque de maladie vaccinale généralisée, éventuellement mortelle.","Association déconseillée avec : - anifrolumab, atézolizumab, bélimumab, bimékizumab, blinatumomab, canakinumab, durvalumab, guselkumab, inébilizumab, inotuzumab, ixékizumab, obinutuzumab, ocrélizumab, ofatumumab, rituximab, sacituzumab, spésolimab, tafasitamab, tézépelumab, tocilizumab, ustékinumab A prendre en compte avec : - alemtuzumab, amivantamab, brentuximab, cetuximab, daratumumab, dénosumab, ibritumomab, ipilimumab, natalizumab, nivolumab, panitumumab, pembrolizumab, ramucirumab, satralizumab, sécukinumab, siltuximab, tralokinumab, védolizumab",252
VACCINS VIVANTS ATTÉNUÉS,ANTI-TNF ALPHA,vaccins vivants attenues,anti-tnf alpha,critical,CI,Risque de maladie vaccinale généralisée éventuellement mortelle.,Et pendant les 3 mois suivant l'arrêt du traitement.,252
VACCINS VIVANTS ATTÉNUÉS,BÉLATACEPT,vaccins vivants attenues,belatacept,high,ASDEC,"Risque de maladie vaccinale généralisée, éventuellement mortelle.",,252
VACCINS VIVANTS ATTÉNUÉS,CYTOTOXIQUES,vaccins vivants attenues,cytotoxiques,critical,CI,Risque de maladie vaccinale généralisée éventuellement mortelle.,"- Et pendant les 6 mois suivant l'arrêt de la chimiothérapie. - Et, à l'exception de l'hydroxycarbamide dans son indication chez le patient drépanocytaire.",252
VACCINS VIVANTS ATTÉNUÉS,DIMÉTHYLE ( FUMARATE DE),vaccins vivants attenues,dimethyle ( fumarate de),low,APEC,Possible augmentation du risque infectieux.,,252
VACCINS VIVANTS ATTÉNUÉS,GLOBULINES ANTILYMPHOCYTAIRES,vaccins vivants attenues,globulines antilymphocytaires,low,APEC,Risque de maladie généralisée éventuellement mortelle. Ce risque est majoré chez les sujets âgés déjà immunodéprimés par la maladie sous-jacente.,"En particulier, utiliser un vaccin inactivé lorsqu'il existe (poliomyélite).",252
VACCINS VIVANTS ATTÉNUÉS,GLUCOCORTICOÏDES (SAUF HYDROCORTISONE),vaccins vivants attenues,glucocorticoides (sauf hydrocortisone),critical,CI,"A l'exception des voies inhalées et locales, et pour des posologies supérieures à 10 mg/j d’équivalent-prednisone (ou > 2 mg/kg/j chez l’enfant ou > 20 mg/j chez l’enfant de plus de 10 kg) pendant plus de deux semaines et pour les « bolus » de corticoïdes: risque de maladie vaccinale généralisée éventuellement mortelle.",Et pendant les 3 mois suivant l'arrêt de la corticothérapie.,252
VACCINS VIVANTS ATTÉNUÉS,HYDROXYCARBAMIDE,vaccins vivants attenues,hydroxycarbamide,high,ASDEC,"Dans son indication chez le patient drépanocytaire, risque théorique de maladie vaccinale généralisée.","L'association ne devra être envisagée que si les bénéfices sont estimés comme étant supérieurs à ce risque. S'il est décidé d’interrompre le traitement par hydroxycarbamide pour effectuer la vaccination, un délai de 3 mois après l’arrêt est recommandé.",253
VACCINS VIVANTS ATTÉNUÉS,IMMUNOSUPPRESSEURS,vaccins vivants attenues,immunosuppresseurs,critical,CI,Risque de maladie vaccinale généralisée éventuellement mortelle.,Et pendant les 3 mois suivant l'arrêt du traitement.,253
VACCINS VIVANTS ATTÉNUÉS,MYCOPHENOLATE MOFETIL,vaccins vivants attenues,mycophenolate mofetil,critical,CI,Risque de maladie vaccinale généralisée éventuellement mortelle.,Et pendant les 3 mois suivant l'arrêt du traitement.,253
VACCINS VIVANTS ATTÉNUÉS,MYCOPHENOLATE SODIQUE,vaccins vivants attenues,mycophenolate sodique,critical,CI,Risque de maladie vaccinale généralisée éventuellement mortelle.,Et pendant les 3 mois suivant l'arrêt du traitement.,253
VACCINS VIVANTS ATTÉNUÉS,TÉRIFLUNOMIDE,vaccins vivants attenues,teriflunomide,high,ASDEC,"Risque de maladie vaccinale généralisée, éventuellement mortelle.",,253
VALGANCICLOVIR,FLUCYTOSINE,valganciclovir,flucytosine,low,APEC,Risque de majoration de la toxicité hématologique.,,253
VALGANCICLOVIR,MARIBAVIR,valganciclovir,maribavir,critical,CI,Antagonisme de la phosporylation et donc de l'effet pharmacologique du valganciclovir par le maribavir.,,253
"VALPROÏQUE (ACIDE) ET, PAR EXTRAPOLATION, VALPROMIDE",ACETAZOLAMIDE,"valproique (acide) et, par extrapolation, valpromide",acetazolamide,moderate,PE,"Augmentation de l'hyperammoniémie, avec risque accru d'encéphalopathie.",Surveillance clinique et biologique régulière.,253
"VALPROÏQUE (ACIDE) ET, PAR EXTRAPOLATION, VALPROMIDE",AZTREONAM,"valproique (acide) et, par extrapolation, valpromide",aztreonam,moderate,PE,"Risque de survenue de crises convulsives, par diminution des concentrations plasmatiques de l'acide valproïque.","Surveillance clinique, dosages plasmatiques et adaptation éventuelle de la posologie de l'anticonvulsivant pendant le traitement par l'anti- infectieux et après son arrêt.",253
"VALPROÏQUE (ACIDE) ET, PAR EXTRAPOLATION, VALPROMIDE",CARBAMAZEPINE,"valproique (acide) et, par extrapolation, valpromide",carbamazepine,moderate,PE,"Augmentation des concentrations plasmatiques du métabolite actif de la carbamazépine avec signes de surdosage. De plus, diminution des concentrations plasmatiques d'acide valproïque par augmentation de son métabolisme hépatique par la carbamazépine.","Surveillance clinique, dosages plasmatiques et adaptation de la posologie des deux anticonvulsivants.",253
"VALPROÏQUE (ACIDE) ET, PAR EXTRAPOLATION, VALPROMIDE",FELBAMATE,"valproique (acide) et, par extrapolation, valpromide",felbamate,moderate,PE,"Augmentation des concentrations plasmatiques de l'acide valproïque, avec risque de surdosage.","Surveillance clinique, contrôle biologique et adaptation éventuelle de la posologie du valproate ou du valpromide pendant le traitement par le felbamate et après son arrêt.",253
"VALPROÏQUE (ACIDE) ET, PAR EXTRAPOLATION, VALPROMIDE",LAMOTRIGINE,"valproique (acide) et, par extrapolation, valpromide",lamotrigine,high,ASDEC,"Risque majoré de réactions cutanées graves (syndrome de Lyell). Par ailleurs, augmentation des concentrations plasmatiques de lamotrigine (diminution de son métabolisme hépatique par le valproate de sodium).","Si l'association s'avère nécessaire, surveillance clinique étroite.",253
"VALPROÏQUE (ACIDE) ET, PAR EXTRAPOLATION, VALPROMIDE",NIMODIPINE,"valproique (acide) et, par extrapolation, valpromide",nimodipine,low,APEC,"Avec la nimodipine par voie orale, et par extrapolation, par voie injectable : risque de majoration de l'effet hypotenseur de la nimodipine par augmentation de ses concentrations plasmatiques (diminution de son métabolisme par l'acide valproïque).",,253
"VALPROÏQUE (ACIDE) ET, PAR EXTRAPOLATION, VALPROMIDE",PÉNEMS,"valproique (acide) et, par extrapolation, valpromide",penems,high,ASDEC,"Risque de survenue de crises convulsives, par diminution rapide des concentrations plasmatiques de l’acide valproïque, pouvant devenir indétectables.",,254
"VALPROÏQUE (ACIDE) ET, PAR EXTRAPOLATION, VALPROMIDE","PHÉNOBARBITAL (ET, PAR EXTRAPOLATION, PRIMIDONE)","valproique (acide) et, par extrapolation, valpromide","phenobarbital (et, par extrapolation, primidone)",moderate,PE,"Augmentation de l'hyperammoniémie, avec risque accru d'encéphalopathie.",Surveillance clinique et biologique régulière.,254
"VALPROÏQUE (ACIDE) ET, PAR EXTRAPOLATION, VALPROMIDE","PHÉNYTOÏNE (ET, PAR EXTRAPOLATION, FOSPHÉNYTOÏNE)","valproique (acide) et, par extrapolation, valpromide","phenytoine (et, par extrapolation, fosphenytoine)",moderate,PE,"Augmentation de l'hyperammoniémie, avec risque accru d'encéphalopathie.",Surveillance clinique et biologique régulière.,254
"VALPROÏQUE (ACIDE) ET, PAR EXTRAPOLATION, VALPROMIDE",RIFAMPICINE,"valproique (acide) et, par extrapolation, valpromide",rifampicine,moderate,PE,"Risque de survenue de crises convulsives, par augmentation du métabolisme hépatique du valproate par la rifampicine.","Surveillance clinique et biologique, et adaptation éventuelle de la posologie de l'anticonvulsivant pendant le traitement par la rifampicine et après son arrêt.",254
"VALPROÏQUE (ACIDE) ET, PAR EXTRAPOLATION, VALPROMIDE",RUFINAMIDE,"valproique (acide) et, par extrapolation, valpromide",rufinamide,moderate,PE,"Possible augmentation des concentrations de rufinamide, notamment chez l’enfant de moins de 30 kg.",Chez l’enfant de moins de 30 kg : ne pas dépasser la dose totale de 600 mg/j après la période de titration.,254
"VALPROÏQUE (ACIDE) ET, PAR EXTRAPOLATION, VALPROMIDE",TOPIRAMATE,"valproique (acide) et, par extrapolation, valpromide",topiramate,moderate,PE,"Augmentation de l'hyperammoniémie, avec risque accru d'encéphalopathie.",Surveillance clinique et biologique régulière.,254
"VALPROÏQUE (ACIDE) ET, PAR EXTRAPOLATION, VALPROMIDE",ZIDOVUDINE,"valproique (acide) et, par extrapolation, valpromide",zidovudine,moderate,PE,"Risque d’augmentation des effets indésirables, notamment hématologiques, de la zidovudine par diminution de son métabolisme par l’acide valproïque.",Surveillance clinique et biologique régulière. Un hémogramme à la recherche d’une anémie devrait être réalisé au cours des deux premiers mois de l’association.,254
"VALPROÏQUE (ACIDE) ET, PAR EXTRAPOLATION, VALPROMIDE",ZONISAMIDE,"valproique (acide) et, par extrapolation, valpromide",zonisamide,moderate,PE,"Augmentation de l'hyperammoniémie, avec risque accru d'encéphalopathie.",Surveillance clinique et biologique régulière.,254
VANCOMYCINE,PIPÉRACILLINE/TAZOBACTAM,vancomycine,piperacilline/tazobactam,high,ASDEC,Majoration de la néphrotoxicité par comparaison à la vancomycine seule.,,254
VARDENAFIL,PAMPLEMOUSSE (JUS ET FRUIT),vardenafil,pamplemousse (jus et fruit),high,ASDEC,"Augmentation des concentrations plasmatiques du vardénafil, avec risque d’hypotension.",,254
VELPATASVIR,ANTISÉCRÉTOIRES INHIBITEURS DE LA POMPE À PROTONS,velpatasvir,antisecretoires inhibiteurs de la pompe a protons,high,ASDEC,Diminution des concentrations de velpatasvir et de sofosbuvir.,"Si l’association s’avère nécessaire, la bithérapie velpatasvir/sofosbuvir doit être prise au moment du repas, ou 4 heures avant la prise d’un IPP donné à dose minimale.",254
VELPATASVIR,EFAVIRENZ,velpatasvir,efavirenz,high,ASDEC,"Risque de diminution des concentrations de velpatasvir/sofosbuvir, avec possible retentissement sur l’efficacité.",,254
VELPATASVIR,INDUCTEURS ENZYMATIQUES PUISSANTS,velpatasvir,inducteurs enzymatiques puissants,critical,CI,"Diminution des concentrations plasmatiques de velpatasvir par l’inducteur, avec possible retentissement sur l’efficacité.",,254
VELPATASVIR,MILLEPERTUIS,velpatasvir,millepertuis,critical,CI,"Diminution des concentrations plasmatiques de velpatasvir par le millepertuis, avec possible retentissement sur l’efficacité.",,255
VELPATASVIR,OXCARBAZEPINE,velpatasvir,oxcarbazepine,high,ASDEC,"Risque de diminution des concentrations de velpatasvir/sofosbuvir, avec possible retentissement sur l’efficacité.",,255
VELPATASVIR,RIFABUTINE,velpatasvir,rifabutine,critical,CI,"Diminution des concentrations plasmatiques de velpatasvir par la rifabutine, avec possible retentissement sur l’efficacité.",,255
VELPATASVIR,RIFAMPICINE,velpatasvir,rifampicine,critical,CI,"Diminution des concentrations plasmatiques de velpatasvir par la rifampicine, avec possible retentissement sur l’efficacité.",,255
VELPATASVIR,ROSUVASTATINE,velpatasvir,rosuvastatine,moderate,PE,Augmentation des concentrations plasmatiques de rosuvastatine par augmentation de son absorption intestinale par le velpatasvir.,"En cas d’association, ne pas dépasser 10 mg par jour de rosuvastatine.",255
VÉMURAFÉNIB,BUPROPION,vemurafenib,bupropion,low,APEC,"Risque de diminution des concentrations du bupropion, avec augmentation de son métabolite actif et toxicité majorée.",,255
VÉMURAFÉNIB,ESTROPROGESTATIFS CONTRACEPTIFS,vemurafenib,estroprogestatifs contraceptifs,high,ASDEC,"Risque de diminution des concentrations des estroprogestatifs, avec pour conséquence un risque d’inefficacité.",,255
VÉMURAFÉNIB,IFOSFAMIDE,vemurafenib,ifosfamide,low,APEC,"Risque de diminution des concentrations de l'ifosfamide, avec augmentation de son métabolite actif et toxicité majorée.",,255
VÉMURAFÉNIB,IMMUNOSUPPRESSEURS,vemurafenib,immunosuppresseurs,high,ASDEC,"Risque de diminution des concentrations des immunosuppresseurs, avec pour conséquence un risque d’inefficacité.",,255
VÉMURAFÉNIB,INDUCTEURS ENZYMATIQUES,vemurafenib,inducteurs enzymatiques,high,ASDEC,"Risque de diminution des concentrations du vémurafénib, avec moindre efficacité.",,255
VÉMURAFÉNIB,THEOPHYLLINE,vemurafenib,theophylline,moderate,PE,"Augmentation importante des concentrations de théophylline, avec risques de majoration de ses effets indésirables.",Surveillance clinique et adaptation de la posologie de la théophylline pendant le traitement par vémurafénib et après son arrêt.,255
VÉNÉTOCLAX,AMIODARONE,venetoclax,amiodarone,moderate,PE,Risque d’augmentation des effets indésirables du vénétoclax par diminution de son métabolisme hépatique.,"Surveillance clinique et biologique régulière, notamment hématologique, et adaptation de la posologie du vénétoclax.",255
VÉNÉTOCLAX,DILTIAZEM,venetoclax,diltiazem,moderate,PE,Risque d’augmentation des effets indésirables du vénétoclax par diminution de son métabolisme hépatique.,"Surveillance clinique et biologique régulière, notamment hématologique, et adaptation de la posologie du vénétoclax.",255
VÉNÉTOCLAX,INDUCTEURS ENZYMATIQUES,venetoclax,inducteurs enzymatiques,high,ASDEC,"Diminution importante des concentrations de vénétoclax, avec risque de perte d’efficacité.",,255
VÉNÉTOCLAX,INHIBITEURS PUISSANTS DU CYP3A4,venetoclax,inhibiteurs puissants du cyp3a4,critical,CI;PE,"Augmentation très importante des concentrations de vénétoclax par diminution de son métabolisme hépatique, avec risque de majoration de la toxicité, notamment hématologique.",Contre-indication : - pendant la phase de titration. Précaution d'emploi: - réduction de posologie de 75% en phase de stabilisation.,256
VÉNÉTOCLAX,MILLEPERTUIS,venetoclax,millepertuis,critical,CI,"Diminution importante des concentrations de vénétoclax, avec risque de perte d’efficacité.",,256
VÉNÉTOCLAX,PAMPLEMOUSSE (JUS ET FRUIT),venetoclax,pamplemousse (jus et fruit),high,ASDEC,"Augmentation des concentrations de vénétoclax, avec risque de majoration des effets indésirables.",,256
VÉNÉTOCLAX,VERAPAMIL,venetoclax,verapamil,moderate,PE,Risque d’augmentation des effets indésirables du vénétoclax par diminution de son métabolisme hépatique.,"Surveillance clinique et biologique régulière, notamment hématologique, et adaptation de la posologie du vénétoclax.",256
VENLAFAXINE,CLARITHROMYCINE,venlafaxine,clarithromycine,low,APEC,Augmentation des concentrations de venlafaxine avec risque de surdosage.,,256
VENLAFAXINE,ERYTHROMYCINE,venlafaxine,erythromycine,low,APEC,Augmentation des concentrations de venlafaxine avec risque de surdosage.,,256
VENLAFAXINE,INHIBITEURS DE PROTÉASES BOOSTÉS PAR RITONAVIR,venlafaxine,inhibiteurs de proteases boostes par ritonavir,low,APEC,Augmentation des concentrations de venlafaxine avec risque de surdosage.,,256
VENLAFAXINE,ITRACONAZOLE,venlafaxine,itraconazole,low,APEC,Augmentation des concentrations de venlafaxine avec risque de surdosage.,,256
VENLAFAXINE,KETOCONAZOLE,venlafaxine,ketoconazole,low,APEC,Augmentation des concentrations de venlafaxine avec risque de surdosage.,,256
VENLAFAXINE,TELITHROMYCINE,venlafaxine,telithromycine,low,APEC,Augmentation des concentrations de venlafaxine avec risque de surdosage.,,256
VENLAFAXINE,TRAMADOL,venlafaxine,tramadol,low,APEC,Risque d'apparition de convulsions et/ou d'un syndrome sérotoninergique.,,256
VENLAFAXINE,VORICONAZOLE,venlafaxine,voriconazole,low,APEC,Augmentation des concentrations de venlafaxine avec risque de surdosage.,,256
VERAPAMIL,AFATINIB,verapamil,afatinib,moderate,PE,Augmentation des concentrations plasmatique d’afatinib par augmentation de son absorption par le vérapamil.,"Il est recommandé d’administrer le vérapamil le plus à distance possible de l’afatinib, en respectant de préférence un intervalle de 6 heures ou de 12 heures par rapport à la prise d’afatinib.",256
VERAPAMIL,AMIODARONE,verapamil,amiodarone,high,ASDEC;PE,"Pour vérapamil voie injectable : -risque de bradycardie ou de bloc auriculo-ventriculaire. Pour vérapamil per os : -risque de bradycardie ou de bloc auriculo-ventriculaire, notamment chez les personnes âgées.","Association déconseillée avec : - le vérapamil IV Si l'association ne peut être évitée, surveillance clinique et ECG continu. Précaution d'emploi avec : - le vérapamil per os Surveillance clinique et ECG.",257
VERAPAMIL,ANTIHYPERTENSEURS CENTRAUX,verapamil,antihypertenseurs centraux,low,APEC,Troubles de l'automatisme (troubles de la conduction auriculo- ventriculaire par addition des effets négatifs sur la conduction).,,257
VERAPAMIL,ATORVASTATINE,verapamil,atorvastatine,moderate,PE,"Risque majoré d'effets indésirables (concentration-dépendants) à type de rhabdomyolyse, par diminution du métabolisme hépatique de l'hypocholestérolémiant.","Utiliser des doses plus faibles d'hypocholestérolémiant. Si l'objectif thérapeutique n'est pas atteint, utiliser une autre statine non concernée par ce type d'interaction.",257
VERAPAMIL,BÊTA-BLOQUANTS (SAUF ESMOLOL) (Y COMPRIS COLLYRES),verapamil,beta-bloquants (sauf esmolol) (y compris collyres),high,ASDEC,"Troubles de l'automatisme (bradycardie excessive, arrêt sinusal), trouble de la conduction sino-auriculaire et auriculo-ventriculaire et défaillance cardiaque.","Une telle association ne doit se faire que sous surveillance clinique et ECG étroite, en particulier chez le sujet âgé ou en début de traitement.",257
VERAPAMIL,BÊTA-BLOQUANTS DANS L'INSUFFISANCE CARDIAQUE,verapamil,beta-bloquants dans l'insuffisance cardiaque,high,ASDEC,"Effet inotrope négatif avec risque de décompensation de l’insuffisance cardiaque, troubles de l'automatisme (bradycardie, arrêt sinusal) et troubles de la conduction sino-auriculaire et auriculo-ventriculaire.",,257
VERAPAMIL,BUSPIRONE,verapamil,buspirone,moderate,PE,"Augmentation des concentrations plasmatiques de la buspirone par diminution de son métabolisme hépatique par le vérapamil, avec augmentation de ses effets indésirables.",Surveillance clinique et adaptation de la posologie de la buspirone si nécessaire.,257
VERAPAMIL,CARBAMAZEPINE,verapamil,carbamazepine,moderate,PE,"Augmentation des concentrations de carbamazépine et de sa neurotoxicité par inhibition de son métabolisme par le vérapamil. De plus, diminution des concentrations du vérapamil par augmentation de son métabolisme par la carbamazépine.",Surveillance clinique et adaptation éventuelle des posologies des deux médicaments.,257
VERAPAMIL,CICLOSPORINE,verapamil,ciclosporine,moderate,PE,"Augmentation des concentrations sanguines de la ciclosporine (diminution de son métabolisme hépatique), et majoration du risque de gingivopathies.","Dosage des concentrations sanguines de la ciclosporine, contrôle de la fonction rénale et adaptation de la posologie pendant l’association et après son arrêt.",257
VERAPAMIL,COLCHICINE,verapamil,colchicine,high,ASDEC,"Risque de majoration des effets indésirables de la colchicine, par augmentation de ses concentrations plasmatiques par le vérapamil.",,257
VERAPAMIL,DABIGATRAN,verapamil,dabigatran,moderate,PE,"Augmentation des concentrations plasmatiques de dabigatran, avec majoration du risque de saignement.","Dans l'indication post-chirurgicale : surveillance clinique et adaptation de la posologie du dabigatran à 150 mg/j en une prise, voire 75 mg/j en cas d'insuffisance rénale modérée. Dans l'indication fibrillation auriculaire : surveillance clinique et adaptation de la posologie du dabigatran à 220 mg/j en deux prises.",257
VERAPAMIL,DANTROLENE,verapamil,dantrolene,critical,CI,"Avec le dantrolène administré par perfusion : chez l'animal, des cas de fibrillations ventriculaires mortelles sont constamment observés lors de l'administration de vérapamil et de dantrolène par voie IV. L'association d'un antagoniste du calcium et de dantrolène est donc potentiellement dangereuse. Cependant, quelques patients ont reçu l'association nifédipine et dantrolène sans inconvénient.",,257
VERAPAMIL,DIGOXINE,verapamil,digoxine,moderate,PE,Bradycardie excessive et bloc auriculo-ventriculaire par majoration des effets de la digoxine sur l'automatisme et la conduction et par diminution de l'élimination rénale et extrarénale de la digoxine.,"Surveillance clinique, ECG et, éventuellement, contrôle de la digoxinémie. S'il y a lieu, adaptation de la posologie de la digoxine pendant le traitement par le vérapamil et après son arrêt.",257
VERAPAMIL,DOXORUBICINE,verapamil,doxorubicine,low,APEC,Risque de majoration de la toxicité de la doxorubicine par augmentation de ses concentrations plasmatiques.,,257
VERAPAMIL,DRONEDARONE,verapamil,dronedarone,moderate,PE,"Risque de bradycardie ou de bloc auriculo-ventriculaire, notamment chez le sujet âgé. Par ailleurs, légère augmentation des concentrations de dronédarone par diminution de son métabolisme par l’antagoniste des canaux calciques.","Débuter le traitement par l’antagoniste calcique aux posologies minimales recommandées, et ajuster les doses en fonction de l’ECG.",258
VERAPAMIL,ERYTHROMYCINE,verapamil,erythromycine,moderate,PE,"Bradycardie et/ou troubles de la conduction auriculo-ventriculaire, par diminution du métabolisme hépatique du vérapamil par l'érythromycine.","Surveillance clinique et ECG ; s'il y a lieu, adaptation de la posologie du vérapamil pendant le traitement par l'érythromycine et après son arrêt.",258
VERAPAMIL,ESMOLOL,verapamil,esmolol,high,ASDEC;PE,"Troubles de l'automatisme (bradycardie excessive, arrêt sinusal), troubles de la conduction sino-auriculaire et auriculo-ventriculaire et défaillance cardiaque.",Association déconseillée : - en cas d'altération de la fonction ventriculaire gauche. Précaution d'emploi : - si la fonction ventriculaire gauche est normale. Surveillance clinique et ECG.,258
VERAPAMIL,EVEROLIMUS,verapamil,everolimus,moderate,PE,Augmentation des concentrations sanguines de l'évérolimus par diminution de son métabolisme hépatique par le vérapamil.,"Dosage des concentrations sanguines de l’immunosuppresseur, contrôle de la fonction rénale et adaptation de la posologie pendant l’association et après son arrêt.",258
VERAPAMIL,FIDAXOMICINE,verapamil,fidaxomicine,high,ASDEC,Augmentation des concentrations plasmatiques de la fidaxomicine.,,258
VERAPAMIL,IBRUTINIB,verapamil,ibrutinib,high,ASDEC,Risque d’augmentation des concentrations plasmatiques d’ibrutinib par diminution de son métabolisme hépatique par le vérapamil.,"Si l’association ne peut être évitée, surveillance clinique étroite et réduction de la dose d’ibrutinib à 280 mg par jour pendant la durée de l’association.",258
VERAPAMIL,INHIBITEURS PUISSANTS DU CYP3A4,verapamil,inhibiteurs puissants du cyp3a4,moderate,PE,"Bradycardie et/ou troubles de la conduction auriculo-ventriculaire, par diminution du métabolisme hépatique du vérapamil par l’inhibiteur.","Surveillance clinique et ECG. S’il y a lieu, adaptation de la posologie du vérapamil pendant le traitement par l’inhibiteur, et après son arrêt, le cas échéant.",258
VERAPAMIL,IVABRADINE,verapamil,ivabradine,critical,CI,"Augmentation des concentrations plasmatiques de l’ivabradine et de ses effets indésirables, notamment cardiaques (augmentation de son absorption et inhibition de son métabolisme hépatique par le vérapamil), qui s’ajoutent aux effets bradycardisants de ces deux médicaments.",,258
VERAPAMIL,MIDAZOLAM,verapamil,midazolam,moderate,PE,Augmentation des concentrations plasmatiques de midazolam (diminution de son métabolisme hépatique avec majoration de la sédation).,Surveillance clinique et réduction de la posologie de midazolam pendant le traitement par le vérapamil.,258
VERAPAMIL,MILLEPERTUIS,verapamil,millepertuis,critical,CI,"Réduction importante des concentrations de vérapamil, avec risque de perte de son effet thérapeutique.",,258
VERAPAMIL,NALOXEGOL,verapamil,naloxegol,moderate,PE,Augmentation des concentrations plasmatiques de naloxegol par le vérapamil.,Adaptation posologique pendant l’association.,258
VERAPAMIL,NINTÉDANIB,verapamil,nintedanib,moderate,PE,Augmentation des concentrations plasmatiques du nintédanib par augmentation de son absorption par le vérapamil.,Surveillance clinique pendant l’association.,258
VERAPAMIL,OLAPARIB,verapamil,olaparib,high,ASDEC,Augmentation des concentrations plasmatiques d’olaparib par le vérapamil.,"Si l’association ne peut être évitée, limiter la dose d’olaparib à 200 mg deux fois par jour.",258
VERAPAMIL,PAMPLEMOUSSE (JUS ET FRUIT),verapamil,pamplemousse (jus et fruit),low,APEC,"Augmentation des concentrations plasmatiques de vérapamil, avec risque de survenue d’effets indésirables.",,258
VERAPAMIL,PIMOZIDE,verapamil,pimozide,critical,CI,"Risque majoré de troubles du rythme ventriculaires, notamment, de torsades de pointes.",,259
VERAPAMIL,QUINIDINE,verapamil,quinidine,high,ASDEC,"Risque de majoration importante des effets hémodynamiques du vérapamil, avec hypotension et bradycardie sévères.",,259
VERAPAMIL,SIMVASTATINE,verapamil,simvastatine,moderate,PE,Risque majoré d’effets indésirables (dose-dépendants) à type de rhabdomyolyse (diminution du métabolisme hépatique de l’hypocholestérolémiant).,Ne pas dépasser la posologie de 20 mg/j de simvastatine ou utiliser une autre statine non concernée par ce type d’interaction.,259
VERAPAMIL,SIROLIMUS,verapamil,sirolimus,moderate,PE,Augmentation des concentrations sanguines du sirolimus (diminution de son métabolisme hépatique par le vérapamil).,"Dosage des concentrations sanguines de l’immunosuppresseur, contrôle de la fonction rénale et adaptation de la posologie pendant l’association et après son arrêt.",259
VERAPAMIL,TACROLIMUS,verapamil,tacrolimus,moderate,PE,Augmentation des concentrations sanguines du tacrolimus (diminution de son métabolisme hépatique par le verapamil).,"Dosage des concentrations sanguines de l’immunosuppresseur, contrôle de la fonction rénale et adaptation de la posologie pendant l’association et après son arrêt.",259
VERAPAMIL,TALAZOPARIB,verapamil,talazoparib,moderate,PE,Augmentation des concentrations de talazoparib avec risque de majoration de la toxicité.,Réduire la dose de talazoparib.,259
VERAPAMIL,TAMSULOSINE,verapamil,tamsulosine,moderate,PE,"Risque de majoration des effets indésirables de la tamsulosine, par inhibition de son métabolisme hépatique.","Surveillance clinique et adaptation de la posologie de la tamsulosine pensant le traitement par l’inhibiteur enzymatique et après son arrêt, le cas échéant.",259
VERAPAMIL,TÉNOFOVIR ALAFÉNAMIDE,verapamil,tenofovir alafenamide,moderate,PE,Augmentation des concentrations plasmatiques du ténofovir alafénamide par augmentation de son absorption.,"En cas de co-administration avec le vérapamil, la dose de ténofovir alafénamide doit être limitée à 10 mg par jour.",259
VERAPAMIL,TICAGRELOR,verapamil,ticagrelor,low,APEC,Risque d’augmentation des concentrations plasmatiques de ticagrelor par diminution de son métabolisme hépatique.,,259
VERAPAMIL,TOLVAPTAN,verapamil,tolvaptan,moderate,PE,"Augmentation des concentrations de tolvaptan, avec risque de majoration importante des effets indésirables, notamment diurèse importante, déshydratation, insuffisance rénale aiguë.",Réduire la posologie de tolvaptan de moitié.,259
VERAPAMIL,VÉNÉTOCLAX,verapamil,venetoclax,moderate,PE,Risque d’augmentation des effets indésirables du vénétoclax par diminution de son métabolisme hépatique.,"Surveillance clinique et biologique régulière, notamment hématologique, et adaptation de la posologie du vénétoclax.",259
VIDARABINE,ALLOPURINOL,vidarabine,allopurinol,high,ASDEC,"Risque accru de troubles neurologiques (tremblements, confusion) par inhibition partielle du métabolisme de l'antiviral.",,259
VINCA-ALCALOÏDES CYTOTOXIQUES,FLUCONAZOLE,vinca-alcaloides cytotoxiques,fluconazole,moderate,PE,Risque de majoration de la toxicité de l’antimitotique par diminution de son métabolisme hépatique par le fluconazole.,Surveillance clinique et biologique étroite pendant l’association.,259
VINCA-ALCALOÏDES CYTOTOXIQUES,INDUCTEURS ENZYMATIQUES,vinca-alcaloides cytotoxiques,inducteurs enzymatiques,high,ASDEC,"Diminution des concentrations plasmatiques du vinca-alcaloïde par l’inducteur, avec possible retentissement sur l’efficacité..",,259
VINCA-ALCALOÏDES CYTOTOXIQUES,INHIBITEURS PUISSANTS DU CYP3A4,vinca-alcaloides cytotoxiques,inhibiteurs puissants du cyp3a4,high,ASDEC,Risque de majoration de la toxicité de l'antimitotique par diminution de son métabolisme hépatique par l’inhibiteur.,"Si l’association ne peut être évitée, surveillance clinique et biologique étroite.",260
VINCA-ALCALOÏDES CYTOTOXIQUES,MILLEPERTUIS,vinca-alcaloides cytotoxiques,millepertuis,critical,CI,Risque de moindre efficacité du cytotoxique par augmentation de son métabolisme par le millepertuis.,,260
VINCA-ALCALOÏDES CYTOTOXIQUES,MITOMYCINE C,vinca-alcaloides cytotoxiques,mitomycine c,low,APEC,Risque de majoration de la toxicité pulmonaire de la mitomycine et des vinca-alcaloïdes.,,260
VISMODÉGIB,INDUCTEURS ENZYMATIQUES,vismodegib,inducteurs enzymatiques,high,ASDEC,Risque de diminution des concentrations plasmatiques de vismodegib par augmentation de son métabolisme hépatique par l’inducteur.,,260
VISMODÉGIB,MILLEPERTUIS,vismodegib,millepertuis,critical,CI,Risque de diminution des concentrations plasmatiques de vismodégib.,,260
VITAMINE A,CYCLINES,vitamine a,cyclines,critical,CI,"En cas d'apport de 10,000 UI/j et plus : risque d’hypertension intracrânienne.",,260
VITAMINE A,RÉTINOÏDES,vitamine a,retinoides,critical,CI,Risque de symptômes évocateurs d’une hypervitaminose A.,,260
VITAMINE D,INDUCTEURS ENZYMATIQUES PUISSANTS,vitamine d,inducteurs enzymatiques puissants,moderate,PE,Diminution des concentrations de vitamine D plus marquée qu’en l’absence d'inducteur.,Dosage des concentrations de vitamine D et supplémentation si nécessaire.,260
VITAMINE D,ORLISTAT,vitamine d,orlistat,low,APEC,Diminution de l'absorption de la vitamine D.,,260
VITAMINE D,RIFAMPICINE,vitamine d,rifampicine,moderate,PE,Diminution des concentrations de vitamine D plus marquée qu’en l’absence de traitement par la rifampicine,Dosage des concentrations de vitamine D et supplémentation si nécessaire.,260
VORICONAZOLE,AMIODARONE,voriconazole,amiodarone,moderate,PE,"Risque majoré de troubles du rythme ventriculaire, notamment de torsades de pointes, par possible diminution du métabolisme de l’amiodarone.","Surveillance clinique et ECG, et adaptation éventuelle de la posologie de l’amiodarone.",260
VORICONAZOLE,ANTIVITAMINES K,voriconazole,antivitamines k,moderate,PE,Augmentation de l'effet de l'antivitamine K et du risque hémorragique par diminution de son métabolisme hépatique.,Contrôle plus fréquent de l'INR. Adaptation éventuelle de la posologie de l'antivitamine K pendant le traitement par voriconazole et 8 jours après son arrêt.,260
VORICONAZOLE,EFAVIRENZ,voriconazole,efavirenz,high,ASDEC,Risque de baisse de l'efficacité du voriconazole par augmentation de son métabolisme hépatique par l'efavirenz.,"Si l'association ne peut être évitée, surveillance clinique étroite et adaptation de la posologie du voriconazole et de l'éfavirenz pendant l'association.",260
VORICONAZOLE,FLUCLOXACILLINE,voriconazole,flucloxacilline,high,ASDEC,"Diminution des concentrations de voriconazole, avec risque d'inefficacité de l'antifongique azolé.",,261
VORICONAZOLE,GLIPIZIDE,voriconazole,glipizide,moderate,PE,Risque d’augmentation des concentrations plasmatiques du glipizide à l’origine d’hypoglycémies potentiellement sévères.,"Prévenir le patient, renforcer l'autosurveillance glycémique et adapter éventuellement la posologie du sulfamide pendant et après le traitement par voriconazole.",261
VORICONAZOLE,IMMUNOSUPPRESSEURS,voriconazole,immunosuppresseurs,high,ASDEC;PE,Augmentation des concentrations sanguines de l'immunosuppresseur par inhibition de son métabolisme hépatique par le voriconazole.,"Association déconseillée - avec l'évérolimus, le sirolimus, et le temsirolimus. Précaution d'emploi - avec la ciclosporine et le tacrolimus : dosage des concentrations sanguines de l'immunosuppresseur, contrôle de la fonction rénale et adaptation de la posologie pendant l'association et après son arrêt.",261
VORICONAZOLE,INDUCTEURS ENZYMATIQUES PUISSANTS,voriconazole,inducteurs enzymatiques puissants,critical,CI;ASDEC,"- pour carbamazépine, phénobarbital, primidone : Risque de baisse de l'efficacité du voriconazole par augmentation de son métabolisme hépatique par l'inducteur. - pour phénytoïne, fosphénytoïne : Diminution importante des concentrations plasmatiques du voriconazole avec risque de perte d'efficacité, par augmentation de son métabolisme hépatique par la phénytoïne, d'une part, et augmentation des concentrations plasmatiques de la phénytoïne par diminution de son métabolisme hépatique par le voriconazole, d'autre part.","Contre-indication : - pour carbamazépine, phénobarbital, primidone Association déconseillée : - pour apalutamide, enzalutamide - pour phénytoïne, fosphénytoïne Si l'association ne peut être évitée, surveillance clinique étroite, dosage des concentrations plasmatiques de phénytoïne et adaptation éventuelle des posologies pendant l'association et après l'arrêt du voriconazole.",261
VORICONAZOLE,INHIBITEURS DE PROTÉASES BOOSTÉS PAR RITONAVIR,voriconazole,inhibiteurs de proteases boostes par ritonavir,high,ASDEC,"Baisse très importante des concentrations de l’antifongique par augmentation de son métabolisme par le ritonavir, avec risque d’échec du traitement.",,261
VORICONAZOLE,LÉTERMOVIR,voriconazole,letermovir,high,ASDEC,Diminution de plus de la moitié de l’exposition du voriconazole.,"Si l’association s’avère nécessaire, surveillance clinique étroite, notamment les deux premières semaines après l’instauration ou l’arrêt du traitement par létermovir.",261
VORICONAZOLE,METHADONE,voriconazole,methadone,moderate,PE,"Augmentation des concentrations plasmatiques de méthadone avec surdosage et risque majoré d’allongement de l’intervalle QT et de troubles du rythme ventriculaire, notamment de torsades de pointes.","Surveillance clinique et électrocardiographique renforcée ; si besoin, adaptation de la posologie de la méthadone pendant le traitement par le voriconazole et après son arrêt.",261
VORICONAZOLE,MILLEPERTUIS,voriconazole,millepertuis,critical,CI,"Réduction importante des concentrations de voriconazole, avec risque de perte de son effet thérapeutique.",,261
VORICONAZOLE,NEVIRAPINE,voriconazole,nevirapine,high,ASDEC,Risque de baisse de l'efficacité du voriconazole par augmentation de son métabolisme hépatique par la névirapine.,"Si l'association ne peut être évitée, surveillance clinique étroite et adaptation éventuelle de la posologie du voriconazole pendant l'association.",261
VORICONAZOLE,QUINIDINE,voriconazole,quinidine,critical,CI,"Risque majoré de troubles du rythme ventriculaire, notamment de torsades de pointes.",,261
VORICONAZOLE,RIFABUTINE,voriconazole,rifabutine,high,ASDEC,"Diminution des concentrations plasmatiques du voriconazole avec risque de perte d'efficacité, par augmentation de son métabolisme hépatique par la rifabutine d'une part, et risque d'augmentation des effets indésirables (uvéites) de la rifabutine d'autre part.","Si l'association est jugée néccessaire, surveillance clinique et adaptation de la posologie du voriconazole (en général doublée) pendant le traitement par la rifabutine.",261
VORICONAZOLE,RIFAMPICINE,voriconazole,rifampicine,critical,CI,"Diminution importante des concentrations plasmatiques du voriconazole avec risque de perte d'efficacité, par augmentation de son métabolisme hépatique par la rifampicine.",,261
VORICONAZOLE,VENLAFAXINE,voriconazole,venlafaxine,low,APEC,Augmentation des concentrations de venlafaxine avec risque de surdosage.,,262
VOXELOTOR,INDUCTEURS ENZYMATIQUES PUISSANTS,voxelotor,inducteurs enzymatiques puissants,high,ASDEC,"Diminution notable des concentrations plasmatiques du voxelotor, avec risque de moindre efficacité.",,262
VOXELOTOR,RIFAMPICINE,voxelotor,rifampicine,high,ASDEC,"Diminution notable des concentrations plasmatiques du voxelotor, avec risque de moindre efficacité.",,262
YOHIMBINE,ANTIHYPERTENSEURS CENTRAUX,yohimbine,antihypertenseurs centraux,high,ASDEC,Inhibition possible de l'activité antihypertensive par antagonisme au niveau des récepteurs.,,262
ZIDOVUDINE,AMPHOTERICINE B,zidovudine,amphotericine b,moderate,PE,Avec l'amphotéricine B administrée par voie IV : augmentation de la toxicité hématologique (addition d'effets de toxicité médullaire).,Contrôle plus fréquent de l'hémogramme.,262
ZIDOVUDINE,DAPSONE,zidovudine,dapsone,moderate,PE,Augmentation de la toxicité hématologique (addition d'effets de toxicité médullaire).,Contrôle plus fréquent de l'hémogramme.,262
ZIDOVUDINE,FLUCYTOSINE,zidovudine,flucytosine,moderate,PE,Augmentation de la toxicité hématologique (addition d'effets de toxicité médullaire).,Contrôle plus fréquent de l'hémogramme.,262
ZIDOVUDINE,GANCICLOVIR,zidovudine,ganciclovir,moderate,PE,Augmentation de la toxicité hématologique (addition d'effets de toxicité médullaire).,"Arrêter de façon transitoire la zidovudine ; contrôler la NFS et réintroduire, si possible, la zidovudine à doses faibles.",262
ZIDOVUDINE,RIBAVIRINE,zidovudine,ribavirine,moderate,PE,"Risque de diminution de l'efficacité de chaque antiviral, par antagonisme compétitif de la réaction de phosphorylation à l'origine des métabolites actifs.","Surveillance clinique et biologique régulière, notamment en début d'association.",262
ZIDOVUDINE,RIFAMPICINE,zidovudine,rifampicine,high,ASDEC,Diminution de moitié des concentrations de la zidovudine par augmentation de son métabolisme par la rifampicine.,"Si l'association s'avère nécessaire, surveillance clinique et biologique renforcée.",262
ZIDOVUDINE,STAVUDINE,zidovudine,stavudine,high,ASDEC,Risque de diminution de l'efficacité de chaque antiviral par antagoniste compétitif de la réaction de phosphorylation à l'origine des métabolites actifs.,,262
ZIDOVUDINE,"VALPROÏQUE (ACIDE) ET, PAR EXTRAPOLATION, VALPROMIDE",zidovudine,"valproique (acide) et, par extrapolation, valpromide",moderate,PE,"Risque d’augmentation des effets indésirables, notamment hématologiques, de la zidovudine par diminution de son métabolisme par l’acide valproïque.",Surveillance clinique et biologique régulière. Un hémogramme à la recherche d’une anémie devrait être réalisé au cours des deux premiers mois de l’association.,262
ZINC,CALCIUM,zinc,calcium,moderate,PE,Diminution de l’absorption digestive du zinc par le calcium.,Prendre les sels de calcium à distance du zinc (plus de 2 heures si possible).,262
ZINC,CYCLINES,zinc,cyclines,moderate,PE,Diminution de l'absorption digestive des cyclines.,Prendre les sels de zinc à distance des cyclines (plus de 2 heures si possible).,263
ZINC,FER,zinc,fer,moderate,PE,Diminution de l’absorption digestive du zinc par le fer.,Prendre les sels de fer à distance du zinc (plus de 2 heures si possible).,263
ZINC,FLUOROQUINOLONES,zinc,fluoroquinolones,moderate,PE,Diminution de l'absorption digestive des fluoroquinolones.,"Prendre les sels de zinc à distance des fluoroquinolones (plus de 2 heures, si possible).",263
ZINC,INHIBITEURS D'INTÉGRASE,zinc,inhibiteurs d'integrase,moderate,PE,"Risque de diminution de l'absorption digestive des inhibiteurs d’intégrase, par chélation par le cation divalent.","Prendre les sels de zinc à distance de l’antirétroviral (plus de 2 heures, si possible).",263
ZINC,STRONTIUM,zinc,strontium,moderate,PE,Diminution de l'absorption digestive du strontium.,"Prendre le strontium à distance des sels de zinc (plus de deux heures, si possible).",263
ZOLPIDEM,INHIBITEURS PUISSANTS DU CYP3A4,zolpidem,inhibiteurs puissants du cyp3a4,low,APEC,Légère augmentation de l'effet sédatif du zolpidem.,,263
ZOLPIDEM,RIFAMPICINE,zolpidem,rifampicine,moderate,PE,Diminution des concentrations plasmatiques et de l'efficacité du zolpidem par augmentation de son métabolisme hépatique par la rifampicine.,Surveillance clinique. Utiliser éventuellement un autre hypnotique.,263
ZONISAMIDE,"VALPROÏQUE (ACIDE) ET, PAR EXTRAPOLATION, VALPROMIDE",zonisamide,"valproique (acide) et, par extrapolation, valpromide",moderate,PE,"Augmentation de l'hyperammoniémie, avec risque accru d'encéphalopathie.",Surveillance clinique et biologique régulière.,263
ZOPICLONE,INHIBITEURS PUISSANTS DU CYP3A4,zopiclone,inhibiteurs puissants du cyp3a4,low,APEC,Légère augmentation de l'effet sédatif de la zopiclone.,,263
ZOPICLONE,RIFAMPICINE,zopiclone,rifampicine,moderate,PE,Diminution des concentrations plasmatiques et de l'efficacité de la zopiclone par augmentation de son métabolisme hépatique par la rifampicine.,Surveillance clinique. Utiliser éventuellement un autre hypnotique.,263
